,0
2005-01-07,-0.7457
2005-01-14,-0.7164
2005-01-21,-0.7276
2005-01-28,-0.7986
2005-02-04,-0.895
2005-02-11,-0.8563
2005-02-18,-0.9603
2005-02-25,-0.9719
2005-03-04,-0.9441
2005-03-11,-0.9596
2005-03-18,-0.7993
2005-03-25,-0.7476
2005-04-01,-0.7218
2005-04-08,-0.7382
2005-04-15,-0.6912
2005-04-22,-0.6217
2005-04-29,-0.7652
2005-05-06,-0.7756
2005-05-13,-0.62
2005-05-20,-0.527
2005-05-27,-0.8083
2005-06-03,-0.7119
2005-06-10,-0.7058
2005-06-17,-0.8007
2005-06-24,-0.6884
2005-07-01,-0.8037
2005-07-08,-0.7432
2005-07-15,-0.9071
2005-07-22,-0.8543
2005-07-29,-0.942
2005-08-05,-0.9265
2005-08-12,-0.8953
2005-08-19,-0.8202
2005-08-26,-0.8273
2005-09-02,-0.6551
2005-09-09,-0.8443
2005-09-16,-0.8523
2005-09-23,-0.7968
2005-09-30,-0.8569
2005-10-07,-0.7207
2005-10-14,-0.5879
2005-10-21,-0.8418
2005-10-28,-0.8787
2005-11-04,-0.9138
2005-11-11,-0.8449
2005-11-18,-0.7362
2005-11-25,-0.7852
2005-12-02,-0.7269
2005-12-09,-0.7196
2005-12-16,-0.7386
2005-12-23,-0.7023
2005-12-30,-0.6616
2006-01-06,-0.8546
2006-01-13,-1.0014
2006-01-20,-0.8366
2006-01-27,-1.0051
2006-02-03,-1.0643
2006-02-10,-0.9374
2006-02-17,-1.0355
2006-02-24,-1.1183
2006-03-03,-1.081
2006-03-10,-0.9728
2006-03-17,-1.0229
2006-03-24,-1.0614
2006-03-31,-1.0537
2006-04-07,-1.0288
2006-04-14,-0.961
2006-04-21,-1.0447
2006-04-28,-1.1029
2006-05-05,-1.1091
2006-05-12,-1.1179
2006-05-19,-0.8923
2006-05-26,-0.7987
2006-06-02,-0.9312
2006-06-09,-0.8059
2006-06-16,-0.7419
2006-06-23,-0.8148
2006-06-30,-0.8651
2006-07-07,-0.9905
2006-07-14,-0.7926
2006-07-21,-0.7889
2006-07-28,-0.9376
2006-08-04,-0.8983
2006-08-11,-0.927
2006-08-18,-1.0305
2006-08-25,-0.9844
2006-09-01,-0.9514
2006-09-08,-0.9155
2006-09-15,-0.9476
2006-09-22,-0.8338
2006-09-29,-0.8071
2006-10-06,-0.8515
2006-10-13,-1.0303
2006-10-20,-0.9727
2006-10-27,-1.0093
2006-11-03,-0.893
2006-11-10,-1.0099
2006-11-17,-1.0025
2006-11-24,-0.9308
2006-12-01,-0.8033
2006-12-08,-0.9195
2006-12-15,-0.9945
2006-12-22,-0.9377
2006-12-29,-0.9722
2007-01-05,-0.8873
2007-01-12,-0.9951
2007-01-19,-1.0994
2007-01-26,-1.1343
2007-02-02,-1.0942
2007-02-09,-1.094
2007-02-16,-1.1099
2007-02-23,-1.1323
2007-03-02,-0.6971
2007-03-09,-0.7944
2007-03-16,-0.8524
2007-03-23,-1.0197
2007-03-30,-0.9578
2007-04-06,-0.9596
2007-04-13,-1.0304
2007-04-20,-1.0377
2007-04-27,-1.0127
2007-05-04,-0.9198
2007-05-11,-0.9707
2007-05-18,-0.9377
2007-05-25,-0.9807
2007-06-01,-0.93
2007-06-08,-0.8104
2007-06-15,-0.7345
2007-06-22,-0.6938
2007-06-29,-0.5693
2007-07-06,-0.7864
2007-07-13,-0.6999
2007-07-20,-0.6905
2007-07-27,-0.1583
2007-08-03,-0.0234
2007-08-10,0.1244
2007-08-17,1.2028
2007-08-24,1.2685
2007-08-31,0.9885
2007-09-07,1.465
2007-09-14,1.5614
2007-09-21,0.701
2007-09-28,0.6902
2007-10-05,0.6187
2007-10-12,0.3477
2007-10-19,0.7179
2007-10-26,0.7845
2007-11-02,0.4584
2007-11-09,1.1281
2007-11-16,1.1483
2007-11-23,1.902
2007-11-30,2.0495
2007-12-07,1.9381
2007-12-14,1.9021
2007-12-21,1.7596
2007-12-28,1.3053
2008-01-04,1.5981
2008-01-11,1.2751
2008-01-18,0.9526
2008-01-25,1.5992
2008-02-01,0.9456
2008-02-08,1.4817
2008-02-15,1.2671
2008-02-22,1.121
2008-02-29,1.4091
2008-03-07,2.425
2008-03-14,2.0044
2008-03-21,2.3407
2008-03-28,1.6489
2008-04-04,1.7022
2008-04-11,1.8572
2008-04-18,1.882
2008-04-25,1.6731
2008-05-02,1.3543
2008-05-09,1.2371
2008-05-16,1.007
2008-05-23,0.9229
2008-05-30,0.9476
2008-06-06,1.2963
2008-06-13,1.2096
2008-06-20,1.2563
2008-06-27,1.7194
2008-07-04,1.8131
2008-07-11,1.7684
2008-07-18,1.7335
2008-07-25,1.175
2008-08-01,1.6379
2008-08-08,1.5262
2008-08-15,1.5097
2008-08-22,1.7571
2008-08-29,1.5324
2008-09-05,1.7999
2008-09-12,1.9542
2008-09-19,4.0894
2008-09-26,4.5308
2008-10-03,7.2109
2008-10-10,9.5671
2008-10-17,9.5139
2008-10-24,8.0216
2008-10-31,7.7042
2008-11-07,6.177
2008-11-14,5.9463
2008-11-21,7.6269
2008-11-28,6.8006
2008-12-05,6.9018
2008-12-12,6.5004
2008-12-19,5.9177
2008-12-26,4.7468
2009-01-02,4.8767
2009-01-09,3.6907
2009-01-16,3.7724
2009-01-23,4.2672
2009-01-30,3.9883
2009-02-06,3.5369
2009-02-13,3.5519
2009-02-20,4.1294
2009-02-27,4.112
2009-03-06,4.7249
2009-03-13,3.8946
2009-03-20,3.3048
2009-03-27,3.1774
2009-04-03,2.9965
2009-04-10,2.7691
2009-04-17,2.5553
2009-04-24,2.8003
2009-05-01,2.3001
2009-05-08,1.5491
2009-05-15,2.0154
2009-05-22,1.5449
2009-05-29,1.3337
2009-06-05,1.1825
2009-06-12,0.9791
2009-06-19,1.559
2009-06-26,1.616
2009-07-03,1.1801
2009-07-10,1.4329
2009-07-17,0.9728
2009-07-24,0.7499
2009-07-31,0.4952
2009-08-07,0.1457
2009-08-14,0.7651
2009-08-21,0.9358
2009-08-28,0.5144
2009-09-04,0.677
2009-09-11,0.3317
2009-09-18,0.0125
2009-09-25,0.1495
2009-10-02,0.3958
2009-10-09,0.2576
2009-10-16,0.1078
2009-10-23,0.1682
2009-10-30,0.3895
2009-11-06,0.3601
2009-11-13,0.0094
2009-11-20,0.1344
2009-11-27,0.1304
2009-12-04,0.0338
2009-12-11,-0.0294
2009-12-18,-0.1755
2009-12-25,-0.2723
2010-01-01,-0.2426
2010-01-08,-0.4191
2010-01-15,-0.3784
2010-01-22,-0.1069
2010-01-29,0.0229
2010-02-05,-0.0835
2010-02-12,0.0785
2010-02-19,-0.2446
2010-02-26,-0.2532
2010-03-05,-0.2932
2010-03-12,-0.5878
2010-03-19,-0.4569
2010-03-26,-0.4267
2010-04-02,-0.3833
2010-04-09,-0.496
2010-04-16,-0.4733
2010-04-23,-0.4429
2010-04-30,-0.2195
2010-05-07,0.3859
2010-05-14,0.3187
2010-05-21,0.9441
2010-05-28,0.9844
2010-06-04,0.7813
2010-06-11,0.9353
2010-06-18,0.4722
2010-06-25,0.5578
2010-07-02,0.909
2010-07-09,0.5307
2010-07-16,0.3271
2010-07-23,0.4756
2010-07-30,0.1446
2010-08-06,0.1744
2010-08-13,0.387
2010-08-20,0.4111
2010-08-27,0.4265
2010-09-03,0.2423
2010-09-10,0.0248
2010-09-17,-0.0237
2010-09-24,0.0591
2010-10-01,0.0813
2010-10-08,-0.0211
2010-10-15,-0.2256
2010-10-22,-0.0991
2010-10-29,-0.2544
2010-11-05,-0.1628
2010-11-12,-0.2721
2010-11-19,-0.0228
2010-11-26,0.0
2010-12-03,-0.0447
2010-12-10,-0.3153
2010-12-17,-0.2309
2010-12-24,-0.2731
2010-12-31,-0.2673
2011-01-07,-0.3502
2011-01-14,-0.3325
2011-01-21,-0.3489
2011-01-28,-0.2918
2011-02-04,-0.4113
2011-02-11,-0.486
2011-02-18,-0.3338
2011-02-25,-0.1162
2011-03-04,-0.2603
2011-03-11,-0.2646
2011-03-18,0.0554
2011-03-25,-0.3561
2011-04-01,-0.3731
2011-04-08,-0.4454
2011-04-15,-0.4055
2011-04-22,-0.4271
2011-04-29,-0.5388
2011-05-06,-0.3574
2011-05-13,-0.3781
2011-05-20,-0.3398
2011-05-27,-0.3042
2011-06-03,-0.2307
2011-06-10,-0.1676
2011-06-17,-0.1602
2011-06-24,-0.1447
2011-07-01,-0.422
2011-07-08,-0.3832
2011-07-15,-0.0398
2011-07-22,-0.3166
2011-07-29,-0.2919
2011-08-05,0.3197
2011-08-12,1.28
2011-08-19,0.5003
2011-08-26,0.8321
2011-09-02,0.4829
2011-09-09,0.8765
2011-09-16,0.7374
2011-09-23,1.0698
2011-09-30,1.1027
2011-10-07,1.3404
2011-10-14,0.4398
2011-10-21,0.6398
2011-10-28,0.2848
2011-11-04,0.8337
2011-11-11,0.7543
2011-11-18,0.9937
2011-11-25,1.2028
2011-12-02,0.653
2011-12-09,0.6047
2011-12-16,0.8707
2011-12-23,0.624
2011-12-30,0.6301
2012-01-06,0.5107
2012-01-13,0.5436
2012-01-20,0.4064
2012-01-27,0.2976
2012-02-03,0.2714
2012-02-10,0.0712
2012-02-17,0.1774
2012-02-24,0.044
2012-03-02,0.026
2012-03-09,0.1437
2012-03-16,-0.2255
2012-03-23,-0.1014
2012-03-30,0.0016
2012-04-06,0.0434
2012-04-13,0.2595
2012-04-20,0.0159
2012-04-27,-0.0271
2012-05-04,-0.083
2012-05-11,0.0833
2012-05-18,0.4233
2012-05-25,0.3339
2012-06-01,0.4292
2012-06-08,0.4024
2012-06-15,0.1902
2012-06-22,0.03
2012-06-29,0.0964
2012-07-06,0.0107
2012-07-13,0.1101
2012-07-20,-0.0469
2012-07-27,0.0864
2012-08-03,-0.153
2012-08-10,-0.1946
2012-08-17,-0.1291
2012-08-24,-0.1785
2012-08-31,-0.0892
2012-09-07,-0.2173
2012-09-14,-0.4933
2012-09-21,-0.542
2012-09-28,-0.2346
2012-10-05,-0.4493
2012-10-12,-0.4834
2012-10-19,-0.6191
2012-10-26,-0.3676
2012-11-02,-0.3537
2012-11-09,-0.3282
2012-11-16,-0.2167
2012-11-23,-0.5528
2012-11-30,-0.496
2012-12-07,-0.5388
2012-12-14,-0.5982
2012-12-21,-0.5841
2012-12-28,-0.3866
2013-01-04,-0.6485
2013-01-11,-0.6343
2013-01-18,-0.6495
2013-01-25,-0.6821
2013-02-01,-0.5894
2013-02-08,-0.5488
2013-02-15,-0.6834
2013-02-22,-0.6404
2013-03-01,-0.5273
2013-03-08,-0.767
2013-03-15,-0.8026
2013-03-22,-0.5913
2013-03-29,-0.6456
2013-04-05,-0.5675
2013-04-12,-0.7369
2013-04-19,-0.5081
2013-04-26,-0.7018
2013-05-03,-0.6805
2013-05-10,-0.7843
2013-05-17,-0.6331
2013-05-24,-0.5518
2013-05-31,-0.392
2013-06-07,-0.1144
2013-06-14,-0.1752
2013-06-21,-0.1484
2013-06-28,0.0371
2013-07-05,-0.1736
2013-07-12,-0.3341
2013-07-19,-0.5296
2013-07-26,-0.51
2013-08-02,-0.3885
2013-08-09,-0.4308
2013-08-16,-0.3967
2013-08-23,-0.2235
2013-08-30,-0.1928
2013-09-06,-0.2795
2013-09-13,-0.3509
2013-09-20,-0.4674
2013-09-27,-0.3649
2013-10-04,-0.2853
2013-10-11,-0.4165
2013-10-18,-0.5766
2013-10-25,-0.5958
2013-11-01,-0.5504
2013-11-08,-0.5357
2013-11-15,-0.5888
2013-11-22,-0.6632
2013-11-29,-0.5974
2013-12-06,-0.4794
2013-12-13,-0.5244
2013-12-20,-0.5874
2013-12-27,-0.6985
2014-01-03,-0.5818
2014-01-10,-0.6576
2014-01-17,-0.6609
2014-01-24,-0.5484
2014-01-31,-0.3595
2014-02-07,-0.3837
2014-02-14,-0.7159
2014-02-21,-0.6001
2014-02-28,-0.6778
2014-03-07,-0.6511
2014-03-14,-0.5873
2014-03-21,-0.6341
2014-03-28,-0.6536
2014-04-04,-0.6447
2014-04-11,-0.5434
2014-04-18,-0.6366
2014-04-25,-0.743
2014-05-02,-0.6822
2014-05-09,-0.6861
2014-05-16,-0.7192
2014-05-23,-0.7257
2014-05-30,-0.7865
2014-06-06,-0.8008
2014-06-13,-0.82
2014-06-20,-0.8309
2014-06-27,-0.8186
2014-07-04,-0.7921
2014-07-11,-0.7405
2014-07-18,-0.6848
2014-07-25,-0.7106
2014-08-01,-0.5876
2014-08-08,-0.4193
2014-08-15,-0.6871
2014-08-22,-0.7458
2014-08-29,-0.6841
2014-09-05,-0.6335
2014-09-12,-0.541
2014-09-19,-0.5472
2014-09-26,-0.3799
2014-10-03,-0.3347
2014-10-10,-0.3146
2014-10-17,0.1269
2014-10-24,-0.4717
2014-10-31,-0.4964
2014-11-07,-0.4628
2014-11-14,-0.4519
2014-11-21,-0.3279
2014-11-28,-0.4251
2014-12-05,-0.3117
2014-12-12,-0.0367
2014-12-19,0.056
2014-12-26,-0.5044
2015-01-02,-0.1311
2015-01-09,0.1228
2015-01-16,0.1261
2015-01-23,-0.0429
2015-01-30,-0.0169
2015-02-06,-0.1966
2015-02-13,-0.2888
2015-02-20,-0.2702
2015-02-27,-0.2447
2015-03-06,-0.2925
2015-03-13,-0.1365
2015-03-20,-0.1575
2015-03-27,-0.2221
2015-04-03,-0.2074
2015-04-10,-0.3814
2015-04-17,-0.3705
2015-04-24,-0.4184
2015-05-01,-0.4006
2015-05-08,-0.3475
2015-05-15,-0.3168
2015-05-22,-0.314
2015-05-29,-0.2101
2015-06-05,-0.2212
2015-06-12,-0.2334
2015-06-19,-0.182
2015-06-26,-0.3381
2015-07-03,0.046
2015-07-10,-0.0352
2015-07-17,-0.3627
2015-07-24,-0.2046
2015-07-31,-0.115
2015-08-07,-0.1637
2015-08-14,-0.0719
2015-08-21,0.15
2015-08-28,0.6361
2015-09-04,0.257
2015-09-11,0.1526
2015-09-18,0.1675
2015-09-25,0.3948
2015-10-02,0.6647
2015-10-09,0.0516
2015-10-16,0.1294
2015-10-23,0.0054
2015-10-30,-0.0314
2015-11-06,-0.1095
2015-11-13,0.1015
2015-11-20,0.0789
2015-11-27,0.024
2015-12-04,0.1017
2015-12-11,0.4307
2015-12-18,0.5069
2015-12-25,0.3529
2016-01-01,0.2905
2016-01-08,0.6737
2016-01-15,0.8388
2016-01-22,0.9507
2016-01-29,0.513
2016-02-05,0.688
2016-02-12,1.2196
2016-02-19,0.5434
2016-02-26,0.5266
2016-03-04,0.2113
2016-03-11,0.2473
2016-03-18,0.1381
2016-03-25,0.1422
2016-04-01,0.3587
2016-04-08,0.3163
2016-04-15,0.072
2016-04-22,-0.0427
2016-04-29,0.0471
2016-05-06,0.2489
2016-05-13,0.1594
2016-05-20,0.0522
2016-05-27,-0.0249
2016-06-03,0.1072
2016-06-10,0.1371
2016-06-17,0.5427
2016-06-24,0.2322
2016-07-01,0.5631
2016-07-08,0.1906
2016-07-15,-0.1197
2016-07-22,0.0719
2016-07-29,0.2171
2016-08-05,0.3357
2016-08-12,0.1951
2016-08-19,0.1752
2016-08-26,0.2512
2016-09-02,0.264
2016-09-09,0.2752
2016-09-16,0.4744
2016-09-23,0.3145
2016-09-30,0.2958
2016-10-07,0.0704
2016-10-14,0.204
2016-10-21,0.1651
2016-10-28,0.0884
2016-11-04,0.4704
2016-11-11,-0.0326
2016-11-18,-0.0616
2016-11-25,-0.1336
2016-12-02,-0.0241
2016-12-09,-0.2709
2016-12-16,-0.1738
2016-12-23,-0.1146
2016-12-30,-0.0703
2017-01-06,-0.0973
2017-01-13,-0.1192
2017-01-20,-0.1001
2017-01-27,-0.2202
2017-02-03,-0.1471
2017-02-10,-0.1729
2017-02-17,-0.3148
2017-02-24,-0.2313
2017-03-03,-0.4116
2017-03-10,-0.4385
2017-03-17,-0.388
2017-03-24,-0.2359
2017-03-31,-0.4216
2017-04-07,-0.3989
2017-04-14,-0.2664
2017-04-21,-0.2595
2017-04-28,-0.5949
2017-05-05,-0.5186
2017-05-12,-0.6328
2017-05-19,-0.482
2017-05-26,-0.6683
2017-06-02,-0.6325
2017-06-09,-0.722
2017-06-16,-0.7284
2017-06-23,-0.5051
2017-06-30,-0.5796
2017-07-07,-0.6332
2017-07-14,-0.5757
2017-07-21,-0.6876
2017-07-28,-0.7422
2017-08-04,-0.6316
2017-08-11,-0.4783
2017-08-18,-0.4546
2017-08-25,-0.4726
2017-09-01,-0.5181
2017-09-08,-0.4296
2017-09-15,-0.6901
2017-09-22,-0.7374
2017-09-29,-0.6847
2017-10-06,-0.7228
2017-10-13,-0.6859
2017-10-20,-0.752
2017-10-27,-0.7721
2017-11-03,-0.7171
2017-11-10,-0.7182
2017-11-17,-0.6877
2017-11-24,-0.834
2017-12-01,-0.7924
2017-12-08,-0.7254
2017-12-15,-0.6628
2017-12-22,-0.6264
2017-12-29,-0.5198
2018-01-05,-0.6396
2018-01-12,-0.7141
2018-01-19,-0.6585
2018-01-26,-0.6663
2018-02-02,-0.5129
2018-02-09,0.0989
2018-02-16,-0.2638
2018-02-23,-0.3595
2018-03-02,-0.0881
2018-03-09,-0.1104
2018-03-16,-0.0396
2018-03-23,0.2436
2018-03-30,0.3172
2018-04-06,0.3138
2018-04-13,0.1249
2018-04-20,-0.0732
2018-04-27,-0.0291
2018-05-04,0.0116
2018-05-11,-0.2346
2018-05-18,-0.307
2018-05-25,-0.2449
2018-06-01,0.048
2018-06-08,-0.3971
2018-06-15,-0.3378
2018-06-22,-0.281
2018-06-29,-0.0799
2018-07-06,-0.2137
2018-07-13,-0.4439
2018-07-20,-0.4691
2018-07-27,-0.5532
2018-08-03,-0.4531
2018-08-10,-0.5463
2018-08-17,-0.4316
2018-08-24,-0.65
2018-08-31,-0.6777
2018-09-07,-0.5971
2018-09-14,-0.7352
2018-09-21,-0.8413
2018-09-28,-0.7747
2018-10-05,-0.7909
2018-10-12,-0.4445
2018-10-19,-0.5232
2018-10-26,-0.2187
2018-11-02,-0.2417
2018-11-09,-0.4908
2018-11-16,-0.0293
2018-11-23,0.0484
2018-11-30,-0.1556
2018-12-07,0.176
2018-12-14,0.2392
2018-12-21,0.5155
2018-12-28,0.6487
2019-01-04,0.2861
2019-01-11,-0.1969
2019-01-18,-0.1615
2019-01-25,-0.1379
2019-02-01,-0.1571
2019-02-08,-0.3012
2019-02-15,-0.3688
2019-02-22,-0.5328
2019-03-01,-0.5945
2019-03-08,-0.4782
2019-03-15,-0.5787
2019-03-22,-0.5892
2019-03-29,-0.3286
2019-04-05,-0.6844
2019-04-12,-0.6656
2019-04-19,-0.7837
2019-04-26,-0.6432
2019-05-03,-0.6824
2019-05-10,-0.393
2019-05-17,-0.3683
2019-05-24,-0.4892
2019-05-31,-0.1969
2019-06-07,-0.2178
2019-06-14,-0.4446
2019-06-21,-0.354
2019-06-28,-0.351
2019-07-05,-0.5382
2019-07-12,-0.4672
2019-07-19,-0.3748
2019-07-26,-0.502
2019-08-02,-0.2769
2019-08-09,0.2325
2019-08-16,0.1796
2019-08-23,-0.1076
2019-08-30,-0.0661
2019-09-06,-0.1126
2019-09-13,-0.3679
2019-09-20,-0.1675
2019-09-27,0.0883
2019-10-04,0.3477
2019-10-11,0.1191
2019-10-18,-0.1537
2019-10-25,-0.1467
2019-11-01,-0.0821
2019-11-08,-0.1166
2019-11-15,-0.121
2019-11-22,-0.0671
2019-11-29,-0.2076
2019-12-06,-0.1097
2019-12-13,-0.2841
2019-12-20,-0.3809
2019-12-27,-0.1963
2020-01-03,-0.2431
2020-01-10,-0.3691
2020-01-17,-0.5349
2020-01-24,-0.4239
2020-01-31,-0.1386
2020-02-07,-0.4795
2020-02-14,-0.5852
2020-02-21,-0.4612
2020-02-28,0.6393
2020-03-06,1.3084
2020-03-13,3.4364
2020-03-20,5.5567
2020-03-27,5.3032
2020-04-03,3.1361
2020-04-10,2.5845
2020-04-17,1.8648
2020-04-24,2.3738
2020-05-01,1.2185
2020-05-08,0.9184
2020-05-15,0.89
2020-05-22,0.4121
2020-05-29,0.1868
2020-06-05,-0.1049
2020-06-12,0.2549
2020-06-19,0.4559
2020-06-26,0.4821
2020-07-03,0.3953
2020-07-10,0.1002
2020-07-17,0.0539
2020-07-24,-0.2325
2020-07-31,-0.0861
2020-08-07,-0.2136
2020-08-14,-0.2793
2020-08-21,-0.0808
2020-08-28,-0.2793
2020-09-04,-0.1297
2020-09-11,0.0375
2020-09-18,-0.142
2020-09-25,0.2353
2020-10-02,-0.0862
2020-10-09,-0.2477
2020-10-16,-0.0992
2020-10-23,-0.0046
2020-10-30,0.3691
2020-11-06,-0.0844
2020-11-13,-0.4856
2020-11-20,-0.1683
2020-11-27,-0.4043
2020-12-04,-0.4523
2020-12-11,-0.4281
2020-12-18,-0.386
2020-12-25,-0.4245
2021-01-01,-0.4814
2021-01-08,-0.4951
2021-01-15,-0.5376
2021-01-22,-0.5201
2021-01-29,-0.2772
2021-02-05,-0.5853
2021-02-12,-0.7681
2021-02-19,-0.6648
2021-02-26,-0.4606
2021-03-05,-0.42
2021-03-12,-0.5122
2021-03-19,-0.5567
2021-03-26,-0.6338
2021-04-02,-0.7265
2021-04-09,-0.8209
2021-04-16,-0.7747
2021-04-23,-0.7264
2021-04-30,-0.814
2021-05-07,-0.8121
2021-05-14,-0.7582
2021-05-21,-0.7224
2021-05-28,-0.8173
2021-06-04,-0.8557
2021-06-11,-0.7986
2021-06-18,-0.7825
2021-06-25,-0.8117
2021-07-02,-0.8495
2021-07-09,-0.7197
2021-07-16,-0.8082
2021-07-23,-0.5777
2021-07-30,-0.773
2021-08-06,-0.684
2021-08-13,-0.8713
2021-08-20,-0.6265
2021-08-27,-0.7748
2021-09-03,-0.7665
2021-09-10,-0.72
2021-09-17,-0.6849
2021-09-24,-0.556
2021-10-01,-0.6445
2021-10-08,-0.6484
2021-10-15,-0.7383
2021-10-22,-0.9115
2021-10-29,-0.8166
2021-11-05,-0.6892
2021-11-12,-0.7946
2021-11-19,-0.6999
2021-11-26,-0.5015
2021-12-03,-0.1823
2021-12-10,-0.7172
2021-12-17,-0.5114
2021-12-24,-0.5951
2021-12-31,-0.7799
2022-01-07,-0.7172
2022-01-14,-0.6759
2022-01-21,-0.4036
2022-01-28,-0.2218
2022-02-04,-0.5309
2022-02-11,-0.6086
2022-02-18,-0.1865
2022-02-25,-0.0303
2022-03-04,0.2702
2022-03-11,0.1187
2022-03-18,-0.3319
2022-03-25,-0.6314
2022-04-01,-0.4912
2022-04-08,-0.3955
2022-04-15,-0.3067
2022-04-22,-0.4115
2022-04-29,0.153
2022-05-06,0.1757
2022-05-13,0.5263
2022-05-20,0.2758
2022-05-27,0.2621
2022-06-03,-0.1866
2022-06-10,-0.0803
2022-06-17,-0.0251
2022-06-24,0.3458
2022-07-01,0.5764
2022-07-08,0.3921
2022-07-15,0.036
2022-07-22,-0.2905
2022-07-29,-0.2047
2022-08-05,-0.4996
2022-08-12,-0.4224
2022-08-19,-0.3866
2022-08-26,-0.2319
2022-09-02,-0.1624
2022-09-09,-0.3344
2022-09-16,-0.4654
2022-09-23,0.0971
2022-09-30,0.4766
2022-10-07,0.1373
2022-10-14,0.2505
2022-10-21,-0.1742
2022-10-28,-0.3079
2022-11-04,-0.4075
2022-11-11,-0.3373
2022-11-18,-0.2291
2022-11-25,-0.2399
2022-12-02,-0.1266
2022-12-09,0.1103
2022-12-16,-0.007
2022-12-23,0.0031
2022-12-30,-0.0613
2023-01-06,-0.1735
2023-01-13,-0.4219
2023-01-20,-0.3937
2023-01-27,-0.5189
2023-02-03,-0.5585
2023-02-10,-0.6294
2023-02-17,-0.4855
2023-02-24,-0.2477
2023-03-03,-0.4599
2023-03-10,-0.0991
2023-03-17,1.094
2023-03-24,0.2517
2023-03-31,-0.2881
2023-04-07,-0.1001
2023-04-14,-0.4956
2023-04-21,-0.6688
2023-04-28,-0.2964
2023-05-05,-0.3394
2023-05-12,-0.5188
2023-05-19,-0.4576
2023-05-26,-0.3356
2023-06-02,-0.4744
2023-06-09,-0.6992
2023-06-16,-0.6145
2023-06-23,-0.5923
2023-06-30,-0.6993
2023-07-07,-0.7544
2023-07-14,-0.6917
2023-07-21,-0.7363
2023-07-28,-0.7648
2023-08-04,-0.7259
2023-08-11,-0.6631
2023-08-18,-0.6318
2023-08-25,-0.6854
2023-09-01,-0.69
2023-09-08,-0.7211
2023-09-15,-0.7147
2023-09-22,-0.7237
2023-09-29,-0.511
2023-10-06,-0.4414
2023-10-13,-0.5401
2023-10-20,-0.3391
2023-10-27,-0.3543
2023-11-03,-0.6061
2023-11-10,-0.7277
2023-11-17,-0.6205
2023-11-24,-0.7304
2023-12-01,-0.529
2023-12-08,-0.4953
2023-12-15,-0.6026
2023-12-22,-0.427
2023-12-29,-0.4128
2024-01-05,-0.5629
2024-01-12,-0.7079
2024-01-19,-0.8061
2024-01-26,-0.8313
2024-02-02,-0.7519
2024-02-09,-0.6029
2024-02-16,-0.6479
2024-02-23,-0.6735
2024-03-01,-0.7894
2024-03-08,-0.7872
2024-03-15,-0.9253
2024-03-22,-0.9412
2024-03-29,-0.9296
2024-04-05,-0.8499
2024-04-12,-0.801
2024-04-19,-0.4263
2024-04-26,-0.8414
2024-05-03,-0.8306
2024-05-10,-0.9173
2024-05-17,-0.9077
2024-05-24,-0.9615
2024-05-31,-0.8549
2024-06-07,-0.8352
2024-06-14,-0.8674
2024-06-21,-0.8241
2024-06-28,-0.8343
2024-07-05,-0.83
2024-07-12,-0.8232
2024-07-19,-0.6567
2024-07-26,-0.6221
2024-08-02,-0.3316
2024-08-09,-0.1643
2024-08-16,-0.7333
2024-08-23,-0.641
2024-08-30,-0.6459
2024-09-06,-0.3904
2024-09-13,-0.3116
2024-09-20,-0.4357
2024-09-27,-0.2683
2024-10-04,-0.613
2024-10-11,-0.5992
2024-10-18,-0.5331
2024-10-25,-0.3915
2024-11-01,-0.2991
2024-11-08,-0.5652
2024-11-15,-0.8012
2024-11-22,-0.6116
2024-11-29,-0.6107
2024-12-06,-0.5259
2024-12-13,-0.5833
2024-12-20,-0.5115
2024-12-27,-0.6315
2025-01-03,-0.6265
2025-01-10,-0.8117
2025-01-17,-0.8329
2025-01-24,-0.9788
2025-01-31,-0.7661
2025-02-07,-0.7886
2025-02-14,-0.8359
2025-02-21,-0.7613
2025-02-28,-0.455
2025-03-07,-0.3613
2025-03-14,-0.2261
2025-03-21,-0.6498
2025-03-28,-0.6311
2025-04-04,0.0907
2025-04-11,0.5536
2025-04-18,-0.2106
2025-04-25,-0.2765
2025-05-02,-0.3467
2025-05-09,-0.4793
