,Defaut Spread (BofA EU High Yield)
2005-01,2.77
2005-01,2.76
2005-01,2.8
2005-01,2.9
2005-01,2.91
2005-01,2.93
2005-01,2.93
2005-01,2.93
2005-01,2.96
2005-01,2.96
2005-01,2.94
2005-01,2.98
2005-01,2.95
2005-01,2.91
2005-01,2.93
2005-01,2.95
2005-01,2.93
2005-01,2.83
2005-01,2.8
2005-01,2.84
2005-01,2.85
2005-02,2.83
2005-02,2.79
2005-02,2.78
2005-02,2.8
2005-02,2.76
2005-02,2.69
2005-02,2.68
2005-02,2.68
2005-02,2.64
2005-02,2.5
2005-02,2.45
2005-02,2.4
2005-02,2.43
2005-02,2.39
2005-02,2.35
2005-02,2.42
2005-02,2.48
2005-02,2.42
2005-02,2.43
2005-02,2.43
2005-03,2.37
2005-03,2.35
2005-03,2.35
2005-03,2.39
2005-03,2.37
2005-03,2.38
2005-03,2.34
2005-03,2.41
2005-03,2.42
2005-03,2.42
2005-03,2.5
2005-03,2.66
2005-03,2.71
2005-03,2.74
2005-03,2.84
2005-03,2.97
2005-03,2.94
2005-03,2.9
2005-03,
2005-03,2.9
2005-03,2.92
2005-03,3.02
2005-03,3.29
2005-04,3.38
2005-04,3.48
2005-04,3.45
2005-04,3.4
2005-04,3.31
2005-04,3.25
2005-04,3.31
2005-04,3.3
2005-04,3.35
2005-04,3.48
2005-04,3.63
2005-04,3.87
2005-04,3.93
2005-04,3.82
2005-04,3.74
2005-04,3.69
2005-04,3.71
2005-04,3.77
2005-04,3.81
2005-04,3.78
2005-04,3.89
2005-04,3.98
2005-05,3.98
2005-05,3.96
2005-05,4.01
2005-05,4.03
2005-05,4.04
2005-05,4.06
2005-05,4.19
2005-05,4.32
2005-05,4.3
2005-05,4.38
2005-05,4.55
2005-05,4.67
2005-05,4.72
2005-05,4.54
2005-05,4.46
2005-05,4.4
2005-05,4.36
2005-05,4.28
2005-05,4.13
2005-05,4.07
2005-05,4.07
2005-05,4.4
2005-06,4.45
2005-06,4.22
2005-06,4.09
2005-06,4.14
2005-06,4.15
2005-06,4.09
2005-06,4.11
2005-06,4.04
2005-06,4.0
2005-06,3.93
2005-06,3.79
2005-06,3.82
2005-06,3.85
2005-06,3.86
2005-06,3.88
2005-06,3.92
2005-06,3.96
2005-06,4.04
2005-06,4.08
2005-06,3.99
2005-06,3.93
2005-06,3.92
2005-07,3.87
2005-07,3.79
2005-07,3.72
2005-07,3.72
2005-07,3.83
2005-07,3.8
2005-07,3.68
2005-07,3.62
2005-07,3.56
2005-07,3.49
2005-07,3.44
2005-07,3.43
2005-07,3.41
2005-07,3.41
2005-07,3.41
2005-07,3.43
2005-07,3.45
2005-07,3.46
2005-07,3.48
2005-07,3.45
2005-07,3.3
2005-07,3.38
2005-08,3.35
2005-08,3.32
2005-08,3.31
2005-08,3.29
2005-08,3.27
2005-08,3.42
2005-08,3.39
2005-08,3.39
2005-08,3.37
2005-08,3.4
2005-08,3.39
2005-08,3.42
2005-08,3.42
2005-08,3.4
2005-08,3.35
2005-08,3.33
2005-08,3.28
2005-08,3.29
2005-08,3.32
2005-08,3.3
2005-08,3.29
2005-08,3.31
2005-08,3.41
2005-09,3.53
2005-09,3.51
2005-09,3.54
2005-09,3.49
2005-09,3.44
2005-09,3.44
2005-09,3.41
2005-09,3.3
2005-09,3.33
2005-09,3.31
2005-09,3.28
2005-09,3.27
2005-09,3.31
2005-09,3.35
2005-09,3.42
2005-09,3.48
2005-09,3.41
2005-09,3.34
2005-09,3.31
2005-09,3.31
2005-09,3.27
2005-09,3.33
2005-10,3.25
2005-10,3.24
2005-10,3.19
2005-10,3.27
2005-10,3.28
2005-10,3.38
2005-10,3.36
2005-10,3.45
2005-10,3.57
2005-10,3.56
2005-10,3.31
2005-10,3.16
2005-10,3.27
2005-10,3.21
2005-10,3.23
2005-10,3.17
2005-10,3.1
2005-10,3.1
2005-10,3.19
2005-10,3.25
2005-10,3.35
2005-11,3.28
2005-11,3.27
2005-11,3.2
2005-11,3.17
2005-11,3.18
2005-11,3.2
2005-11,3.2
2005-11,3.28
2005-11,3.31
2005-11,3.36
2005-11,3.44
2005-11,3.55
2005-11,3.71
2005-11,3.45
2005-11,3.52
2005-11,3.55
2005-11,3.55
2005-11,3.59
2005-11,3.6
2005-11,3.59
2005-11,3.55
2005-11,3.65
2005-12,3.68
2005-12,3.72
2005-12,3.73
2005-12,3.82
2005-12,3.78
2005-12,3.71
2005-12,3.53
2005-12,3.47
2005-12,3.54
2005-12,3.56
2005-12,3.57
2005-12,3.54
2005-12,3.54
2005-12,3.58
2005-12,3.52
2005-12,3.54
2005-12,3.57
2005-12,
2005-12,3.59
2005-12,3.62
2005-12,3.59
2005-12,3.61
2005-12,3.99
2006-01,
2006-01,3.96
2006-01,3.91
2006-01,3.8
2006-01,3.74
2006-01,3.55
2006-01,3.49
2006-01,3.47
2006-01,3.52
2006-01,3.57
2006-01,3.62
2006-01,3.64
2006-01,3.66
2006-01,3.57
2006-01,3.53
2006-01,3.52
2006-01,3.46
2006-01,3.41
2006-01,3.4
2006-01,3.37
2006-01,3.25
2006-01,3.28
2006-02,3.21
2006-02,3.17
2006-02,3.26
2006-02,3.33
2006-02,3.32
2006-02,3.47
2006-02,3.44
2006-02,3.48
2006-02,3.44
2006-02,3.49
2006-02,3.44
2006-02,3.36
2006-02,3.34
2006-02,3.36
2006-02,3.33
2006-02,3.31
2006-02,3.24
2006-02,3.25
2006-02,3.34
2006-02,3.35
2006-03,3.32
2006-03,3.26
2006-03,3.27
2006-03,3.27
2006-03,3.22
2006-03,3.21
2006-03,3.21
2006-03,3.17
2006-03,3.1
2006-03,3.15
2006-03,3.07
2006-03,3.07
2006-03,3.08
2006-03,3.05
2006-03,3.02
2006-03,3.02
2006-03,2.98
2006-03,3.01
2006-03,2.99
2006-03,2.92
2006-03,2.95
2006-03,2.91
2006-03,2.94
2006-04,2.81
2006-04,2.84
2006-04,2.86
2006-04,2.94
2006-04,2.98
2006-04,2.99
2006-04,2.98
2006-04,2.96
2006-04,2.9
2006-04,
2006-04,2.89
2006-04,2.9
2006-04,2.86
2006-04,2.83
2006-04,2.81
2006-04,2.85
2006-04,2.78
2006-04,2.76
2006-04,2.75
2006-04,2.72
2006-04,2.79
2006-05,2.78
2006-05,2.77
2006-05,2.76
2006-05,2.76
2006-05,2.83
2006-05,2.8
2006-05,2.79
2006-05,2.79
2006-05,2.73
2006-05,2.75
2006-05,2.83
2006-05,2.85
2006-05,2.8
2006-05,2.94
2006-05,2.96
2006-05,3.04
2006-05,3.07
2006-05,3.1
2006-05,3.07
2006-05,3.04
2006-05,3.03
2006-05,2.93
2006-05,3.03
2006-06,3.0
2006-06,3.02
2006-06,2.94
2006-06,2.92
2006-06,2.93
2006-06,3.01
2006-06,3.01
2006-06,3.03
2006-06,3.0
2006-06,3.02
2006-06,2.98
2006-06,3.0
2006-06,2.99
2006-06,2.99
2006-06,3.01
2006-06,3.06
2006-06,3.12
2006-06,3.14
2006-06,3.19
2006-06,3.2
2006-06,3.2
2006-06,3.14
2006-07,3.08
2006-07,3.0
2006-07,2.95
2006-07,2.98
2006-07,3.01
2006-07,2.99
2006-07,3.0
2006-07,2.97
2006-07,3.02
2006-07,3.1
2006-07,3.07
2006-07,3.04
2006-07,3.04
2006-07,3.04
2006-07,3.06
2006-07,3.05
2006-07,3.03
2006-07,2.99
2006-07,3.0
2006-07,3.01
2006-07,3.02
2006-08,3.02
2006-08,3.02
2006-08,2.98
2006-08,2.97
2006-08,2.93
2006-08,2.91
2006-08,2.88
2006-08,2.89
2006-08,2.84
2006-08,2.81
2006-08,2.78
2006-08,2.79
2006-08,2.77
2006-08,2.77
2006-08,2.81
2006-08,2.87
2006-08,2.85
2006-08,2.87
2006-08,2.88
2006-08,2.87
2006-08,2.83
2006-08,2.79
2006-08,2.89
2006-09,2.89
2006-09,2.85
2006-09,2.82
2006-09,2.79
2006-09,2.82
2006-09,2.82
2006-09,2.78
2006-09,2.76
2006-09,2.8
2006-09,2.78
2006-09,2.78
2006-09,2.75
2006-09,2.81
2006-09,2.83
2006-09,2.84
2006-09,2.92
2006-09,2.95
2006-09,2.92
2006-09,2.89
2006-09,2.86
2006-09,2.83
2006-09,2.87
2006-10,2.89
2006-10,2.84
2006-10,2.85
2006-10,2.82
2006-10,2.78
2006-10,2.78
2006-10,2.71
2006-10,2.71
2006-10,2.71
2006-10,2.68
2006-10,2.59
2006-10,2.61
2006-10,2.59
2006-10,2.57
2006-10,2.55
2006-10,2.51
2006-10,2.51
2006-10,2.5
2006-10,2.48
2006-10,2.49
2006-10,2.49
2006-10,2.53
2006-11,2.59
2006-11,2.55
2006-11,2.49
2006-11,2.45
2006-11,2.46
2006-11,2.44
2006-11,2.46
2006-11,2.48
2006-11,2.46
2006-11,2.47
2006-11,2.41
2006-11,2.41
2006-11,2.4
2006-11,2.41
2006-11,2.4
2006-11,2.43
2006-11,2.45
2006-11,2.48
2006-11,2.45
2006-11,2.5
2006-11,2.46
2006-11,2.52
2006-12,2.53
2006-12,2.52
2006-12,2.49
2006-12,2.46
2006-12,2.39
2006-12,2.37
2006-12,2.34
2006-12,2.34
2006-12,2.33
2006-12,2.3
2006-12,2.29
2006-12,2.27
2006-12,2.26
2006-12,2.26
2006-12,2.26
2006-12,2.24
2006-12,
2006-12,2.23
2006-12,2.2
2006-12,2.18
2006-12,2.18
2006-12,2.33
2007-01,
2007-01,2.35
2007-01,2.33
2007-01,2.34
2007-01,2.31
2007-01,2.32
2007-01,2.29
2007-01,2.28
2007-01,2.29
2007-01,2.24
2007-01,2.23
2007-01,2.22
2007-01,2.2
2007-01,2.16
2007-01,2.16
2007-01,2.15
2007-01,2.15
2007-01,2.12
2007-01,2.07
2007-01,2.08
2007-01,2.07
2007-01,2.09
2007-01,2.08
2007-02,2.08
2007-02,2.11
2007-02,2.12
2007-02,2.08
2007-02,2.09
2007-02,2.07
2007-02,2.03
2007-02,2.02
2007-02,2.03
2007-02,2.03
2007-02,2.04
2007-02,2.01
2007-02,1.98
2007-02,1.98
2007-02,1.98
2007-02,1.93
2007-02,1.98
2007-02,2.0
2007-02,2.08
2007-02,2.22
2007-03,2.21
2007-03,2.24
2007-03,2.36
2007-03,2.41
2007-03,2.39
2007-03,2.33
2007-03,2.29
2007-03,2.3
2007-03,2.34
2007-03,2.4
2007-03,2.36
2007-03,2.38
2007-03,2.33
2007-03,2.36
2007-03,2.32
2007-03,2.3
2007-03,2.26
2007-03,2.24
2007-03,2.22
2007-03,2.22
2007-03,2.19
2007-03,2.18
2007-03,2.18
2007-04,2.17
2007-04,2.15
2007-04,2.17
2007-04,2.16
2007-04,
2007-04,2.15
2007-04,2.11
2007-04,2.1
2007-04,2.07
2007-04,2.03
2007-04,2.03
2007-04,2.04
2007-04,2.03
2007-04,2.01
2007-04,1.98
2007-04,1.98
2007-04,2.01
2007-04,1.99
2007-04,1.96
2007-04,1.97
2007-04,2.05
2007-05,2.05
2007-05,2.0
2007-05,1.99
2007-05,1.99
2007-05,1.97
2007-05,2.01
2007-05,2.0
2007-05,1.98
2007-05,1.99
2007-05,1.93
2007-05,1.89
2007-05,1.89
2007-05,1.88
2007-05,1.89
2007-05,1.85
2007-05,1.82
2007-05,1.8
2007-05,1.83
2007-05,1.8
2007-05,
2007-05,1.79
2007-05,1.78
2007-05,1.87
2007-06,1.83
2007-06,1.84
2007-06,1.82
2007-06,1.87
2007-06,1.88
2007-06,1.92
2007-06,1.94
2007-06,1.92
2007-06,1.97
2007-06,1.96
2007-06,1.95
2007-06,1.93
2007-06,1.97
2007-06,1.94
2007-06,1.99
2007-06,1.99
2007-06,2.04
2007-06,2.09
2007-06,2.18
2007-06,2.17
2007-06,2.19
2007-06,2.26
2007-07,2.37
2007-07,2.33
2007-07,2.3
2007-07,2.25
2007-07,2.24
2007-07,2.26
2007-07,2.39
2007-07,2.46
2007-07,2.47
2007-07,2.45
2007-07,2.46
2007-07,2.48
2007-07,2.54
2007-07,2.55
2007-07,2.7
2007-07,2.76
2007-07,2.83
2007-07,2.88
2007-07,3.06
2007-07,3.48
2007-07,3.63
2007-07,3.5
2007-08,3.6
2007-08,3.52
2007-08,3.53
2007-08,3.57
2007-08,3.46
2007-08,3.28
2007-08,3.35
2007-08,3.44
2007-08,3.41
2007-08,3.46
2007-08,3.58
2007-08,3.76
2007-08,3.85
2007-08,3.87
2007-08,3.95
2007-08,3.96
2007-08,3.9
2007-08,3.9
2007-08,3.92
2007-08,3.92
2007-08,3.96
2007-08,4.0
2007-08,4.1
2007-09,4.06
2007-09,4.06
2007-09,4.12
2007-09,4.13
2007-09,4.22
2007-09,4.28
2007-09,4.26
2007-09,4.24
2007-09,4.21
2007-09,4.19
2007-09,4.18
2007-09,4.11
2007-09,3.87
2007-09,3.82
2007-09,3.76
2007-09,3.67
2007-09,3.71
2007-09,3.58
2007-09,3.6
2007-09,3.64
2007-09,3.68
2007-10,3.69
2007-10,3.71
2007-10,3.68
2007-10,3.72
2007-10,3.61
2007-10,3.58
2007-10,3.52
2007-10,3.42
2007-10,3.33
2007-10,3.29
2007-10,3.24
2007-10,3.28
2007-10,3.32
2007-10,3.46
2007-10,3.59
2007-10,3.72
2007-10,3.71
2007-10,3.74
2007-10,3.72
2007-10,3.7
2007-10,3.69
2007-10,3.72
2007-10,3.7
2007-11,3.76
2007-11,3.82
2007-11,3.96
2007-11,3.92
2007-11,3.99
2007-11,4.09
2007-11,4.3
2007-11,4.34
2007-11,4.38
2007-11,4.34
2007-11,4.42
2007-11,4.55
2007-11,4.7
2007-11,4.78
2007-11,5.11
2007-11,5.16
2007-11,5.14
2007-11,5.11
2007-11,5.14
2007-11,4.97
2007-11,4.94
2007-11,4.94
2007-12,4.99
2007-12,4.99
2007-12,5.02
2007-12,5.02
2007-12,4.94
2007-12,4.88
2007-12,4.86
2007-12,4.8
2007-12,4.82
2007-12,4.79
2007-12,4.76
2007-12,4.79
2007-12,4.81
2007-12,4.87
2007-12,4.84
2007-12,4.84
2007-12,
2007-12,4.84
2007-12,4.81
2007-12,4.85
2007-12,4.91
2008-01,
2008-01,5.01
2008-01,5.07
2008-01,5.18
2008-01,5.23
2008-01,5.25
2008-01,5.65
2008-01,5.71
2008-01,5.76
2008-01,5.9
2008-01,5.95
2008-01,6.01
2008-01,6.09
2008-01,6.18
2008-01,6.39
2008-01,6.6
2008-01,6.68
2008-01,6.5
2008-01,6.44
2008-01,6.46
2008-01,6.37
2008-01,6.35
2008-01,6.63
2008-02,6.57
2008-02,6.54
2008-02,6.74
2008-02,6.81
2008-02,6.91
2008-02,6.98
2008-02,7.17
2008-02,7.24
2008-02,7.2
2008-02,7.01
2008-02,7.11
2008-02,7.07
2008-02,7.12
2008-02,7.16
2008-02,7.11
2008-02,7.1
2008-02,6.96
2008-02,6.89
2008-02,6.91
2008-02,7.03
2008-02,7.35
2008-03,7.44
2008-03,7.57
2008-03,7.46
2008-03,7.48
2008-03,7.65
2008-03,7.75
2008-03,7.68
2008-03,7.7
2008-03,7.93
2008-03,7.94
2008-03,8.11
2008-03,7.96
2008-03,7.91
2008-03,7.9
2008-03,
2008-03,7.91
2008-03,7.64
2008-03,7.57
2008-03,7.57
2008-03,7.51
2008-03,7.65
2008-04,7.52
2008-04,7.44
2008-04,7.32
2008-04,7.15
2008-04,6.91
2008-04,6.92
2008-04,6.97
2008-04,7.06
2008-04,7.05
2008-04,7.09
2008-04,7.06
2008-04,6.91
2008-04,6.76
2008-04,6.6
2008-04,6.59
2008-04,6.46
2008-04,6.34
2008-04,6.32
2008-04,6.3
2008-04,6.2
2008-04,6.22
2008-04,6.22
2008-05,6.22
2008-05,6.03
2008-05,6.05
2008-05,6.05
2008-05,6.02
2008-05,6.11
2008-05,6.16
2008-05,6.13
2008-05,6.03
2008-05,5.92
2008-05,5.87
2008-05,5.84
2008-05,5.73
2008-05,5.74
2008-05,5.54
2008-05,5.58
2008-05,5.64
2008-05,5.62
2008-05,5.67
2008-05,5.63
2008-05,5.56
2008-05,5.65
2008-05,6.15
2008-06,6.24
2008-06,6.27
2008-06,6.35
2008-06,6.2
2008-06,6.19
2008-06,6.13
2008-06,6.3
2008-06,6.35
2008-06,6.3
2008-06,6.24
2008-06,6.17
2008-06,6.19
2008-06,6.22
2008-06,6.23
2008-06,6.43
2008-06,6.53
2008-06,6.73
2008-06,6.99
2008-06,7.14
2008-06,7.45
2008-06,7.33
2008-07,7.45
2008-07,7.48
2008-07,8.08
2008-07,8.13
2008-07,8.25
2008-07,8.35
2008-07,8.25
2008-07,8.37
2008-07,8.3
2008-07,8.28
2008-07,8.39
2008-07,8.42
2008-07,8.37
2008-07,8.2
2008-07,7.97
2008-07,7.98
2008-07,7.9
2008-07,8.04
2008-07,8.04
2008-07,8.1
2008-07,8.15
2008-07,8.22
2008-07,8.35
2008-08,8.68
2008-08,8.74
2008-08,8.73
2008-08,8.68
2008-08,8.81
2008-08,8.81
2008-08,8.75
2008-08,8.62
2008-08,8.67
2008-08,8.68
2008-08,8.67
2008-08,8.62
2008-08,8.66
2008-08,8.67
2008-08,8.65
2008-08,8.65
2008-08,8.77
2008-08,8.8
2008-08,8.72
2008-08,8.73
2008-08,8.66
2008-08,8.72
2008-09,8.77
2008-09,8.7
2008-09,8.73
2008-09,8.78
2008-09,8.95
2008-09,8.83
2008-09,8.92
2008-09,8.94
2008-09,9.04
2008-09,8.95
2008-09,9.36
2008-09,9.86
2008-09,9.97
2008-09,10.52
2008-09,9.89
2008-09,9.88
2008-09,10.24
2008-09,10.49
2008-09,11.19
2008-09,11.45
2008-09,12.05
2008-09,12.08
2008-10,11.95
2008-10,12.43
2008-10,12.89
2008-10,13.97
2008-10,14.27
2008-10,14.91
2008-10,15.53
2008-10,17.12
2008-10,16.72
2008-10,16.73
2008-10,16.85
2008-10,17.43
2008-10,17.78
2008-10,18.06
2008-10,18.34
2008-10,18.9
2008-10,19.3
2008-10,19.86
2008-10,20.51
2008-10,20.25
2008-10,19.71
2008-10,18.69
2008-10,19.19
2008-11,19.23
2008-11,19.01
2008-11,18.7
2008-11,18.71
2008-11,18.78
2008-11,18.85
2008-11,19.09
2008-11,19.15
2008-11,19.36
2008-11,19.4
2008-11,19.66
2008-11,19.92
2008-11,20.58
2008-11,21.57
2008-11,21.94
2008-11,22.2
2008-11,22.09
2008-11,22.05
2008-11,22.09
2008-11,21.86
2008-11,21.82
2008-12,22.15
2008-12,22.25
2008-12,22.31
2008-12,22.41
2008-12,22.64
2008-12,22.71
2008-12,22.63
2008-12,22.68
2008-12,22.87
2008-12,23.06
2008-12,23.09
2008-12,23.2
2008-12,23.13
2008-12,23.26
2008-12,23.01
2008-12,23.06
2008-12,22.99
2008-12,22.95
2008-12,
2008-12,22.97
2008-12,22.99
2008-12,22.77
2008-12,22.04
2009-01,
2009-01,22.08
2009-01,20.72
2009-01,19.82
2009-01,18.9
2009-01,18.9
2009-01,18.56
2009-01,18.43
2009-01,18.34
2009-01,18.52
2009-01,18.67
2009-01,18.51
2009-01,18.36
2009-01,18.24
2009-01,18.7
2009-01,18.8
2009-01,18.82
2009-01,18.84
2009-01,18.84
2009-01,18.82
2009-01,18.55
2009-01,18.25
2009-01,19.54
2009-02,19.62
2009-02,19.61
2009-02,19.49
2009-02,19.55
2009-02,19.32
2009-02,19.26
2009-02,19.35
2009-02,19.6
2009-02,19.59
2009-02,19.66
2009-02,19.69
2009-02,20.0
2009-02,20.07
2009-02,20.05
2009-02,20.15
2009-02,20.3
2009-02,20.55
2009-02,20.64
2009-02,20.84
2009-02,21.07
2009-02,20.5
2009-03,20.85
2009-03,21.11
2009-03,21.34
2009-03,21.65
2009-03,21.96
2009-03,22.16
2009-03,22.42
2009-03,22.22
2009-03,22.4
2009-03,22.1
2009-03,21.85
2009-03,21.73
2009-03,21.72
2009-03,21.38
2009-03,21.48
2009-03,21.36
2009-03,21.03
2009-03,20.98
2009-03,20.86
2009-03,20.74
2009-03,20.74
2009-03,19.93
2009-04,20.09
2009-04,20.05
2009-04,19.85
2009-04,19.84
2009-04,19.5
2009-04,19.44
2009-04,19.39
2009-04,
2009-04,19.4
2009-04,19.16
2009-04,18.91
2009-04,18.61
2009-04,18.22
2009-04,18.21
2009-04,18.49
2009-04,18.53
2009-04,18.45
2009-04,18.39
2009-04,18.21
2009-04,18.17
2009-04,18.01
2009-04,18.87
2009-05,18.87
2009-05,18.45
2009-05,18.05
2009-05,17.76
2009-05,17.26
2009-05,17.09
2009-05,17.06
2009-05,17.25
2009-05,17.31
2009-05,17.54
2009-05,17.5
2009-05,17.63
2009-05,17.3
2009-05,16.86
2009-05,16.74
2009-05,16.41
2009-05,16.39
2009-05,16.36
2009-05,16.35
2009-05,16.3
2009-05,15.54
2009-05,15.82
2009-06,15.27
2009-06,15.12
2009-06,15.02
2009-06,14.93
2009-06,14.64
2009-06,14.53
2009-06,14.59
2009-06,14.53
2009-06,14.37
2009-06,14.41
2009-06,14.37
2009-06,14.43
2009-06,14.59
2009-06,14.78
2009-06,14.91
2009-06,15.02
2009-06,15.26
2009-06,15.26
2009-06,15.21
2009-06,15.16
2009-06,14.9
2009-06,14.18
2009-07,14.08
2009-07,14.07
2009-07,14.14
2009-07,14.23
2009-07,14.18
2009-07,14.2
2009-07,14.21
2009-07,14.27
2009-07,14.31
2009-07,14.13
2009-07,13.91
2009-07,13.97
2009-07,13.78
2009-07,13.56
2009-07,13.43
2009-07,13.32
2009-07,13.15
2009-07,12.98
2009-07,12.81
2009-07,12.66
2009-07,12.7
2009-07,12.53
2009-07,11.59
2009-08,11.34
2009-08,11.04
2009-08,10.98
2009-08,10.86
2009-08,10.68
2009-08,10.63
2009-08,10.64
2009-08,10.76
2009-08,10.78
2009-08,10.81
2009-08,10.9
2009-08,10.91
2009-08,10.96
2009-08,10.97
2009-08,10.96
2009-08,10.94
2009-08,10.95
2009-08,10.91
2009-08,10.81
2009-08,10.75
2009-08,10.55
2009-09,10.58
2009-09,10.63
2009-09,10.57
2009-09,10.63
2009-09,10.59
2009-09,10.5
2009-09,10.36
2009-09,10.3
2009-09,10.23
2009-09,10.05
2009-09,9.84
2009-09,9.66
2009-09,9.46
2009-09,9.4
2009-09,9.35
2009-09,9.26
2009-09,9.19
2009-09,9.15
2009-09,9.15
2009-09,9.15
2009-09,9.02
2009-09,8.83
2009-10,8.9
2009-10,9.05
2009-10,9.06
2009-10,8.96
2009-10,8.93
2009-10,8.91
2009-10,8.8
2009-10,8.78
2009-10,8.78
2009-10,8.63
2009-10,8.53
2009-10,8.48
2009-10,8.49
2009-10,8.44
2009-10,8.41
2009-10,8.42
2009-10,8.38
2009-10,8.3
2009-10,8.37
2009-10,8.42
2009-10,8.47
2009-10,8.49
2009-10,8.3
2009-11,8.31
2009-11,8.39
2009-11,8.31
2009-11,8.35
2009-11,8.35
2009-11,8.35
2009-11,8.34
2009-11,8.29
2009-11,8.32
2009-11,8.31
2009-11,8.31
2009-11,8.31
2009-11,8.28
2009-11,8.27
2009-11,8.26
2009-11,8.26
2009-11,8.34
2009-11,8.3
2009-11,8.39
2009-11,8.54
2009-11,8.13
2009-12,8.1
2009-12,8.06
2009-12,7.96
2009-12,7.87
2009-12,7.89
2009-12,7.93
2009-12,7.93
2009-12,7.91
2009-12,7.87
2009-12,7.86
2009-12,7.82
2009-12,7.81
2009-12,7.81
2009-12,7.78
2009-12,7.73
2009-12,7.69
2009-12,7.67
2009-12,7.68
2009-12,
2009-12,7.64
2009-12,7.58
2009-12,7.52
2009-12,7.55
2010-01,
2010-01,7.37
2010-01,7.15
2010-01,6.94
2010-01,6.81
2010-01,6.7
2010-01,6.61
2010-01,6.62
2010-01,6.72
2010-01,6.72
2010-01,6.71
2010-01,6.75
2010-01,6.72
2010-01,6.76
2010-01,6.81
2010-01,6.95
2010-01,6.98
2010-01,7.03
2010-01,7.03
2010-01,7.02
2010-01,7.05
2010-01,6.92
2010-02,6.99
2010-02,6.93
2010-02,6.84
2010-02,6.9
2010-02,7.12
2010-02,7.14
2010-02,7.21
2010-02,7.15
2010-02,7.17
2010-02,7.43
2010-02,7.48
2010-02,7.54
2010-02,7.41
2010-02,7.29
2010-02,7.2
2010-02,7.1
2010-02,7.16
2010-02,7.18
2010-02,7.2
2010-02,7.18
2010-02,7.64
2010-03,7.5
2010-03,7.4
2010-03,7.27
2010-03,7.21
2010-03,7.11
2010-03,6.96
2010-03,6.95
2010-03,6.86
2010-03,6.8
2010-03,6.78
2010-03,6.76
2010-03,6.77
2010-03,6.72
2010-03,6.68
2010-03,6.68
2010-03,6.72
2010-03,6.7
2010-03,6.6
2010-03,6.52
2010-03,6.5
2010-03,6.5
2010-03,6.45
2010-03,6.23
2010-04,6.22
2010-04,
2010-04,6.22
2010-04,6.15
2010-04,6.18
2010-04,6.25
2010-04,6.16
2010-04,6.07
2010-04,6.02
2010-04,5.96
2010-04,5.94
2010-04,5.93
2010-04,5.96
2010-04,5.93
2010-04,5.92
2010-04,5.96
2010-04,5.98
2010-04,5.99
2010-04,6.09
2010-04,6.33
2010-04,6.3
2010-04,6.17
2010-05,6.14
2010-05,6.26
2010-05,6.57
2010-05,6.92
2010-05,7.51
2010-05,6.95
2010-05,7.07
2010-05,6.96
2010-05,6.89
2010-05,7.0
2010-05,7.11
2010-05,7.14
2010-05,7.47
2010-05,7.68
2010-05,8.04
2010-05,8.03
2010-05,8.35
2010-05,8.23
2010-05,7.98
2010-05,7.87
2010-05,7.99
2010-06,8.01
2010-06,8.02
2010-06,7.96
2010-06,8.04
2010-06,8.22
2010-06,8.32
2010-06,8.39
2010-06,8.42
2010-06,8.41
2010-06,8.24
2010-06,8.19
2010-06,8.1
2010-06,8.04
2010-06,7.89
2010-06,7.63
2010-06,7.66
2010-06,7.72
2010-06,7.85
2010-06,7.88
2010-06,7.86
2010-06,7.94
2010-06,7.79
2010-07,7.8
2010-07,7.79
2010-07,7.81
2010-07,7.72
2010-07,7.71
2010-07,7.56
2010-07,7.49
2010-07,7.49
2010-07,7.41
2010-07,7.24
2010-07,7.24
2010-07,7.25
2010-07,7.24
2010-07,7.22
2010-07,7.16
2010-07,7.09
2010-07,6.98
2010-07,6.87
2010-07,6.72
2010-07,6.72
2010-07,6.68
2010-07,6.69
2010-07,6.57
2010-08,6.52
2010-08,6.48
2010-08,6.47
2010-08,6.49
2010-08,6.5
2010-08,6.49
2010-08,6.52
2010-08,6.68
2010-08,6.76
2010-08,6.78
2010-08,6.78
2010-08,6.72
2010-08,6.67
2010-08,6.61
2010-08,6.65
2010-08,6.61
2010-08,6.68
2010-08,6.72
2010-08,6.73
2010-08,6.72
2010-08,6.78
2010-08,6.83
2010-09,6.73
2010-09,6.64
2010-09,6.56
2010-09,6.51
2010-09,6.57
2010-09,6.54
2010-09,6.43
2010-09,6.34
2010-09,6.23
2010-09,6.12
2010-09,6.03
2010-09,5.96
2010-09,5.97
2010-09,5.92
2010-09,5.91
2010-09,5.97
2010-09,6.1
2010-09,6.06
2010-09,6.08
2010-09,6.1
2010-09,6.01
2010-09,5.91
2010-10,5.89
2010-10,5.85
2010-10,5.8
2010-10,5.79
2010-10,5.67
2010-10,5.67
2010-10,5.6
2010-10,5.62
2010-10,5.52
2010-10,5.52
2010-10,5.5
2010-10,5.52
2010-10,5.49
2010-10,5.44
2010-10,5.4
2010-10,5.35
2010-10,5.32
2010-10,5.31
2010-10,5.29
2010-10,5.29
2010-10,5.34
2010-10,5.52
2010-11,5.53
2010-11,5.52
2010-11,5.55
2010-11,5.58
2010-11,5.57
2010-11,5.57
2010-11,5.61
2010-11,5.64
2010-11,5.78
2010-11,5.79
2010-11,5.73
2010-11,5.7
2010-11,5.77
2010-11,5.65
2010-11,5.65
2010-11,5.73
2010-11,5.95
2010-11,6.0
2010-11,5.99
2010-11,6.09
2010-11,6.15
2010-11,6.53
2010-12,6.37
2010-12,6.28
2010-12,6.22
2010-12,6.17
2010-12,6.06
2010-12,5.96
2010-12,5.99
2010-12,5.96
2010-12,5.96
2010-12,5.91
2010-12,5.9
2010-12,5.86
2010-12,5.89
2010-12,5.94
2010-12,5.92
2010-12,5.97
2010-12,5.92
2010-12,5.91
2010-12,5.88
2010-12,5.95
2010-12,5.92
2010-12,5.95
2010-12,6.03
2011-01,6.06
2011-01,5.92
2011-01,5.78
2011-01,5.77
2011-01,5.81
2011-01,5.9
2011-01,5.85
2011-01,5.73
2011-01,5.58
2011-01,5.5
2011-01,5.46
2011-01,5.37
2011-01,5.36
2011-01,5.32
2011-01,5.25
2011-01,5.24
2011-01,5.22
2011-01,5.12
2011-01,5.14
2011-01,5.13
2011-01,5.28
2011-02,5.2
2011-02,5.1
2011-02,5.17
2011-02,5.12
2011-02,5.08
2011-02,5.02
2011-02,4.96
2011-02,4.97
2011-02,5.0
2011-02,4.97
2011-02,4.98
2011-02,4.97
2011-02,4.97
2011-02,4.91
2011-02,4.94
2011-02,4.95
2011-02,4.94
2011-02,4.97
2011-02,4.95
2011-02,5.01
2011-03,4.97
2011-03,4.98
2011-03,4.81
2011-03,4.82
2011-03,4.82
2011-03,4.82
2011-03,4.86
2011-03,4.94
2011-03,5.04
2011-03,5.08
2011-03,5.31
2011-03,5.38
2011-03,5.34
2011-03,5.25
2011-03,5.12
2011-03,5.13
2011-03,5.16
2011-03,5.15
2011-03,5.1
2011-03,5.05
2011-03,5.02
2011-03,5.01
2011-03,5.16
2011-04,5.03
2011-04,4.99
2011-04,4.93
2011-04,4.85
2011-04,4.8
2011-04,4.71
2011-04,4.7
2011-04,4.78
2011-04,4.77
2011-04,4.79
2011-04,4.83
2011-04,4.97
2011-04,4.96
2011-04,4.92
2011-04,4.93
2011-04,
2011-04,4.93
2011-04,4.94
2011-04,4.88
2011-04,4.9
2011-04,4.9
2011-04,4.99
2011-05,4.98
2011-05,4.9
2011-05,4.83
2011-05,4.92
2011-05,4.94
2011-05,4.98
2011-05,4.97
2011-05,4.92
2011-05,4.98
2011-05,4.96
2011-05,4.9
2011-05,4.89
2011-05,4.89
2011-05,4.87
2011-05,4.92
2011-05,5.05
2011-05,5.05
2011-05,5.11
2011-05,5.15
2011-05,5.19
2011-05,5.19
2011-05,5.05
2011-06,5.07
2011-06,5.11
2011-06,5.09
2011-06,5.1
2011-06,5.08
2011-06,5.13
2011-06,5.21
2011-06,5.31
2011-06,5.4
2011-06,5.38
2011-06,5.47
2011-06,5.68
2011-06,5.68
2011-06,5.68
2011-06,5.66
2011-06,5.65
2011-06,5.83
2011-06,5.82
2011-06,5.9
2011-06,5.87
2011-06,5.71
2011-06,5.61
2011-07,5.5
2011-07,5.48
2011-07,5.49
2011-07,5.64
2011-07,5.65
2011-07,5.78
2011-07,6.05
2011-07,6.19
2011-07,6.12
2011-07,6.13
2011-07,6.22
2011-07,6.34
2011-07,6.31
2011-07,6.23
2011-07,6.05
2011-07,5.94
2011-07,6.01
2011-07,6.03
2011-07,6.15
2011-07,6.19
2011-07,6.28
2011-07,5.96
2011-08,5.99
2011-08,6.15
2011-08,6.32
2011-08,6.56
2011-08,7.04
2011-08,7.22
2011-08,7.69
2011-08,7.84
2011-08,8.22
2011-08,8.19
2011-08,7.98
2011-08,7.98
2011-08,7.94
2011-08,8.09
2011-08,8.2
2011-08,8.33
2011-08,8.56
2011-08,8.73
2011-08,8.76
2011-08,8.82
2011-08,8.77
2011-08,8.7
2011-08,8.27
2011-09,8.12
2011-09,8.28
2011-09,8.54
2011-09,8.77
2011-09,8.69
2011-09,8.68
2011-09,8.84
2011-09,9.23
2011-09,9.46
2011-09,9.32
2011-09,9.13
2011-09,9.06
2011-09,9.25
2011-09,9.28
2011-09,9.28
2011-09,9.61
2011-09,9.78
2011-09,9.85
2011-09,9.64
2011-09,9.66
2011-09,9.68
2011-09,9.88
2011-10,10.12
2011-10,10.49
2011-10,10.44
2011-10,10.25
2011-10,10.15
2011-10,9.96
2011-10,9.71
2011-10,9.39
2011-10,9.24
2011-10,9.05
2011-10,8.91
2011-10,8.95
2011-10,8.78
2011-10,8.77
2011-10,8.66
2011-10,8.6
2011-10,8.56
2011-10,8.57
2011-10,8.11
2011-10,7.89
2011-10,8.11
2011-11,8.75
2011-11,8.68
2011-11,8.65
2011-11,8.59
2011-11,8.68
2011-11,8.65
2011-11,8.69
2011-11,8.72
2011-11,8.67
2011-11,8.56
2011-11,8.63
2011-11,8.63
2011-11,8.64
2011-11,8.79
2011-11,8.94
2011-11,9.08
2011-11,9.23
2011-11,9.35
2011-11,9.49
2011-11,9.51
2011-11,9.62
2011-11,9.93
2011-12,9.93
2011-12,9.76
2011-12,9.59
2011-12,9.51
2011-12,9.41
2011-12,9.4
2011-12,9.47
2011-12,9.55
2011-12,9.59
2011-12,9.71
2011-12,9.75
2011-12,9.78
2011-12,9.76
2011-12,9.74
2011-12,9.68
2011-12,9.66
2011-12,9.66
2011-12,
2011-12,9.73
2011-12,9.68
2011-12,9.68
2011-12,9.66
2011-12,10.42
2012-01,
2012-01,10.16
2012-01,10.01
2012-01,10.02
2012-01,9.95
2012-01,9.97
2012-01,9.9
2012-01,9.91
2012-01,9.94
2012-01,9.82
2012-01,9.86
2012-01,9.68
2012-01,9.58
2012-01,9.4
2012-01,9.3
2012-01,9.15
2012-01,9.02
2012-01,8.9
2012-01,8.76
2012-01,8.71
2012-01,8.76
2012-01,8.64
2012-02,8.48
2012-02,8.37
2012-02,8.22
2012-02,8.28
2012-02,8.2
2012-02,8.15
2012-02,8.18
2012-02,8.22
2012-02,8.18
2012-02,8.16
2012-02,8.2
2012-02,8.33
2012-02,8.2
2012-02,8.11
2012-02,7.99
2012-02,7.98
2012-02,7.94
2012-02,7.85
2012-02,7.85
2012-02,7.74
2012-02,7.45
2012-03,7.38
2012-03,7.33
2012-03,7.35
2012-03,7.52
2012-03,7.61
2012-03,7.5
2012-03,7.42
2012-03,7.37
2012-03,7.27
2012-03,7.09
2012-03,7.04
2012-03,6.92
2012-03,6.91
2012-03,6.92
2012-03,6.97
2012-03,7.11
2012-03,7.21
2012-03,7.18
2012-03,7.16
2012-03,7.18
2012-03,7.27
2012-03,7.31
2012-03,7.23
2012-04,7.25
2012-04,7.24
2012-04,7.32
2012-04,7.5
2012-04,
2012-04,7.5
2012-04,7.79
2012-04,7.87
2012-04,7.84
2012-04,7.8
2012-04,7.83
2012-04,7.79
2012-04,7.78
2012-04,7.77
2012-04,7.8
2012-04,7.86
2012-04,7.83
2012-04,7.73
2012-04,7.74
2012-04,7.69
2012-04,7.73
2012-05,7.69
2012-05,7.65
2012-05,7.61
2012-05,7.6
2012-05,7.64
2012-05,7.7
2012-05,7.87
2012-05,7.85
2012-05,7.88
2012-05,8.01
2012-05,8.06
2012-05,8.25
2012-05,8.34
2012-05,8.54
2012-05,8.56
2012-05,8.48
2012-05,8.6
2012-05,8.72
2012-05,8.76
2012-05,8.73
2012-05,8.69
2012-05,8.79
2012-05,8.77
2012-06,8.91
2012-06,8.89
2012-06,8.87
2012-06,8.83
2012-06,8.63
2012-06,8.65
2012-06,8.51
2012-06,8.51
2012-06,8.52
2012-06,8.58
2012-06,8.54
2012-06,8.48
2012-06,8.39
2012-06,8.24
2012-06,8.22
2012-06,8.23
2012-06,8.25
2012-06,8.26
2012-06,8.23
2012-06,8.24
2012-06,8.07
2012-06,8.2
2012-07,8.11
2012-07,8.06
2012-07,8.03
2012-07,8.0
2012-07,8.12
2012-07,8.17
2012-07,8.15
2012-07,8.18
2012-07,8.2
2012-07,8.25
2012-07,8.33
2012-07,8.37
2012-07,8.28
2012-07,8.2
2012-07,8.21
2012-07,8.36
2012-07,8.39
2012-07,8.45
2012-07,8.42
2012-07,8.32
2012-07,8.2
2012-07,8.14
2012-08,8.02
2012-08,8.02
2012-08,7.93
2012-08,7.77
2012-08,7.65
2012-08,7.63
2012-08,7.57
2012-08,7.61
2012-08,7.6
2012-08,7.58
2012-08,7.54
2012-08,7.52
2012-08,7.51
2012-08,7.47
2012-08,7.39
2012-08,7.41
2012-08,7.46
2012-08,7.56
2012-08,7.55
2012-08,7.53
2012-08,7.49
2012-08,7.52
2012-08,7.38
2012-09,7.34
2012-09,7.28
2012-09,7.24
2012-09,7.08
2012-09,6.92
2012-09,6.87
2012-09,6.91
2012-09,6.77
2012-09,6.77
2012-09,6.57
2012-09,6.52
2012-09,6.57
2012-09,6.57
2012-09,6.65
2012-09,6.66
2012-09,6.76
2012-09,6.72
2012-09,6.9
2012-09,6.94
2012-09,6.94
2012-09,6.92
2012-10,6.88
2012-10,6.82
2012-10,6.78
2012-10,6.7
2012-10,6.61
2012-10,6.63
2012-10,6.65
2012-10,6.71
2012-10,6.69
2012-10,6.66
2012-10,6.59
2012-10,6.46
2012-10,6.28
2012-10,6.24
2012-10,6.24
2012-10,6.23
2012-10,6.28
2012-10,6.33
2012-10,6.32
2012-10,6.41
2012-10,6.48
2012-10,
2012-10,6.46
2012-11,6.44
2012-11,6.44
2012-11,6.43
2012-11,6.4
2012-11,6.38
2012-11,6.36
2012-11,6.41
2012-11,6.4
2012-11,6.44
2012-11,6.39
2012-11,6.41
2012-11,6.46
2012-11,6.4
2012-11,6.33
2012-11,6.28
2012-11,6.21
2012-11,6.2
2012-11,6.19
2012-11,6.15
2012-11,6.16
2012-11,6.1
2012-11,6.05
2012-12,5.98
2012-12,5.93
2012-12,5.86
2012-12,5.86
2012-12,5.88
2012-12,5.96
2012-12,5.91
2012-12,5.83
2012-12,5.75
2012-12,5.66
2012-12,5.64
2012-12,5.55
2012-12,5.5
2012-12,5.46
2012-12,5.48
2012-12,5.48
2012-12,
2012-12,5.48
2012-12,5.48
2012-12,5.48
2012-12,5.55
2013-01,
2013-01,5.38
2013-01,5.22
2013-01,5.12
2013-01,5.05
2013-01,4.98
2013-01,4.93
2013-01,4.87
2013-01,4.83
2013-01,4.85
2013-01,4.93
2013-01,4.99
2013-01,4.89
2013-01,4.89
2013-01,4.87
2013-01,4.92
2013-01,5.01
2013-01,5.11
2013-01,5.02
2013-01,4.98
2013-01,5.09
2013-01,5.19
2013-01,5.4
2013-02,5.44
2013-02,5.48
2013-02,5.49
2013-02,5.47
2013-02,5.5
2013-02,5.48
2013-02,5.46
2013-02,5.42
2013-02,5.32
2013-02,5.32
2013-02,5.3
2013-02,5.29
2013-02,5.28
2013-02,5.2
2013-02,5.26
2013-02,5.27
2013-02,5.21
2013-02,5.41
2013-02,5.44
2013-02,5.35
2013-03,5.39
2013-03,5.37
2013-03,5.28
2013-03,5.24
2013-03,5.15
2013-03,5.09
2013-03,5.08
2013-03,5.08
2013-03,5.11
2013-03,5.07
2013-03,5.07
2013-03,5.2
2013-03,5.19
2013-03,5.18
2013-03,5.18
2013-03,5.2
2013-03,5.2
2013-03,5.21
2013-03,5.31
2013-03,5.34
2013-03,
2013-03,5.42
2013-04,5.42
2013-04,5.39
2013-04,5.34
2013-04,5.34
2013-04,5.35
2013-04,5.3
2013-04,5.2
2013-04,5.08
2013-04,5.03
2013-04,5.07
2013-04,5.07
2013-04,5.06
2013-04,5.05
2013-04,5.07
2013-04,5.05
2013-04,5.04
2013-04,4.96
2013-04,4.91
2013-04,4.88
2013-04,4.87
2013-04,4.76
2013-04,4.72
2013-05,4.71
2013-05,4.75
2013-05,4.66
2013-05,4.65
2013-05,4.56
2013-05,4.53
2013-05,4.55
2013-05,4.49
2013-05,4.54
2013-05,4.6
2013-05,4.63
2013-05,4.64
2013-05,4.64
2013-05,4.59
2013-05,4.56
2013-05,4.54
2013-05,4.62
2013-05,4.64
2013-05,4.61
2013-05,4.56
2013-05,4.62
2013-05,4.69
2013-05,4.81
2013-06,4.85
2013-06,4.83
2013-06,4.96
2013-06,5.07
2013-06,5.08
2013-06,5.01
2013-06,5.18
2013-06,5.18
2013-06,5.35
2013-06,5.28
2013-06,5.2
2013-06,5.15
2013-06,5.15
2013-06,5.29
2013-06,5.32
2013-06,5.52
2013-06,5.58
2013-06,5.52
2013-06,5.38
2013-06,5.41
2013-06,5.42
2013-07,5.59
2013-07,5.58
2013-07,5.74
2013-07,5.7
2013-07,5.59
2013-07,5.52
2013-07,5.44
2013-07,5.44
2013-07,5.37
2013-07,5.41
2013-07,5.37
2013-07,5.36
2013-07,5.35
2013-07,5.32
2013-07,5.28
2013-07,5.2
2013-07,5.09
2013-07,5.03
2013-07,5.07
2013-07,5.08
2013-07,5.08
2013-07,5.06
2013-07,5.05
2013-08,4.98
2013-08,4.96
2013-08,4.92
2013-08,4.89
2013-08,4.91
2013-08,4.9
2013-08,4.89
2013-08,4.88
2013-08,4.78
2013-08,4.76
2013-08,4.74
2013-08,4.78
2013-08,4.79
2013-08,4.9
2013-08,4.9
2013-08,4.9
2013-08,4.86
2013-08,4.88
2013-08,4.94
2013-08,4.97
2013-08,4.96
2013-08,
2013-09,4.92
2013-09,4.86
2013-09,4.88
2013-09,4.81
2013-09,4.88
2013-09,4.87
2013-09,4.79
2013-09,4.79
2013-09,4.82
2013-09,4.84
2013-09,4.81
2013-09,4.77
2013-09,4.73
2013-09,4.68
2013-09,4.65
2013-09,4.68
2013-09,4.73
2013-09,4.72
2013-09,4.71
2013-09,4.74
2013-09,4.91
2013-10,4.86
2013-10,4.82
2013-10,4.78
2013-10,4.73
2013-10,4.72
2013-10,4.68
2013-10,4.68
2013-10,4.61
2013-10,4.58
2013-10,4.53
2013-10,4.47
2013-10,4.43
2013-10,4.42
2013-10,4.4
2013-10,4.35
2013-10,4.36
2013-10,4.37
2013-10,4.38
2013-10,4.39
2013-10,4.38
2013-10,4.35
2013-10,4.35
2013-10,4.45
2013-11,4.43
2013-11,4.41
2013-11,4.36
2013-11,4.34
2013-11,4.37
2013-11,4.35
2013-11,4.34
2013-11,4.33
2013-11,4.41
2013-11,4.39
2013-11,4.37
2013-11,4.34
2013-11,4.34
2013-11,4.34
2013-11,4.32
2013-11,4.29
2013-11,4.27
2013-11,4.27
2013-11,4.25
2013-11,4.23
2013-11,4.21
2013-11,4.22
2013-12,3.85
2013-12,3.85
2013-12,3.83
2013-12,3.8
2013-12,3.81
2013-12,3.79
2013-12,3.76
2013-12,3.74
2013-12,3.72
2013-12,3.73
2013-12,3.69
2013-12,3.69
2013-12,3.69
2013-12,3.65
2013-12,3.62
2013-12,3.6
2013-12,3.59
2013-12,
2013-12,3.59
2013-12,3.55
2013-12,3.56
2013-12,3.6
2014-01,
2014-01,3.56
2014-01,3.55
2014-01,3.52
2014-01,3.49
2014-01,3.48
2014-01,3.49
2014-01,3.52
2014-01,3.53
2014-01,3.54
2014-01,3.5
2014-01,3.51
2014-01,3.51
2014-01,3.51
2014-01,3.49
2014-01,3.48
2014-01,3.53
2014-01,3.67
2014-01,3.73
2014-01,3.72
2014-01,3.73
2014-01,3.8
2014-01,3.72
2014-02,3.72
2014-02,3.76
2014-02,3.72
2014-02,3.66
2014-02,3.63
2014-02,3.57
2014-02,3.53
2014-02,3.51
2014-02,3.52
2014-02,3.49
2014-02,3.46
2014-02,3.44
2014-02,3.41
2014-02,3.4
2014-02,3.35
2014-02,3.3
2014-02,3.27
2014-02,3.27
2014-02,3.27
2014-02,3.22
2014-03,3.27
2014-03,3.25
2014-03,3.2
2014-03,3.14
2014-03,3.11
2014-03,3.11
2014-03,3.1
2014-03,3.16
2014-03,3.2
2014-03,3.25
2014-03,3.21
2014-03,3.18
2014-03,3.12
2014-03,3.09
2014-03,3.09
2014-03,3.1
2014-03,3.13
2014-03,3.14
2014-03,3.15
2014-03,3.11
2014-03,3.13
2014-04,3.09
2014-04,3.05
2014-04,3.05
2014-04,3.02
2014-04,3.02
2014-04,3.02
2014-04,2.98
2014-04,2.99
2014-04,3.02
2014-04,3.02
2014-04,3.04
2014-04,3.06
2014-04,3.04
2014-04,
2014-04,3.03
2014-04,3.01
2014-04,3.0
2014-04,2.99
2014-04,3.0
2014-04,3.01
2014-04,3.0
2014-04,3.1
2014-05,3.09
2014-05,3.09
2014-05,3.07
2014-05,3.07
2014-05,3.06
2014-05,3.05
2014-05,3.02
2014-05,2.99
2014-05,2.99
2014-05,3.01
2014-05,3.08
2014-05,3.11
2014-05,3.1
2014-05,3.13
2014-05,3.16
2014-05,3.22
2014-05,3.17
2014-05,3.16
2014-05,3.13
2014-05,3.13
2014-05,3.13
2014-05,3.12
2014-05,3.22
2014-06,3.21
2014-06,3.19
2014-06,3.17
2014-06,3.15
2014-06,3.08
2014-06,3.0
2014-06,2.97
2014-06,3.0
2014-06,3.02
2014-06,3.04
2014-06,3.03
2014-06,3.01
2014-06,3.02
2014-06,3.0
2014-06,2.98
2014-06,3.0
2014-06,3.0
2014-06,3.04
2014-06,3.09
2014-06,3.11
2014-06,3.26
2014-07,3.28
2014-07,3.25
2014-07,3.24
2014-07,3.25
2014-07,3.23
2014-07,3.27
2014-07,3.31
2014-07,3.41
2014-07,3.4
2014-07,3.4
2014-07,3.4
2014-07,3.4
2014-07,3.41
2014-07,3.42
2014-07,3.42
2014-07,3.42
2014-07,3.41
2014-07,3.38
2014-07,3.4
2014-07,3.37
2014-07,3.39
2014-07,3.38
2014-07,3.56
2014-08,3.67
2014-08,3.65
2014-08,3.65
2014-08,3.78
2014-08,3.82
2014-08,3.92
2014-08,3.87
2014-08,3.82
2014-08,3.8
2014-08,3.76
2014-08,3.73
2014-08,3.69
2014-08,3.64
2014-08,3.61
2014-08,3.57
2014-08,3.55
2014-08,3.57
2014-08,3.5
2014-08,3.49
2014-08,3.51
2014-08,3.51
2014-08,3.55
2014-09,3.56
2014-09,3.55
2014-09,3.54
2014-09,3.59
2014-09,3.59
2014-09,3.59
2014-09,3.6
2014-09,3.62
2014-09,3.61
2014-09,3.58
2014-09,3.6
2014-09,3.64
2014-09,3.64
2014-09,3.6
2014-09,3.59
2014-09,3.66
2014-09,3.67
2014-09,3.7
2014-09,3.75
2014-09,3.83
2014-09,3.94
2014-09,3.96
2014-10,3.95
2014-10,3.97
2014-10,3.96
2014-10,3.93
2014-10,3.95
2014-10,4.01
2014-10,4.01
2014-10,4.09
2014-10,4.14
2014-10,4.2
2014-10,4.35
2014-10,4.44
2014-10,4.33
2014-10,4.33
2014-10,4.23
2014-10,4.16
2014-10,4.12
2014-10,4.08
2014-10,4.04
2014-10,4.03
2014-10,4.0
2014-10,4.06
2014-10,4.0
2014-11,3.95
2014-11,3.94
2014-11,3.93
2014-11,3.89
2014-11,3.86
2014-11,3.82
2014-11,3.77
2014-11,3.78
2014-11,3.78
2014-11,3.85
2014-11,3.83
2014-11,3.82
2014-11,3.82
2014-11,3.88
2014-11,3.86
2014-11,3.82
2014-11,3.81
2014-11,3.81
2014-11,3.79
2014-11,3.77
2014-11,3.78
2014-12,3.77
2014-12,3.76
2014-12,3.76
2014-12,3.73
2014-12,3.73
2014-12,3.75
2014-12,3.8
2014-12,3.85
2014-12,3.91
2014-12,3.97
2014-12,4.01
2014-12,4.1
2014-12,4.13
2014-12,4.08
2014-12,4.07
2014-12,4.09
2014-12,4.07
2014-12,4.08
2014-12,
2014-12,4.08
2014-12,4.11
2014-12,4.11
2014-12,4.09
2015-01,
2015-01,4.17
2015-01,4.08
2015-01,4.12
2015-01,4.14
2015-01,4.11
2015-01,4.1
2015-01,4.07
2015-01,4.07
2015-01,4.05
2015-01,4.07
2015-01,
2015-01,4.08
2015-01,4.05
2015-01,4.03
2015-01,4.0
2015-01,3.91
2015-01,3.9
2015-01,3.92
2015-01,3.96
2015-01,3.98
2015-01,3.99
2015-01,4.06
2015-02,4.09
2015-02,4.02
2015-02,4.0
2015-02,4.0
2015-02,3.97
2015-02,3.99
2015-02,3.97
2015-02,3.98
2015-02,3.97
2015-02,3.91
2015-02,3.88
2015-02,3.87
2015-02,3.83
2015-02,3.81
2015-02,3.78
2015-02,3.73
2015-02,3.68
2015-02,3.66
2015-02,3.63
2015-02,3.58
2015-02,3.75
2015-03,3.74
2015-03,3.71
2015-03,3.69
2015-03,3.65
2015-03,3.64
2015-03,3.68
2015-03,3.75
2015-03,3.76
2015-03,3.75
2015-03,3.75
2015-03,3.77
2015-03,3.84
2015-03,3.91
2015-03,3.93
2015-03,3.93
2015-03,3.9
2015-03,3.92
2015-03,3.92
2015-03,3.93
2015-03,3.88
2015-03,3.87
2015-03,3.99
2015-04,3.96
2015-04,3.95
2015-04,
2015-04,3.94
2015-04,3.91
2015-04,3.89
2015-04,3.82
2015-04,3.81
2015-04,3.8
2015-04,3.81
2015-04,3.82
2015-04,3.87
2015-04,3.93
2015-04,3.93
2015-04,3.96
2015-04,3.93
2015-04,3.9
2015-04,3.88
2015-04,3.84
2015-04,3.83
2015-04,3.77
2015-04,3.84
2015-05,3.83
2015-05,3.82
2015-05,3.8
2015-05,3.85
2015-05,3.9
2015-05,3.88
2015-05,3.85
2015-05,3.84
2015-05,3.79
2015-05,3.77
2015-05,3.76
2015-05,3.77
2015-05,3.75
2015-05,3.75
2015-05,3.75
2015-05,3.75
2015-05,
2015-05,3.8
2015-05,3.8
2015-05,3.8
2015-05,3.82
2015-05,3.86
2015-06,3.85
2015-06,3.82
2015-06,3.79
2015-06,3.84
2015-06,3.86
2015-06,3.87
2015-06,3.88
2015-06,3.95
2015-06,3.95
2015-06,4.01
2015-06,4.13
2015-06,4.26
2015-06,4.3
2015-06,4.37
2015-06,4.35
2015-06,4.17
2015-06,4.08
2015-06,4.1
2015-06,4.09
2015-06,4.05
2015-06,4.34
2015-06,4.4
2015-07,4.33
2015-07,4.29
2015-07,4.32
2015-07,4.42
2015-07,4.5
2015-07,4.54
2015-07,4.5
2015-07,4.33
2015-07,4.26
2015-07,4.23
2015-07,4.24
2015-07,4.14
2015-07,4.09
2015-07,4.06
2015-07,4.07
2015-07,4.13
2015-07,4.14
2015-07,4.19
2015-07,4.23
2015-07,4.26
2015-07,4.28
2015-07,4.27
2015-07,4.29
2015-08,4.3
2015-08,4.31
2015-08,4.29
2015-08,4.33
2015-08,4.39
2015-08,4.4
2015-08,4.39
2015-08,4.44
2015-08,4.41
2015-08,4.39
2015-08,4.4
2015-08,4.41
2015-08,4.44
2015-08,4.52
2015-08,4.59
2015-08,4.8
2015-08,4.68
2015-08,4.69
2015-08,4.58
2015-08,4.54
2015-08,4.65
2015-09,4.64
2015-09,4.66
2015-09,4.69
2015-09,4.73
2015-09,4.74
2015-09,4.73
2015-09,4.68
2015-09,4.73
2015-09,4.77
2015-09,4.79
2015-09,4.77
2015-09,4.76
2015-09,4.74
2015-09,4.81
2015-09,4.87
2015-09,5.03
2015-09,5.1
2015-09,5.21
2015-09,5.22
2015-09,5.38
2015-09,5.53
2015-09,5.55
2015-10,5.55
2015-10,5.56
2015-10,5.46
2015-10,5.35
2015-10,5.25
2015-10,5.26
2015-10,5.18
2015-10,5.16
2015-10,5.18
2015-10,5.22
2015-10,5.2
2015-10,5.15
2015-10,5.11
2015-10,5.06
2015-10,5.09
2015-10,5.1
2015-10,5.02
2015-10,4.96
2015-10,4.98
2015-10,4.95
2015-10,4.89
2015-10,4.89
2015-10,4.9
2015-11,4.87
2015-11,4.78
2015-11,4.7
2015-11,4.71
2015-11,4.68
2015-11,4.72
2015-11,4.76
2015-11,4.78
2015-11,4.79
2015-11,4.85
2015-11,4.86
2015-11,4.83
2015-11,4.8
2015-11,4.78
2015-11,4.77
2015-11,4.76
2015-11,4.8
2015-11,4.83
2015-11,4.84
2015-11,4.85
2015-11,4.66
2015-12,4.67
2015-12,4.71
2015-12,4.61
2015-12,4.64
2015-12,4.68
2015-12,4.76
2015-12,4.87
2015-12,4.94
2015-12,5.12
2015-12,5.29
2015-12,5.19
2015-12,5.16
2015-12,5.15
2015-12,5.22
2015-12,5.24
2015-12,5.22
2015-12,5.21
2015-12,5.18
2015-12,
2015-12,5.23
2015-12,5.21
2015-12,5.33
2015-12,5.35
2016-01,
2016-01,5.45
2016-01,5.49
2016-01,5.52
2016-01,5.63
2016-01,5.61
2016-01,5.65
2016-01,5.73
2016-01,5.77
2016-01,5.9
2016-01,6.02
2016-01,6.16
2016-01,6.16
2016-01,6.37
2016-01,6.39
2016-01,6.2
2016-01,6.19
2016-01,6.23
2016-01,6.14
2016-01,6.08
2016-01,6.04
2016-01,5.71
2016-02,5.68
2016-02,5.74
2016-02,5.84
2016-02,5.82
2016-02,5.85
2016-02,6.04
2016-02,6.18
2016-02,6.14
2016-02,6.33
2016-02,6.36
2016-02,6.26
2016-02,6.22
2016-02,6.14
2016-02,6.02
2016-02,6.05
2016-02,6.01
2016-02,5.96
2016-02,6.0
2016-02,6.07
2016-02,6.03
2016-02,6.08
2016-03,5.96
2016-03,5.83
2016-03,5.82
2016-03,5.7
2016-03,5.67
2016-03,5.68
2016-03,5.66
2016-03,5.45
2016-03,5.18
2016-03,5.02
2016-03,5.13
2016-03,5.19
2016-03,5.18
2016-03,5.16
2016-03,5.12
2016-03,5.12
2016-03,5.09
2016-03,5.12
2016-03,
2016-03,5.12
2016-03,5.16
2016-03,5.11
2016-03,5.05
2016-04,5.04
2016-04,5.02
2016-04,5.04
2016-04,5.03
2016-04,5.05
2016-04,5.06
2016-04,5.03
2016-04,4.99
2016-04,4.88
2016-04,4.81
2016-04,4.8
2016-04,4.8
2016-04,4.71
2016-04,4.69
2016-04,4.6
2016-04,4.55
2016-04,4.56
2016-04,4.55
2016-04,4.59
2016-04,4.6
2016-04,4.56
2016-04,4.55
2016-05,4.57
2016-05,4.64
2016-05,4.69
2016-05,4.7
2016-05,4.75
2016-05,4.78
2016-05,4.8
2016-05,4.81
2016-05,4.78
2016-05,4.79
2016-05,4.76
2016-05,4.72
2016-05,4.7
2016-05,4.72
2016-05,4.71
2016-05,4.69
2016-05,4.66
2016-05,4.6
2016-05,4.58
2016-05,4.58
2016-05,4.58
2016-05,4.6
2016-06,4.62
2016-06,4.59
2016-06,4.56
2016-06,4.54
2016-06,4.49
2016-06,4.45
2016-06,4.44
2016-06,4.49
2016-06,4.64
2016-06,4.83
2016-06,4.79
2016-06,4.89
2016-06,4.87
2016-06,4.73
2016-06,4.66
2016-06,4.64
2016-06,4.59
2016-06,5.13
2016-06,5.24
2016-06,5.18
2016-06,5.03
2016-06,4.82
2016-07,4.7
2016-07,4.66
2016-07,4.72
2016-07,4.77
2016-07,4.75
2016-07,4.71
2016-07,4.63
2016-07,4.48
2016-07,4.44
2016-07,4.36
2016-07,4.34
2016-07,4.35
2016-07,4.36
2016-07,4.33
2016-07,4.27
2016-07,4.24
2016-07,4.23
2016-07,4.25
2016-07,4.26
2016-07,4.25
2016-07,4.26
2016-07,4.3
2016-08,4.26
2016-08,4.25
2016-08,4.26
2016-08,4.22
2016-08,4.17
2016-08,4.14
2016-08,4.11
2016-08,4.1
2016-08,4.07
2016-08,4.05
2016-08,3.99
2016-08,3.97
2016-08,3.98
2016-08,3.99
2016-08,3.98
2016-08,3.98
2016-08,3.97
2016-08,3.93
2016-08,3.91
2016-08,3.9
2016-08,3.91
2016-08,3.88
2016-08,3.86
2016-09,3.86
2016-09,3.85
2016-09,3.83
2016-09,3.84
2016-09,3.84
2016-09,3.82
2016-09,3.88
2016-09,4.06
2016-09,4.05
2016-09,4.13
2016-09,4.15
2016-09,4.21
2016-09,4.18
2016-09,4.19
2016-09,4.16
2016-09,4.1
2016-09,4.09
2016-09,4.13
2016-09,4.2
2016-09,4.19
2016-09,4.15
2016-09,4.16
2016-10,4.12
2016-10,4.09
2016-10,4.06
2016-10,4.03
2016-10,4.04
2016-10,4.0
2016-10,3.97
2016-10,3.94
2016-10,3.95
2016-10,3.91
2016-10,3.89
2016-10,3.85
2016-10,3.81
2016-10,3.77
2016-10,3.73
2016-10,3.69
2016-10,3.67
2016-10,3.67
2016-10,3.67
2016-10,3.71
2016-10,3.76
2016-11,3.78
2016-11,3.85
2016-11,3.85
2016-11,3.91
2016-11,3.86
2016-11,3.85
2016-11,3.95
2016-11,3.88
2016-11,3.96
2016-11,4.05
2016-11,4.02
2016-11,4.03
2016-11,4.08
2016-11,4.15
2016-11,4.17
2016-11,4.14
2016-11,4.12
2016-11,4.14
2016-11,4.14
2016-11,4.17
2016-11,4.15
2016-11,4.23
2016-12,4.2
2016-12,4.21
2016-12,4.16
2016-12,4.07
2016-12,3.99
2016-12,3.96
2016-12,3.95
2016-12,3.88
2016-12,3.82
2016-12,3.79
2016-12,3.79
2016-12,3.81
2016-12,3.82
2016-12,3.77
2016-12,3.77
2016-12,3.76
2016-12,3.76
2016-12,
2016-12,3.81
2016-12,3.78
2016-12,3.76
2016-12,3.76
2016-12,3.78
2017-01,
2017-01,3.67
2017-01,3.61
2017-01,3.57
2017-01,3.55
2017-01,3.56
2017-01,3.58
2017-01,3.56
2017-01,3.61
2017-01,3.58
2017-01,3.59
2017-01,3.61
2017-01,3.56
2017-01,3.54
2017-01,3.48
2017-01,3.5
2017-01,3.49
2017-01,3.42
2017-01,3.41
2017-01,3.43
2017-01,3.48
2017-01,3.52
2017-02,3.51
2017-02,3.53
2017-02,3.51
2017-02,3.53
2017-02,3.52
2017-02,3.57
2017-02,3.53
2017-02,3.52
2017-02,3.49
2017-02,3.47
2017-02,3.43
2017-02,3.43
2017-02,3.46
2017-02,3.47
2017-02,3.46
2017-02,3.48
2017-02,3.49
2017-02,3.53
2017-02,3.51
2017-02,3.51
2017-03,3.42
2017-03,3.4
2017-03,3.39
2017-03,3.39
2017-03,3.44
2017-03,3.48
2017-03,3.54
2017-03,3.52
2017-03,3.54
2017-03,3.61
2017-03,3.63
2017-03,3.54
2017-03,3.52
2017-03,3.5
2017-03,3.48
2017-03,3.54
2017-03,3.51
2017-03,3.5
2017-03,3.49
2017-03,3.49
2017-03,3.51
2017-03,3.51
2017-03,3.57
2017-04,3.6
2017-04,3.6
2017-04,3.57
2017-04,3.57
2017-04,3.58
2017-04,3.6
2017-04,3.6
2017-04,3.61
2017-04,3.63
2017-04,
2017-04,3.61
2017-04,3.61
2017-04,3.56
2017-04,3.54
2017-04,3.53
2017-04,3.33
2017-04,3.3
2017-04,3.3
2017-04,3.33
2017-04,3.29
2017-04,3.3
2017-05,3.3
2017-05,3.23
2017-05,3.2
2017-05,3.14
2017-05,3.12
2017-05,3.08
2017-05,3.06
2017-05,3.03
2017-05,3.03
2017-05,3.07
2017-05,3.04
2017-05,3.02
2017-05,3.06
2017-05,3.2
2017-05,3.13
2017-05,3.08
2017-05,3.06
2017-05,3.03
2017-05,3.04
2017-05,3.03
2017-05,3.02
2017-05,3.02
2017-05,3.03
2017-06,3.02
2017-06,3.02
2017-06,2.97
2017-06,2.97
2017-06,2.96
2017-06,2.95
2017-06,2.93
2017-06,2.93
2017-06,2.89
2017-06,2.87
2017-06,2.84
2017-06,2.88
2017-06,2.85
2017-06,2.83
2017-06,2.82
2017-06,2.87
2017-06,2.86
2017-06,2.79
2017-06,2.76
2017-06,2.83
2017-06,2.82
2017-06,2.88
2017-07,2.89
2017-07,2.9
2017-07,2.91
2017-07,2.91
2017-07,2.97
2017-07,3.0
2017-07,2.97
2017-07,2.94
2017-07,2.91
2017-07,2.89
2017-07,2.91
2017-07,2.89
2017-07,2.85
2017-07,2.84
2017-07,2.84
2017-07,2.82
2017-07,2.77
2017-07,2.75
2017-07,2.72
2017-07,2.72
2017-07,2.68
2017-08,2.68
2017-08,2.65
2017-08,2.61
2017-08,2.58
2017-08,2.57
2017-08,2.57
2017-08,2.65
2017-08,2.7
2017-08,2.82
2017-08,2.75
2017-08,2.73
2017-08,2.69
2017-08,2.7
2017-08,2.74
2017-08,2.74
2017-08,2.73
2017-08,2.76
2017-08,2.77
2017-08,2.76
2017-08,2.77
2017-08,2.79
2017-08,2.76
2017-08,2.73
2017-09,2.72
2017-09,2.72
2017-09,2.72
2017-09,2.74
2017-09,2.74
2017-09,2.74
2017-09,2.71
2017-09,2.66
2017-09,2.65
2017-09,2.67
2017-09,2.64
2017-09,2.61
2017-09,2.6
2017-09,2.59
2017-09,2.59
2017-09,2.57
2017-09,2.6
2017-09,2.6
2017-09,2.57
2017-09,2.55
2017-09,2.55
2017-09,2.62
2017-10,2.61
2017-10,2.58
2017-10,2.58
2017-10,2.55
2017-10,2.54
2017-10,2.53
2017-10,2.54
2017-10,2.5
2017-10,2.49
2017-10,2.48
2017-10,2.48
2017-10,2.45
2017-10,2.44
2017-10,2.44
2017-10,2.44
2017-10,2.36
2017-10,2.33
2017-10,2.33
2017-10,2.35
2017-10,2.36
2017-10,2.33
2017-10,2.39
2017-11,2.4
2017-11,2.38
2017-11,2.37
2017-11,2.39
2017-11,2.38
2017-11,2.47
2017-11,2.53
2017-11,2.63
2017-11,2.63
2017-11,2.71
2017-11,2.83
2017-11,2.75
2017-11,2.75
2017-11,2.73
2017-11,2.72
2017-11,2.68
2017-11,2.67
2017-11,2.65
2017-11,2.65
2017-11,2.66
2017-11,2.63
2017-11,2.73
2017-12,2.77
2017-12,2.77
2017-12,2.79
2017-12,2.84
2017-12,2.87
2017-12,2.87
2017-12,2.87
2017-12,2.86
2017-12,2.88
2017-12,2.88
2017-12,2.88
2017-12,2.88
2017-12,2.84
2017-12,2.81
2017-12,2.78
2017-12,2.77
2017-12,
2017-12,2.76
2017-12,2.79
2017-12,2.74
2017-12,2.72
2017-12,2.79
2018-01,
2018-01,2.76
2018-01,2.71
2018-01,2.67
2018-01,2.64
2018-01,2.64
2018-01,2.61
2018-01,2.65
2018-01,2.62
2018-01,2.61
2018-01,2.6
2018-01,2.58
2018-01,2.59
2018-01,2.58
2018-01,2.59
2018-01,2.58
2018-01,2.56
2018-01,2.53
2018-01,2.53
2018-01,2.5
2018-01,2.49
2018-01,2.57
2018-01,2.56
2018-02,2.56
2018-02,2.6
2018-02,2.65
2018-02,2.76
2018-02,2.67
2018-02,2.67
2018-02,2.82
2018-02,2.8
2018-02,2.89
2018-02,2.9
2018-02,2.83
2018-02,2.79
2018-02,2.75
2018-02,2.77
2018-02,2.78
2018-02,2.82
2018-02,2.87
2018-02,2.85
2018-02,2.81
2018-02,2.86
2018-03,2.89
2018-03,2.92
2018-03,2.95
2018-03,2.88
2018-03,2.88
2018-03,2.87
2018-03,2.83
2018-03,2.81
2018-03,2.8
2018-03,2.86
2018-03,2.89
2018-03,2.89
2018-03,2.91
2018-03,2.94
2018-03,2.93
2018-03,3.02
2018-03,3.06
2018-03,3.06
2018-03,3.04
2018-03,3.05
2018-03,3.05
2018-03,
2018-03,3.15
2018-04,3.15
2018-04,3.15
2018-04,3.16
2018-04,3.12
2018-04,3.12
2018-04,3.1
2018-04,3.06
2018-04,3.06
2018-04,3.03
2018-04,2.99
2018-04,2.96
2018-04,2.94
2018-04,2.94
2018-04,2.94
2018-04,2.95
2018-04,2.94
2018-04,2.93
2018-04,2.96
2018-04,2.99
2018-04,2.99
2018-04,3.02
2018-05,3.02
2018-05,3.02
2018-05,3.07
2018-05,3.07
2018-05,3.08
2018-05,3.07
2018-05,3.07
2018-05,3.08
2018-05,3.04
2018-05,3.0
2018-05,2.99
2018-05,3.05
2018-05,3.05
2018-05,3.12
2018-05,3.18
2018-05,3.18
2018-05,3.31
2018-05,3.32
2018-05,3.42
2018-05,3.49
2018-05,3.76
2018-05,3.7
2018-05,3.7
2018-06,3.58
2018-06,3.48
2018-06,3.5
2018-06,3.48
2018-06,3.48
2018-06,3.6
2018-06,3.53
2018-06,3.5
2018-06,3.49
2018-06,3.47
2018-06,3.46
2018-06,3.46
2018-06,3.51
2018-06,3.5
2018-06,3.57
2018-06,3.57
2018-06,3.63
2018-06,3.7
2018-06,3.76
2018-06,3.84
2018-06,3.81
2018-06,3.88
2018-07,3.93
2018-07,3.88
2018-07,3.83
2018-07,3.76
2018-07,3.72
2018-07,3.67
2018-07,3.6
2018-07,3.63
2018-07,3.62
2018-07,3.6
2018-07,3.56
2018-07,3.57
2018-07,3.54
2018-07,3.55
2018-07,3.55
2018-07,3.53
2018-07,3.51
2018-07,3.51
2018-07,3.49
2018-07,3.46
2018-07,3.44
2018-07,3.51
2018-08,3.45
2018-08,3.49
2018-08,3.53
2018-08,3.53
2018-08,3.49
2018-08,3.49
2018-08,3.52
2018-08,3.59
2018-08,3.64
2018-08,3.63
2018-08,3.65
2018-08,3.64
2018-08,3.65
2018-08,3.63
2018-08,3.58
2018-08,3.55
2018-08,3.55
2018-08,3.56
2018-08,3.56
2018-08,3.51
2018-08,3.52
2018-08,3.61
2018-08,3.67
2018-09,3.69
2018-09,3.68
2018-09,3.67
2018-09,3.71
2018-09,3.68
2018-09,3.63
2018-09,3.59
2018-09,3.6
2018-09,3.58
2018-09,3.55
2018-09,3.5
2018-09,3.47
2018-09,3.45
2018-09,3.44
2018-09,3.44
2018-09,3.41
2018-09,3.4
2018-09,3.41
2018-09,3.42
2018-09,3.5
2018-09,3.55
2018-10,3.53
2018-10,3.58
2018-10,3.51
2018-10,3.47
2018-10,3.49
2018-10,3.55
2018-10,3.6
2018-10,3.61
2018-10,3.75
2018-10,3.72
2018-10,3.72
2018-10,3.73
2018-10,3.73
2018-10,3.81
2018-10,3.87
2018-10,3.84
2018-10,3.93
2018-10,3.98
2018-10,4.04
2018-10,4.14
2018-10,4.1
2018-10,4.09
2018-10,4.13
2018-11,4.1
2018-11,4.02
2018-11,4.02
2018-11,4.0
2018-11,3.93
2018-11,3.91
2018-11,3.98
2018-11,4.05
2018-11,4.11
2018-11,4.17
2018-11,4.34
2018-11,4.46
2018-11,4.56
2018-11,4.7
2018-11,4.6
2018-11,4.56
2018-11,4.6
2018-11,4.57
2018-11,4.66
2018-11,4.68
2018-11,4.72
2018-11,4.8
2018-12,4.73
2018-12,4.81
2018-12,4.88
2018-12,4.98
2018-12,4.98
2018-12,5.06
2018-12,5.08
2018-12,4.96
2018-12,4.85
2018-12,4.87
2018-12,4.87
2018-12,4.91
2018-12,4.91
2018-12,4.95
2018-12,4.98
2018-12,4.98
2018-12,
2018-12,4.98
2018-12,5.02
2018-12,5.01
2018-12,5.06
2019-01,
2019-01,5.13
2019-01,5.23
2019-01,5.21
2019-01,5.14
2019-01,5.02
2019-01,4.9
2019-01,4.94
2019-01,4.88
2019-01,4.89
2019-01,4.86
2019-01,4.74
2019-01,4.7
2019-01,4.62
2019-01,4.59
2019-01,4.63
2019-01,4.65
2019-01,4.66
2019-01,4.6
2019-01,4.59
2019-01,4.59
2019-01,4.56
2019-01,4.49
2019-02,4.49
2019-02,4.48
2019-02,4.4
2019-02,4.34
2019-02,4.43
2019-02,4.49
2019-02,4.48
2019-02,4.42
2019-02,4.4
2019-02,4.35
2019-02,4.34
2019-02,4.29
2019-02,4.25
2019-02,4.23
2019-02,4.18
2019-02,4.18
2019-02,4.1
2019-02,4.04
2019-02,3.97
2019-02,3.97
2019-03,3.95
2019-03,3.93
2019-03,3.91
2019-03,3.97
2019-03,4.04
2019-03,4.14
2019-03,4.1
2019-03,4.02
2019-03,3.98
2019-03,3.91
2019-03,3.9
2019-03,3.84
2019-03,3.77
2019-03,3.82
2019-03,3.87
2019-03,3.92
2019-03,3.95
2019-03,3.9
2019-03,3.93
2019-03,3.91
2019-03,3.85
2019-03,3.92
2019-04,3.82
2019-04,3.76
2019-04,3.69
2019-04,3.73
2019-04,3.69
2019-04,3.69
2019-04,3.68
2019-04,3.68
2019-04,3.65
2019-04,3.57
2019-04,3.53
2019-04,3.51
2019-04,3.48
2019-04,3.51
2019-04,
2019-04,3.51
2019-04,3.48
2019-04,3.53
2019-04,3.63
2019-04,3.66
2019-04,3.62
2019-04,3.65
2019-05,3.65
2019-05,3.7
2019-05,3.73
2019-05,3.76
2019-05,3.86
2019-05,3.98
2019-05,4.07
2019-05,4.02
2019-05,4.12
2019-05,4.09
2019-05,4.09
2019-05,4.04
2019-05,4.02
2019-05,4.0
2019-05,3.95
2019-05,3.97
2019-05,4.08
2019-05,4.04
2019-05,4.05
2019-05,4.07
2019-05,4.14
2019-05,4.15
2019-05,4.32
2019-06,4.36
2019-06,4.29
2019-06,4.25
2019-06,4.22
2019-06,4.18
2019-06,4.09
2019-06,4.02
2019-06,4.07
2019-06,4.04
2019-06,4.03
2019-06,4.02
2019-06,3.95
2019-06,3.81
2019-06,3.66
2019-06,3.67
2019-06,3.67
2019-06,3.76
2019-06,3.77
2019-06,3.72
2019-06,3.67
2019-06,3.71
2019-07,3.64
2019-07,3.61
2019-07,3.52
2019-07,3.49
2019-07,3.48
2019-07,3.53
2019-07,3.6
2019-07,3.58
2019-07,3.56
2019-07,3.55
2019-07,3.56
2019-07,3.56
2019-07,3.62
2019-07,3.69
2019-07,3.67
2019-07,3.68
2019-07,3.64
2019-07,3.58
2019-07,3.47
2019-07,3.48
2019-07,3.48
2019-07,3.57
2019-07,3.69
2019-08,3.68
2019-08,3.8
2019-08,3.95
2019-08,3.93
2019-08,3.95
2019-08,3.9
2019-08,3.91
2019-08,3.93
2019-08,3.97
2019-08,3.98
2019-08,4.05
2019-08,4.02
2019-08,3.95
2019-08,3.9
2019-08,3.79
2019-08,3.67
2019-08,3.65
2019-08,3.72
2019-08,3.63
2019-08,3.61
2019-08,3.58
2019-08,3.57
2019-08,3.59
2019-09,3.59
2019-09,3.62
2019-09,3.58
2019-09,3.54
2019-09,3.56
2019-09,3.54
2019-09,3.57
2019-09,3.58
2019-09,3.41
2019-09,3.36
2019-09,3.37
2019-09,3.38
2019-09,3.43
2019-09,3.44
2019-09,3.43
2019-09,3.47
2019-09,3.51
2019-09,3.6
2019-09,3.61
2019-09,3.62
2019-09,3.66
2019-10,3.61
2019-10,3.7
2019-10,3.8
2019-10,3.89
2019-10,3.92
2019-10,3.99
2019-10,3.92
2019-10,3.84
2019-10,3.74
2019-10,3.73
2019-10,3.67
2019-10,3.61
2019-10,3.6
2019-10,3.62
2019-10,3.58
2019-10,3.56
2019-10,3.56
2019-10,3.61
2019-10,3.63
2019-10,3.6
2019-10,3.62
2019-10,3.63
2019-10,3.72
2019-11,3.7
2019-11,3.63
2019-11,3.57
2019-11,3.56
2019-11,3.5
2019-11,3.53
2019-11,3.53
2019-11,3.53
2019-11,3.59
2019-11,3.62
2019-11,3.63
2019-11,3.62
2019-11,3.63
2019-11,3.64
2019-11,3.65
2019-11,3.65
2019-11,3.59
2019-11,3.52
2019-11,3.47
2019-11,
2019-11,3.41
2019-11,3.48
2019-12,3.44
2019-12,3.51
2019-12,3.48
2019-12,3.43
2019-12,3.41
2019-12,3.38
2019-12,3.37
2019-12,3.36
2019-12,3.31
2019-12,3.24
2019-12,3.19
2019-12,3.2
2019-12,3.18
2019-12,3.17
2019-12,3.17
2019-12,3.16
2019-12,3.15
2019-12,
2019-12,3.14
2019-12,3.15
2019-12,3.09
2019-12,3.08
2020-01,
2020-01,3.06
2020-01,3.08
2020-01,3.13
2020-01,3.13
2020-01,3.16
2020-01,3.11
2020-01,3.09
2020-01,3.07
2020-01,3.06
2020-01,3.06
2020-01,3.04
2020-01,3.01
2020-01,3.0
2020-01,3.05
2020-01,3.06
2020-01,3.14
2020-01,3.16
2020-01,3.33
2020-01,3.31
2020-01,3.28
2020-01,3.36
2020-01,3.35
2020-02,3.38
2020-02,3.29
2020-02,3.2
2020-02,3.15
2020-02,3.16
2020-02,3.18
2020-02,3.12
2020-02,3.07
2020-02,3.08
2020-02,3.05
2020-02,3.04
2020-02,3.04
2020-02,3.01
2020-02,3.0
2020-02,3.02
2020-02,3.29
2020-02,3.39
2020-02,3.52
2020-02,3.74
2020-02,4.11
2020-02,4.09
2020-03,4.15
2020-03,3.96
2020-03,3.95
2020-03,4.09
2020-03,4.45
2020-03,5.39
2020-03,5.33
2020-03,5.5
2020-03,6.29
2020-03,6.34
2020-03,7.13
2020-03,7.55
2020-03,8.19
2020-03,8.39
2020-03,8.37
2020-03,8.66
2020-03,8.39
2020-03,7.96
2020-03,7.65
2020-03,7.6
2020-03,7.71
2020-03,7.54
2020-04,7.52
2020-04,7.48
2020-04,7.47
2020-04,7.37
2020-04,7.06
2020-04,6.95
2020-04,6.58
2020-04,
2020-04,6.59
2020-04,6.2
2020-04,6.26
2020-04,6.34
2020-04,6.31
2020-04,6.34
2020-04,6.52
2020-04,6.48
2020-04,6.4
2020-04,6.43
2020-04,6.32
2020-04,6.29
2020-04,6.29
2020-04,6.34
2020-05,6.35
2020-05,6.51
2020-05,6.53
2020-05,6.46
2020-05,6.47
2020-05,6.52
2020-05,6.41
2020-05,6.39
2020-05,6.44
2020-05,6.58
2020-05,6.59
2020-05,6.49
2020-05,6.34
2020-05,6.23
2020-05,6.19
2020-05,6.16
2020-05,6.22
2020-05,5.96
2020-05,5.71
2020-05,5.6
2020-05,5.6
2020-05,5.57
2020-06,5.47
2020-06,5.36
2020-06,5.19
2020-06,5.07
2020-06,4.77
2020-06,4.69
2020-06,4.81
2020-06,4.93
2020-06,5.21
2020-06,5.21
2020-06,5.26
2020-06,4.99
2020-06,4.99
2020-06,5.04
2020-06,5.06
2020-06,5.15
2020-06,5.11
2020-06,5.14
2020-06,5.23
2020-06,5.23
2020-06,5.25
2020-06,5.21
2020-07,5.14
2020-07,5.12
2020-07,5.11
2020-07,5.06
2020-07,5.04
2020-07,5.07
2020-07,5.08
2020-07,5.1
2020-07,5.06
2020-07,5.07
2020-07,5.0
2020-07,5.0
2020-07,4.96
2020-07,4.92
2020-07,4.83
2020-07,4.83
2020-07,4.75
2020-07,4.73
2020-07,4.76
2020-07,4.8
2020-07,4.79
2020-07,4.87
2020-07,4.87
2020-08,4.85
2020-08,4.84
2020-08,4.76
2020-08,4.74
2020-08,4.71
2020-08,4.69
2020-08,4.61
2020-08,4.53
2020-08,4.48
2020-08,4.53
2020-08,4.56
2020-08,4.58
2020-08,4.59
2020-08,4.59
2020-08,4.59
2020-08,4.56
2020-08,4.5
2020-08,4.48
2020-08,4.48
2020-08,4.48
2020-08,4.46
2020-09,4.44
2020-09,4.42
2020-09,4.4
2020-09,4.4
2020-09,4.39
2020-09,4.41
2020-09,4.41
2020-09,4.35
2020-09,4.4
2020-09,4.4
2020-09,4.38
2020-09,4.34
2020-09,4.38
2020-09,4.38
2020-09,4.54
2020-09,4.62
2020-09,4.59
2020-09,4.74
2020-09,4.84
2020-09,4.8
2020-09,4.78
2020-09,4.72
2020-10,4.66
2020-10,4.66
2020-10,4.58
2020-10,4.52
2020-10,4.5
2020-10,4.48
2020-10,4.47
2020-10,4.44
2020-10,4.44
2020-10,4.46
2020-10,4.58
2020-10,4.57
2020-10,4.54
2020-10,4.53
2020-10,4.5
2020-10,4.5
2020-10,4.47
2020-10,4.5
2020-10,4.53
2020-10,4.71
2020-10,4.79
2020-10,4.81
2020-10,4.82
2020-11,4.81
2020-11,4.68
2020-11,4.62
2020-11,4.42
2020-11,4.38
2020-11,4.07
2020-11,4.04
2020-11,4.03
2020-11,4.06
2020-11,4.07
2020-11,3.96
2020-11,3.94
2020-11,3.91
2020-11,3.91
2020-11,3.89
2020-11,3.83
2020-11,3.74
2020-11,3.72
2020-11,3.72
2020-11,3.71
2020-11,3.69
2020-12,3.62
2020-12,3.58
2020-12,3.56
2020-12,3.5
2020-12,3.51
2020-12,3.54
2020-12,3.53
2020-12,3.53
2020-12,3.6
2020-12,3.57
2020-12,3.57
2020-12,3.52
2020-12,3.48
2020-12,3.47
2020-12,3.58
2020-12,3.56
2020-12,3.51
2020-12,3.51
2020-12,
2020-12,3.52
2020-12,3.52
2020-12,3.51
2020-12,3.55
2021-01,
2021-01,3.49
2021-01,3.47
2021-01,3.43
2021-01,3.39
2021-01,3.36
2021-01,3.36
2021-01,3.4
2021-01,3.42
2021-01,3.43
2021-01,3.43
2021-01,3.44
2021-01,3.4
2021-01,3.35
2021-01,3.3
2021-01,3.33
2021-01,3.38
2021-01,3.4
2021-01,3.46
2021-01,3.54
2021-01,3.43
2021-01,3.5
2021-02,3.45
2021-02,3.37
2021-02,3.28
2021-02,3.27
2021-02,3.22
2021-02,3.21
2021-02,3.23
2021-02,3.22
2021-02,3.21
2021-02,3.2
2021-02,3.16
2021-02,3.13
2021-02,3.15
2021-02,3.13
2021-02,3.12
2021-02,3.14
2021-02,3.13
2021-02,3.12
2021-02,3.1
2021-02,3.22
2021-02,3.24
2021-03,3.24
2021-03,3.22
2021-03,3.18
2021-03,3.21
2021-03,3.24
2021-03,3.25
2021-03,3.22
2021-03,3.21
2021-03,3.14
2021-03,3.13
2021-03,3.14
2021-03,3.12
2021-03,3.12
2021-03,3.15
2021-03,3.19
2021-03,3.2
2021-03,3.2
2021-03,3.19
2021-03,3.19
2021-03,3.17
2021-03,3.16
2021-03,3.12
2021-03,3.14
2021-04,3.11
2021-04,
2021-04,3.1
2021-04,3.05
2021-04,3.04
2021-04,3.03
2021-04,3.01
2021-04,3.0
2021-04,3.01
2021-04,2.99
2021-04,2.99
2021-04,2.95
2021-04,2.94
2021-04,3.0
2021-04,3.02
2021-04,3.01
2021-04,3.0
2021-04,2.99
2021-04,2.99
2021-04,2.97
2021-04,2.93
2021-04,3.04
2021-05,3.02
2021-05,3.05
2021-05,3.03
2021-05,3.05
2021-05,3.04
2021-05,3.02
2021-05,3.03
2021-05,3.02
2021-05,3.09
2021-05,3.06
2021-05,3.04
2021-05,3.03
2021-05,3.06
2021-05,3.05
2021-05,3.05
2021-05,3.04
2021-05,3.03
2021-05,3.02
2021-05,2.99
2021-05,2.98
2021-05,3.03
2021-06,2.99
2021-06,2.96
2021-06,2.96
2021-06,2.94
2021-06,2.91
2021-06,2.9
2021-06,2.89
2021-06,2.89
2021-06,2.87
2021-06,2.87
2021-06,2.87
2021-06,2.89
2021-06,2.92
2021-06,2.92
2021-06,2.92
2021-06,2.93
2021-06,2.93
2021-06,2.93
2021-06,2.91
2021-06,2.92
2021-06,2.92
2021-06,2.96
2021-07,2.98
2021-07,2.98
2021-07,2.97
2021-07,3.0
2021-07,3.0
2021-07,3.03
2021-07,3.01
2021-07,3.01
2021-07,3.01
2021-07,3.01
2021-07,3.01
2021-07,3.02
2021-07,3.07
2021-07,3.12
2021-07,3.09
2021-07,3.09
2021-07,3.08
2021-07,3.07
2021-07,3.09
2021-07,3.1
2021-07,3.07
2021-07,3.06
2021-07,3.13
2021-08,3.12
2021-08,3.11
2021-08,3.08
2021-08,3.07
2021-08,3.04
2021-08,3.04
2021-08,3.04
2021-08,3.05
2021-08,3.05
2021-08,3.04
2021-08,3.05
2021-08,3.06
2021-08,3.06
2021-08,3.08
2021-08,3.08
2021-08,3.06
2021-08,3.06
2021-08,3.03
2021-08,3.04
2021-08,3.04
2021-08,3.03
2021-08,3.03
2021-09,3.02
2021-09,3.01
2021-09,3.0
2021-09,2.99
2021-09,2.95
2021-09,2.96
2021-09,2.96
2021-09,2.94
2021-09,2.93
2021-09,2.91
2021-09,2.88
2021-09,2.86
2021-09,2.85
2021-09,2.92
2021-09,2.93
2021-09,2.92
2021-09,2.9
2021-09,2.93
2021-09,2.94
2021-09,2.99
2021-09,3.01
2021-09,3.04
2021-10,3.1
2021-10,3.12
2021-10,3.14
2021-10,3.23
2021-10,3.23
2021-10,3.22
2021-10,3.26
2021-10,3.31
2021-10,3.3
2021-10,3.25
2021-10,3.22
2021-10,3.2
2021-10,3.18
2021-10,3.19
2021-10,3.19
2021-10,3.18
2021-10,3.23
2021-10,3.2
2021-10,3.17
2021-10,3.14
2021-10,3.12
2021-10,3.22
2021-11,3.23
2021-11,3.31
2021-11,3.3
2021-11,3.32
2021-11,3.3
2021-11,3.25
2021-11,3.27
2021-11,3.25
2021-11,3.25
2021-11,3.3
2021-11,3.29
2021-11,3.3
2021-11,3.3
2021-11,3.31
2021-11,3.34
2021-11,3.34
2021-11,3.36
2021-11,3.39
2021-11,3.42
2021-11,3.64
2021-11,3.64
2021-11,3.71
2021-12,3.6
2021-12,3.62
2021-12,3.58
2021-12,3.57
2021-12,3.46
2021-12,3.41
2021-12,3.43
2021-12,3.42
2021-12,3.42
2021-12,3.41
2021-12,3.4
2021-12,3.4
2021-12,3.42
2021-12,3.46
2021-12,3.42
2021-12,3.4
2021-12,3.37
2021-12,
2021-12,3.37
2021-12,3.35
2021-12,3.33
2021-12,3.32
2021-12,3.31
2022-01,3.28
2022-01,3.24
2022-01,3.22
2022-01,3.22
2022-01,3.2
2022-01,3.23
2022-01,3.23
2022-01,3.23
2022-01,3.24
2022-01,3.25
2022-01,3.25
2022-01,3.31
2022-01,3.32
2022-01,3.34
2022-01,3.41
2022-01,3.53
2022-01,3.57
2022-01,3.51
2022-01,3.55
2022-01,3.64
2022-01,3.67
2022-02,3.64
2022-02,3.58
2022-02,3.58
2022-02,3.76
2022-02,3.96
2022-02,3.89
2022-02,3.83
2022-02,3.81
2022-02,3.88
2022-02,4.03
2022-02,3.96
2022-02,3.94
2022-02,3.99
2022-02,4.04
2022-02,4.09
2022-02,4.13
2022-02,4.1
2022-02,4.41
2022-02,4.25
2022-02,4.45
2022-03,4.59
2022-03,4.54
2022-03,4.54
2022-03,4.76
2022-03,4.94
2022-03,4.92
2022-03,4.74
2022-03,4.65
2022-03,4.63
2022-03,4.6
2022-03,4.74
2022-03,4.58
2022-03,4.44
2022-03,4.42
2022-03,4.3
2022-03,4.24
2022-03,4.25
2022-03,4.24
2022-03,4.21
2022-03,4.18
2022-03,4.02
2022-03,3.94
2022-03,4.0
2022-04,3.98
2022-04,3.98
2022-04,3.92
2022-04,4.01
2022-04,4.01
2022-04,4.0
2022-04,3.97
2022-04,4.11
2022-04,4.17
2022-04,4.17
2022-04,
2022-04,4.17
2022-04,4.2
2022-04,4.22
2022-04,4.12
2022-04,4.09
2022-04,4.31
2022-04,4.38
2022-04,4.55
2022-04,4.5
2022-04,4.54
2022-04,4.54
2022-05,4.59
2022-05,4.64
2022-05,4.69
2022-05,4.69
2022-05,4.86
2022-05,5.15
2022-05,5.12
2022-05,4.99
2022-05,5.1
2022-05,5.01
2022-05,4.97
2022-05,4.8
2022-05,4.81
2022-05,5.01
2022-05,5.0
2022-05,4.97
2022-05,5.05
2022-05,5.08
2022-05,5.0
2022-05,4.91
2022-05,4.79
2022-05,4.74
2022-06,4.72
2022-06,4.67
2022-06,4.63
2022-06,4.6
2022-06,4.65
2022-06,4.63
2022-06,4.64
2022-06,4.76
2022-06,5.02
2022-06,5.16
2022-06,5.23
2022-06,5.35
2022-06,5.42
2022-06,5.42
2022-06,5.37
2022-06,5.52
2022-06,5.77
2022-06,5.8
2022-06,5.74
2022-06,5.74
2022-06,6.01
2022-06,6.41
2022-07,6.53
2022-07,6.45
2022-07,6.59
2022-07,6.68
2022-07,6.5
2022-07,6.37
2022-07,6.4
2022-07,6.46
2022-07,6.38
2022-07,6.38
2022-07,6.43
2022-07,6.31
2022-07,6.13
2022-07,5.87
2022-07,5.83
2022-07,5.91
2022-07,5.78
2022-07,5.87
2022-07,5.85
2022-07,5.91
2022-07,5.77
2022-07,5.81
2022-08,5.76
2022-08,5.75
2022-08,5.62
2022-08,5.57
2022-08,5.44
2022-08,5.44
2022-08,5.4
2022-08,5.45
2022-08,5.32
2022-08,5.23
2022-08,5.27
2022-08,5.22
2022-08,5.22
2022-08,5.28
2022-08,5.27
2022-08,5.42
2022-08,5.5
2022-08,5.47
2022-08,5.44
2022-08,5.36
2022-08,5.34
2022-08,5.41
2022-08,5.53
2022-09,5.72
2022-09,5.75
2022-09,5.85
2022-09,5.78
2022-09,5.75
2022-09,5.51
2022-09,5.43
2022-09,5.35
2022-09,5.34
2022-09,5.45
2022-09,5.4
2022-09,5.48
2022-09,5.48
2022-09,5.43
2022-09,5.5
2022-09,5.48
2022-09,5.55
2022-09,5.73
2022-09,5.71
2022-09,6.03
2022-09,6.13
2022-09,6.25
2022-10,6.4
2022-10,6.11
2022-10,6.02
2022-10,5.97
2022-10,6.0
2022-10,6.07
2022-10,6.24
2022-10,6.29
2022-10,6.31
2022-10,6.2
2022-10,6.19
2022-10,6.09
2022-10,6.02
2022-10,6.06
2022-10,6.13
2022-10,6.13
2022-10,6.1
2022-10,6.01
2022-10,6.0
2022-10,5.88
2022-10,5.8
2022-11,5.74
2022-11,5.74
2022-11,5.78
2022-11,5.66
2022-11,5.54
2022-11,5.48
2022-11,5.53
2022-11,5.47
2022-11,5.11
2022-11,5.08
2022-11,5.09
2022-11,5.2
2022-11,5.24
2022-11,5.24
2022-11,5.23
2022-11,5.17
2022-11,5.08
2022-11,5.0
2022-11,4.92
2022-11,4.94
2022-11,5.03
2022-11,5.06
2022-12,5.06
2022-12,5.0
2022-12,4.99
2022-12,5.06
2022-12,5.14
2022-12,5.14
2022-12,5.09
2022-12,5.09
2022-12,5.04
2022-12,5.01
2022-12,4.87
2022-12,5.0
2022-12,5.04
2022-12,5.07
2022-12,5.07
2022-12,5.02
2022-12,4.98
2022-12,
2022-12,4.92
2022-12,4.93
2022-12,4.97
2022-12,4.94
2022-12,4.98
2023-01,
2023-01,4.9
2023-01,4.86
2023-01,4.83
2023-01,4.85
2023-01,4.73
2023-01,4.68
2023-01,4.67
2023-01,4.62
2023-01,4.53
2023-01,4.49
2023-01,4.56
2023-01,4.5
2023-01,4.5
2023-01,4.46
2023-01,4.45
2023-01,4.47
2023-01,4.47
2023-01,4.4
2023-01,4.36
2023-01,4.33
2023-01,4.41
2023-02,4.35
2023-02,4.29
2023-02,4.18
2023-02,4.15
2023-02,4.15
2023-02,4.08
2023-02,4.07
2023-02,4.09
2023-02,4.12
2023-02,4.07
2023-02,4.08
2023-02,4.05
2023-02,4.12
2023-02,4.12
2023-02,4.18
2023-02,4.29
2023-02,4.24
2023-02,4.18
2023-02,4.16
2023-02,4.21
2023-03,4.15
2023-03,4.2
2023-03,4.14
2023-03,4.01
2023-03,4.0
2023-03,4.03
2023-03,4.08
2023-03,4.4
2023-03,4.81
2023-03,4.63
2023-03,5.14
2023-03,5.06
2023-03,5.22
2023-03,5.5
2023-03,5.05
2023-03,4.9
2023-03,5.06
2023-03,5.23
2023-03,5.11
2023-03,5.03
2023-03,4.95
2023-03,4.77
2023-03,4.74
2023-04,4.77
2023-04,4.75
2023-04,4.9
2023-04,4.89
2023-04,
2023-04,4.9
2023-04,4.77
2023-04,4.68
2023-04,4.65
2023-04,4.55
2023-04,4.51
2023-04,4.49
2023-04,4.47
2023-04,4.55
2023-04,4.54
2023-04,4.55
2023-04,4.66
2023-04,4.74
2023-04,4.66
2023-04,4.72
2023-04,4.79
2023-05,4.79
2023-05,4.82
2023-05,4.83
2023-05,4.95
2023-05,4.88
2023-05,4.82
2023-05,4.84
2023-05,4.87
2023-05,4.88
2023-05,4.84
2023-05,4.81
2023-05,4.78
2023-05,4.75
2023-05,4.65
2023-05,4.62
2023-05,4.57
2023-05,4.56
2023-05,4.62
2023-05,4.6
2023-05,4.55
2023-05,4.61
2023-05,4.64
2023-05,4.83
2023-06,4.81
2023-06,4.69
2023-06,4.6
2023-06,4.57
2023-06,4.48
2023-06,4.49
2023-06,4.47
2023-06,4.46
2023-06,4.39
2023-06,4.33
2023-06,4.3
2023-06,4.28
2023-06,4.25
2023-06,4.35
2023-06,4.38
2023-06,4.38
2023-06,4.49
2023-06,4.54
2023-06,4.47
2023-06,4.5
2023-06,4.42
2023-06,4.46
2023-07,4.38
2023-07,4.38
2023-07,4.4
2023-07,4.37
2023-07,4.43
2023-07,4.44
2023-07,4.41
2023-07,4.38
2023-07,4.34
2023-07,4.31
2023-07,4.38
2023-07,4.45
2023-07,4.4
2023-07,4.35
2023-07,4.38
2023-07,4.41
2023-07,4.39
2023-07,4.34
2023-07,4.3
2023-07,4.3
2023-07,4.38
2023-08,4.32
2023-08,4.4
2023-08,4.43
2023-08,4.44
2023-08,4.44
2023-08,4.54
2023-08,4.48
2023-08,4.44
2023-08,4.39
2023-08,4.38
2023-08,4.38
2023-08,4.42
2023-08,4.46
2023-08,4.53
2023-08,4.49
2023-08,4.5
2023-08,4.59
2023-08,4.56
2023-08,4.52
2023-08,4.51
2023-08,4.48
2023-08,4.47
2023-08,4.5
2023-09,4.47
2023-09,4.41
2023-09,4.39
2023-09,4.35
2023-09,4.35
2023-09,4.36
2023-09,4.3
2023-09,4.28
2023-09,4.24
2023-09,4.23
2023-09,4.15
2023-09,4.12
2023-09,4.1
2023-09,4.12
2023-09,4.18
2023-09,4.21
2023-09,4.24
2023-09,4.31
2023-09,4.33
2023-09,4.32
2023-09,4.37
2023-09,4.45
2023-10,4.42
2023-10,4.5
2023-10,4.63
2023-10,4.69
2023-10,4.74
2023-10,4.86
2023-10,4.77
2023-10,4.69
2023-10,4.62
2023-10,4.68
2023-10,4.69
2023-10,4.66
2023-10,4.71
2023-10,4.81
2023-10,4.93
2023-10,4.93
2023-10,4.83
2023-10,4.8
2023-10,4.89
2023-10,4.9
2023-10,4.88
2023-10,4.83
2023-11,4.82
2023-11,4.67
2023-11,4.65
2023-11,4.58
2023-11,4.61
2023-11,4.58
2023-11,4.55
2023-11,4.54
2023-11,4.5
2023-11,4.48
2023-11,4.4
2023-11,4.47
2023-11,4.44
2023-11,4.4
2023-11,4.41
2023-11,4.36
2023-11,4.3
2023-11,4.27
2023-11,4.32
2023-11,4.38
2023-11,4.32
2023-11,4.32
2023-12,4.35
2023-12,4.31
2023-12,4.32
2023-12,4.29
2023-12,4.28
2023-12,4.2
2023-12,4.19
2023-12,4.17
2023-12,4.17
2023-12,3.97
2023-12,3.95
2023-12,3.93
2023-12,3.94
2023-12,3.94
2023-12,3.94
2023-12,3.96
2023-12,
2023-12,3.97
2023-12,3.99
2023-12,4.0
2023-12,3.95
2023-12,3.96
2024-01,
2024-01,3.92
2024-01,4.08
2024-01,4.04
2024-01,4.08
2024-01,4.07
2024-01,4.0
2024-01,3.84
2024-01,3.78
2024-01,3.84
2024-01,3.81
2024-01,3.88
2024-01,3.88
2024-01,3.83
2024-01,3.77
2024-01,3.76
2024-01,3.73
2024-01,3.69
2024-01,3.75
2024-01,3.7
2024-01,3.74
2024-01,3.7
2024-01,3.85
2024-02,3.89
2024-02,3.75
2024-02,3.74
2024-02,3.77
2024-02,3.77
2024-02,3.71
2024-02,3.66
2024-02,3.64
2024-02,3.63
2024-02,3.63
2024-02,3.59
2024-02,3.52
2024-02,3.52
2024-02,3.54
2024-02,3.49
2024-02,3.43
2024-02,3.43
2024-02,3.37
2024-02,3.41
2024-02,3.44
2024-02,3.46
2024-03,3.46
2024-03,3.44
2024-03,3.5
2024-03,3.49
2024-03,3.49
2024-03,3.49
2024-03,3.45
2024-03,3.38
2024-03,3.32
2024-03,3.32
2024-03,3.32
2024-03,3.32
2024-03,3.35
2024-03,3.39
2024-03,3.44
2024-03,3.52
2024-03,3.47
2024-03,3.47
2024-03,3.53
2024-03,3.52
2024-03,
2024-03,3.58
2024-04,3.58
2024-04,3.58
2024-04,3.59
2024-04,3.56
2024-04,3.57
2024-04,3.53
2024-04,3.57
2024-04,3.52
2024-04,3.56
2024-04,3.68
2024-04,3.65
2024-04,3.77
2024-04,3.73
2024-04,3.68
2024-04,3.66
2024-04,3.65
2024-04,3.59
2024-04,3.55
2024-04,3.57
2024-04,3.57
2024-04,3.58
2024-04,3.5
2024-05,3.5
2024-05,3.51
2024-05,3.53
2024-05,3.55
2024-05,3.49
2024-05,3.44
2024-05,3.41
2024-05,3.39
2024-05,3.41
2024-05,3.39
2024-05,3.43
2024-05,3.37
2024-05,3.31
2024-05,3.29
2024-05,3.3
2024-05,3.28
2024-05,3.21
2024-05,3.24
2024-05,3.29
2024-05,3.24
2024-05,3.23
2024-05,3.25
2024-05,3.29
2024-06,3.21
2024-06,3.24
2024-06,3.24
2024-06,3.18
2024-06,3.13
2024-06,3.17
2024-06,3.25
2024-06,3.27
2024-06,3.32
2024-06,3.55
2024-06,3.55
2024-06,3.5
2024-06,3.47
2024-06,3.45
2024-06,3.49
2024-06,3.48
2024-06,3.48
2024-06,3.46
2024-06,3.49
2024-06,3.48
2024-06,3.53
2024-07,3.39
2024-07,3.4
2024-07,3.38
2024-07,3.33
2024-07,3.36
2024-07,3.34
2024-07,3.32
2024-07,3.34
2024-07,3.39
2024-07,3.36
2024-07,3.37
2024-07,3.4
2024-07,3.4
2024-07,3.41
2024-07,3.39
2024-07,3.34
2024-07,3.36
2024-07,3.39
2024-07,3.46
2024-07,3.47
2024-07,3.47
2024-07,3.47
2024-07,3.56
2024-08,3.6
2024-08,3.79
2024-08,4.02
2024-08,3.93
2024-08,3.78
2024-08,3.79
2024-08,3.79
2024-08,3.75
2024-08,3.78
2024-08,3.74
2024-08,3.63
2024-08,3.59
2024-08,3.57
2024-08,3.6
2024-08,3.62
2024-08,3.58
2024-08,3.59
2024-08,3.61
2024-08,3.53
2024-08,3.52
2024-08,3.5
2024-08,3.48
2024-08,3.43
2024-09,3.39
2024-09,3.44
2024-09,3.55
2024-09,3.54
2024-09,3.59
2024-09,3.59
2024-09,3.61
2024-09,3.73
2024-09,3.61
2024-09,3.59
2024-09,3.59
2024-09,3.54
2024-09,3.5
2024-09,3.44
2024-09,3.42
2024-09,3.48
2024-09,3.5
2024-09,3.47
2024-09,3.47
2024-09,3.47
2024-09,3.42
2024-10,3.45
2024-10,3.43
2024-10,3.42
2024-10,3.33
2024-10,3.31
2024-10,3.33
2024-10,3.32
2024-10,3.32
2024-10,3.29
2024-10,3.24
2024-10,3.27
2024-10,3.3
2024-10,3.25
2024-10,3.27
2024-10,3.2
2024-10,3.23
2024-10,3.25
2024-10,3.28
2024-10,3.24
2024-10,3.24
2024-10,3.19
2024-10,3.12
2024-10,3.17
2024-11,3.19
2024-11,3.19
2024-11,3.18
2024-11,3.19
2024-11,3.2
2024-11,3.21
2024-11,3.23
2024-11,3.23
2024-11,3.2
2024-11,3.19
2024-11,3.18
2024-11,3.17
2024-11,3.21
2024-11,3.2
2024-11,3.25
2024-11,3.33
2024-11,3.33
2024-11,3.33
2024-11,3.35
2024-11,3.39
2024-11,3.41
2024-11,3.31
2024-12,3.32
2024-12,3.25
2024-12,3.18
2024-12,3.09
2024-12,3.06
2024-12,3.04
2024-12,3.05
2024-12,3.05
2024-12,3.01
2024-12,2.98
2024-12,2.99
2024-12,3.02
2024-12,3.03
2024-12,3.07
2024-12,3.11
2024-12,3.1
2024-12,3.1
2024-12,
2024-12,3.1
2024-12,3.08
2024-12,3.09
2024-12,3.11
2025-01,
2025-01,3.09
2025-01,3.03
2025-01,3.01
2025-01,3.01
2025-01,3.07
2025-01,3.11
2025-01,3.11
2025-01,3.18
2025-01,3.13
2025-01,3.1
2025-01,3.07
2025-01,3.07
2025-01,3.06
2025-01,3.05
2025-01,3.01
2025-01,2.99
2025-01,2.96
2025-01,3.04
2025-01,2.99
2025-01,2.96
2025-01,2.97
2025-01,3.02
2025-02,3.14
2025-02,3.08
2025-02,3.03
2025-02,2.97
2025-02,2.96
2025-02,2.99
2025-02,2.92
2025-02,2.98
2025-02,2.97
2025-02,2.92
2025-02,2.89
2025-02,2.76
2025-02,2.74
2025-02,2.76
2025-02,2.8
2025-02,2.81
2025-02,2.81
2025-02,2.8
2025-02,2.8
2025-02,2.89
2025-03,2.8
2025-03,2.9
2025-03,2.74
2025-03,2.82
2025-03,2.89
2025-03,2.95
2025-03,2.99
2025-03,3.0
2025-03,3.1
2025-03,3.14
2025-03,3.14
2025-03,3.08
2025-03,3.07
2025-03,3.04
2025-03,3.08
2025-03,3.09
2025-03,3.08
2025-03,3.09
2025-03,3.21
2025-03,3.27
2025-03,3.28
2025-04,3.29
2025-04,3.29
2025-04,3.5
2025-04,3.79
2025-04,4.19
2025-04,4.03
2025-04,4.29
2025-04,3.95
2025-04,4.12
2025-04,4.04
2025-04,3.92
2025-04,3.91
2025-04,3.87
2025-04,
2025-04,3.87
2025-04,3.86
2025-04,3.58
2025-04,3.6
2025-04,3.54
2025-04,3.51
2025-04,3.52
2025-04,3.7
2025-05,3.7
2025-05,3.65
2025-05,3.65
2025-05,3.63
2025-05,3.62
2025-05,3.55
2025-05,3.49
2025-05,3.27
2025-05,3.23
2025-05,3.19
2025-05,3.28
2025-05,3.3
2025-05,3.32
2025-05,3.28
2025-05,3.26
2025-05,3.31
2025-05,3.42
2025-05,3.41
2025-05,3.37
2025-05,3.33
