Date,Skew
2005-01-03,118.38
2005-01-04,116.03
2005-01-05,114.72
2005-01-06,114.15
2005-01-07,114.95
2005-01-10,116.92
2005-01-11,115.29
2005-01-12,110.89
2005-01-13,112.57
2005-01-14,117.02
2005-01-14,117.02
2005-01-18,117.55
2005-01-19,115.4
2005-01-20,115.37
2005-01-21,123.58
2005-01-24,120.1
2005-01-25,121.29
2005-01-26,121.28
2005-01-27,125.01
2005-01-28,119.22
2005-01-31,119.87
2005-02-01,119.92
2005-02-02,121.2
2005-02-03,118.52
2005-02-04,123.18
2005-02-07,119.47
2005-02-08,120.75
2005-02-09,118.59
2005-02-10,119.71
2005-02-11,123.73
2005-02-14,118.9
2005-02-15,121.3
2005-02-16,122.1
2005-02-17,123.75
2005-02-18,127.87
2005-02-18,127.87
2005-02-22,124.5
2005-02-23,126.82
2005-02-24,125.33
2005-02-25,126.89
2005-02-28,119.82
2005-03-01,118.15
2005-03-02,116.6
2005-03-03,122.87
2005-03-04,121.98
2005-03-07,123.86
2005-03-08,127.25
2005-03-09,115.85
2005-03-10,118.5
2005-03-11,114.64
2005-03-14,113.03
2005-03-15,115.41
2005-03-16,112.82
2005-03-17,115.02
2005-03-18,121.75
2005-03-21,117.72
2005-03-22,117.15
2005-03-23,116.35
2005-03-24,119.08
2005-03-24,119.08
2005-03-28,114.21
2005-03-29,117.21
2005-03-30,117.36
2005-03-31,118.51
2005-04-01,116.28
2005-04-04,117.6
2005-04-05,118.07
2005-04-06,115.82
2005-04-07,115.81
2005-04-08,114.01
2005-04-11,112.55
2005-04-12,111.18
2005-04-13,121.01
2005-04-14,115.82
2005-04-15,120.41
2005-04-18,117.85
2005-04-19,121.86
2005-04-20,119.97
2005-04-21,122.8
2005-04-22,120.59
2005-04-25,121.68
2005-04-26,118.98
2005-04-27,123.91
2005-04-28,117.28
2005-04-29,116.12
2005-05-02,119.44
2005-05-03,118.29
2005-05-04,120.47
2005-05-05,122.82
2005-05-06,119.54
2005-05-09,119.57
2005-05-10,117.85
2005-05-11,120.91
2005-05-12,117.85
2005-05-13,118.22
2005-05-16,125.22
2005-05-17,122.02
2005-05-18,125.16
2005-05-19,127.39
2005-05-20,128.09
2005-05-23,131.23
2005-05-24,130.79
2005-05-25,128.6
2005-05-26,129.17
2005-05-27,125.92
2005-05-27,125.92
2005-05-31,120.56
2005-06-01,127.65
2005-06-02,127.81
2005-06-03,123.59
2005-06-06,122.68
2005-06-07,118.38
2005-06-08,121.36
2005-06-09,118.89
2005-06-10,118.48
2005-06-13,117.06
2005-06-14,120.13
2005-06-15,118.55
2005-06-16,119.11
2005-06-17,119.51
2005-06-20,121.29
2005-06-21,123.75
2005-06-22,123.98
2005-06-23,118.55
2005-06-24,115.92
2005-06-27,118.02
2005-06-28,119.31
2005-06-29,118.46
2005-06-30,118.19
2005-07-01,123.58
2005-07-01,123.58
2005-07-05,123.74
2005-07-06,121.08
2005-07-07,121.98
2005-07-08,125.02
2005-07-11,121.16
2005-07-12,114.08
2005-07-13,117.08
2005-07-14,122.32
2005-07-15,122.48
2005-07-18,120.34
2005-07-19,122.06
2005-07-20,119.56
2005-07-21,118.17
2005-07-22,123.71
2005-07-25,124.87
2005-07-26,128.46
2005-07-27,123.21
2005-07-28,122.62
2005-07-29,121.3
2005-08-01,122.04
2005-08-02,124.73
2005-08-03,126.6
2005-08-04,123.18
2005-08-05,124.87
2005-08-08,125.0
2005-08-09,129.16
2005-08-10,124.07
2005-08-11,126.87
2005-08-12,130.28
2005-08-15,121.1
2005-08-16,124.23
2005-08-17,126.12
2005-08-18,126.88
2005-08-19,131.42
2005-08-22,128.65
2005-08-23,128.47
2005-08-24,129.26
2005-08-25,133.49
2005-08-26,135.54
2005-08-29,136.64
2005-08-30,127.27
2005-08-31,122.61
2005-09-01,123.96
2005-09-02,124.85
2005-09-02,124.85
2005-09-06,124.65
2005-09-07,122.84
2005-09-08,121.89
2005-09-09,124.37
2005-09-12,122.2
2005-09-13,120.11
2005-09-14,126.3
2005-09-15,125.0
2005-09-16,122.94
2005-09-19,123.85
2005-09-20,121.28
2005-09-21,120.4
2005-09-22,121.85
2005-09-23,122.16
2005-09-26,123.44
2005-09-27,121.38
2005-09-28,121.45
2005-09-29,123.99
2005-09-30,115.23
2005-10-03,124.35
2005-10-04,116.57
2005-10-05,114.11
2005-10-06,115.19
2005-10-07,117.01
2005-10-10,117.14
2005-10-11,117.99
2005-10-12,117.83
2005-10-13,117.82
2005-10-14,121.73
2005-10-17,122.73
2005-10-18,120.57
2005-10-19,115.27
2005-10-20,122.32
2005-10-21,121.19
2005-10-24,126.31
2005-10-25,124.62
2005-10-26,122.83
2005-10-27,121.33
2005-10-28,118.18
2005-10-31,122.5
2005-11-01,126.11
2005-11-02,121.02
2005-11-03,122.41
2005-11-04,121.77
2005-11-07,120.03
2005-11-08,122.33
2005-11-09,122.56
2005-11-10,122.96
2005-11-11,123.85
2005-11-14,125.85
2005-11-15,120.09
2005-11-16,125.41
2005-11-17,123.13
2005-11-18,129.47
2005-11-21,125.08
2005-11-22,122.0
2005-11-23,123.31
2005-11-23,123.31
2005-11-25,114.92
2005-11-28,120.22
2005-11-29,120.69
2005-11-30,114.81
2005-12-01,123.16
2005-12-02,123.75
2005-12-05,122.8
2005-12-06,117.12
2005-12-07,121.98
2005-12-08,122.91
2005-12-09,121.45
2005-12-12,119.42
2005-12-13,128.59
2005-12-14,119.26
2005-12-15,124.63
2005-12-16,120.8
2005-12-19,120.07
2005-12-20,122.6
2005-12-21,117.88
2005-12-22,118.81
2005-12-23,120.14
2005-12-23,120.14
2005-12-27,115.3
2005-12-28,115.27
2005-12-29,115.78
2005-12-30,113.0
2005-12-30,113.0
2006-01-03,114.0
2006-01-04,114.08
2006-01-05,113.75
2006-01-06,117.3
2006-01-09,115.09
2006-01-10,116.79
2006-01-11,119.5
2006-01-12,118.62
2006-01-13,119.14
2006-01-13,119.14
2006-01-17,115.04
2006-01-18,115.02
2006-01-19,117.55
2006-01-20,123.55
2006-01-23,126.59
2006-01-24,128.73
2006-01-25,123.06
2006-01-26,126.34
2006-01-27,127.59
2006-01-30,120.13
2006-01-31,120.99
2006-02-01,117.8
2006-02-02,116.98
2006-02-03,116.84
2006-02-06,119.37
2006-02-07,116.92
2006-02-08,119.49
2006-02-09,119.31
2006-02-10,120.19
2006-02-13,120.7
2006-02-14,119.3
2006-02-15,126.44
2006-02-16,128.99
2006-02-17,133.88
2006-02-17,133.88
2006-02-21,128.57
2006-02-22,130.03
2006-02-23,127.08
2006-02-24,128.56
2006-02-27,123.53
2006-02-28,124.61
2006-03-01,124.25
2006-03-02,123.3
2006-03-03,121.87
2006-03-06,116.6
2006-03-07,116.21
2006-03-08,117.21
2006-03-09,114.2
2006-03-10,116.21
2006-03-13,116.54
2006-03-14,114.43
2006-03-15,119.12
2006-03-16,142.02
2006-03-17,130.06
2006-03-20,124.39
2006-03-21,120.69
2006-03-22,121.7
2006-03-23,119.23
2006-03-24,124.34
2006-03-27,118.23
2006-03-28,118.71
2006-03-29,117.94
2006-03-30,116.77
2006-03-31,115.72
2006-04-03,115.48
2006-04-04,117.06
2006-04-05,117.1
2006-04-06,118.03
2006-04-07,115.7
2006-04-10,116.51
2006-04-11,113.56
2006-04-12,115.71
2006-04-13,117.99
2006-04-13,117.99
2006-04-17,113.56
2006-04-18,116.74
2006-04-19,121.7
2006-04-20,130.0
2006-04-21,122.05
2006-04-24,128.77
2006-04-25,129.66
2006-04-26,126.14
2006-04-27,129.21
2006-04-28,125.2
2006-05-01,129.67
2006-05-02,124.01
2006-05-03,127.46
2006-05-04,125.86
2006-05-05,128.06
2006-05-08,125.25
2006-05-09,123.02
2006-05-10,119.62
2006-05-11,120.68
2006-05-12,123.21
2006-05-15,121.86
2006-05-16,130.15
2006-05-17,121.87
2006-05-18,123.09
2006-05-19,136.93
2006-05-22,126.15
2006-05-23,125.15
2006-05-24,127.4
2006-05-25,132.35
2006-05-26,128.5
2006-05-26,128.5
2006-05-30,122.67
2006-05-31,121.97
2006-06-01,128.02
2006-06-02,127.02
2006-06-05,120.42
2006-06-06,121.79
2006-06-07,120.81
2006-06-08,120.19
2006-06-09,118.74
2006-06-12,121.27
2006-06-13,121.55
2006-06-14,124.24
2006-06-15,131.6
2006-06-16,128.32
2006-06-19,125.31
2006-06-20,126.54
2006-06-21,127.36
2006-06-22,125.08
2006-06-23,122.55
2006-06-26,124.87
2006-06-27,120.3
2006-06-28,118.99
2006-06-29,124.11
2006-06-30,118.28
2006-07-03,120.93
2006-07-03,120.93
2006-07-05,120.22
2006-07-06,116.81
2006-07-07,114.97
2006-07-10,115.89
2006-07-11,119.17
2006-07-12,115.97
2006-07-13,115.4
2006-07-14,117.48
2006-07-17,118.56
2006-07-18,122.9
2006-07-19,121.58
2006-07-20,118.55
2006-07-21,118.33
2006-07-24,122.03
2006-07-25,120.53
2006-07-26,120.86
2006-07-27,119.78
2006-07-28,121.4
2006-07-31,121.64
2006-08-01,119.49
2006-08-02,117.98
2006-08-03,116.79
2006-08-04,117.54
2006-08-07,117.02
2006-08-08,118.18
2006-08-09,116.27
2006-08-10,118.31
2006-08-11,118.09
2006-08-14,118.24
2006-08-15,118.88
2006-08-16,120.17
2006-08-17,121.42
2006-08-18,125.35
2006-08-21,125.66
2006-08-22,124.0
2006-08-23,124.2
2006-08-24,123.75
2006-08-25,125.01
2006-08-28,122.64
2006-08-29,126.53
2006-08-30,125.52
2006-08-31,123.22
2006-09-01,124.59
2006-09-01,124.59
2006-09-05,124.31
2006-09-06,123.09
2006-09-07,121.66
2006-09-08,124.34
2006-09-11,125.99
2006-09-12,126.42
2006-09-13,120.44
2006-09-14,119.47
2006-09-15,135.25
2006-09-18,127.35
2006-09-19,125.03
2006-09-20,122.71
2006-09-21,119.68
2006-09-22,118.86
2006-09-25,120.75
2006-09-26,121.64
2006-09-27,118.43
2006-09-28,118.21
2006-09-29,120.09
2006-10-02,119.8
2006-10-03,116.93
2006-10-04,118.15
2006-10-05,115.48
2006-10-06,117.34
2006-10-09,116.19
2006-10-10,118.43
2006-10-11,117.16
2006-10-12,117.44
2006-10-13,118.74
2006-10-16,116.54
2006-10-17,117.7
2006-10-18,114.96
2006-10-19,116.8
2006-10-20,117.06
2006-10-23,115.28
2006-10-24,114.68
2006-10-25,113.72
2006-10-26,112.97
2006-10-27,111.46
2006-10-30,114.11
2006-10-31,111.48
2006-11-01,112.36
2006-11-02,113.08
2006-11-03,112.37
2006-11-06,116.76
2006-11-07,115.72
2006-11-08,115.86
2006-11-09,113.19
2006-11-10,113.87
2006-11-13,113.32
2006-11-14,113.75
2006-11-15,111.63
2006-11-16,110.87
2006-11-17,117.73
2006-11-20,119.02
2006-11-21,118.53
2006-11-22,120.86
2006-11-22,120.86
2006-11-24,118.47
2006-11-27,117.96
2006-11-28,121.89
2006-11-29,125.38
2006-11-30,124.0
2006-12-01,126.2
2006-12-04,124.81
2006-12-05,127.14
2006-12-06,125.61
2006-12-07,122.86
2006-12-08,124.71
2006-12-11,120.65
2006-12-12,124.46
2006-12-13,125.76
2006-12-14,132.31
2006-12-15,129.81
2006-12-18,128.93
2006-12-19,129.55
2006-12-20,126.28
2006-12-21,122.05
2006-12-22,121.5
2006-12-22,121.5
2006-12-26,123.4
2006-12-27,123.48
2006-12-28,121.7
2006-12-29,121.25
2006-12-29,121.25
2006-12-29,121.25
2007-01-03,118.77
2007-01-04,118.78
2007-01-05,117.27
2007-01-08,119.44
2007-01-09,116.28
2007-01-10,117.79
2007-01-11,119.13
2007-01-12,119.7
2007-01-12,119.7
2007-01-16,120.78
2007-01-17,120.95
2007-01-18,127.7
2007-01-19,127.24
2007-01-22,121.13
2007-01-23,122.77
2007-01-24,124.34
2007-01-25,119.49
2007-01-26,120.26
2007-01-29,117.83
2007-01-30,119.53
2007-01-31,118.58
2007-02-01,119.57
2007-02-02,121.7
2007-02-05,122.48
2007-02-06,122.78
2007-02-07,122.94
2007-02-08,122.69
2007-02-09,121.02
2007-02-12,119.81
2007-02-13,125.32
2007-02-14,123.09
2007-02-15,120.55
2007-02-16,121.01
2007-02-16,121.01
2007-02-20,120.99
2007-02-21,119.1
2007-02-22,119.58
2007-02-23,117.71
2007-02-26,117.81
2007-02-27,112.5
2007-02-28,121.36
2007-03-01,120.99
2007-03-02,118.76
2007-03-05,118.07
2007-03-06,121.14
2007-03-07,119.49
2007-03-08,121.08
2007-03-09,121.96
2007-03-12,126.35
2007-03-13,130.04
2007-03-14,134.25
2007-03-15,136.15
2007-03-16,128.3
2007-03-19,122.84
2007-03-20,127.35
2007-03-21,130.07
2007-03-22,124.99
2007-03-23,125.64
2007-03-26,126.45
2007-03-27,122.89
2007-03-28,121.28
2007-03-29,121.4
2007-03-30,120.89
2007-04-02,122.62
2007-04-03,124.18
2007-04-04,123.94
2007-04-05,125.4
2007-04-05,125.4
2007-04-09,125.32
2007-04-10,125.94
2007-04-11,127.03
2007-04-12,126.92
2007-04-13,128.62
2007-04-16,125.49
2007-04-17,130.62
2007-04-18,130.35
2007-04-19,126.11
2007-04-20,128.37
2007-04-23,123.55
2007-04-24,124.17
2007-04-25,122.68
2007-04-26,123.25
2007-04-27,124.73
2007-04-30,123.37
2007-05-01,125.45
2007-05-02,123.14
2007-05-03,123.03
2007-05-04,123.11
2007-05-07,123.3
2007-05-08,120.74
2007-05-09,121.24
2007-05-10,119.5
2007-05-11,121.66
2007-05-14,119.78
2007-05-15,121.17
2007-05-16,123.4
2007-05-17,123.34
2007-05-18,126.75
2007-05-21,126.22
2007-05-22,124.74
2007-05-23,123.17
2007-05-24,121.71
2007-05-25,124.0
2007-05-25,124.0
2007-05-29,124.05
2007-05-30,124.69
2007-05-31,123.84
2007-06-01,124.23
2007-06-04,122.26
2007-06-05,122.93
2007-06-06,119.29
2007-06-07,117.52
2007-06-08,122.08
2007-06-11,119.71
2007-06-12,119.51
2007-06-13,121.59
2007-06-14,122.42
2007-06-15,121.63
2007-06-18,120.46
2007-06-19,123.38
2007-06-20,117.56
2007-06-21,117.97
2007-06-22,116.52
2007-06-25,116.87
2007-06-26,116.03
2007-06-27,118.01
2007-06-28,117.47
2007-06-29,115.72
2007-07-02,119.68
2007-07-03,119.87
2007-07-03,119.87
2007-07-05,120.59
2007-07-06,120.85
2007-07-09,120.63
2007-07-10,117.48
2007-07-11,121.69
2007-07-12,119.99
2007-07-13,119.59
2007-07-16,117.88
2007-07-17,117.99
2007-07-18,120.35
2007-07-19,119.24
2007-07-20,117.4
2007-07-23,118.84
2007-07-24,116.13
2007-07-25,116.39
2007-07-26,116.27
2007-07-27,113.23
2007-07-30,115.42
2007-07-31,115.53
2007-08-01,119.94
2007-08-02,119.05
2007-08-03,117.3
2007-08-06,118.81
2007-08-07,116.92
2007-08-08,120.92
2007-08-09,115.3
2007-08-10,116.04
2007-08-13,119.5
2007-08-14,115.01
2007-08-15,118.3
2007-08-16,116.58
2007-08-17,126.7
2007-08-20,117.87
2007-08-21,117.76
2007-08-22,120.53
2007-08-23,121.35
2007-08-24,122.79
2007-08-27,121.53
2007-08-28,118.95
2007-08-29,121.02
2007-08-30,120.1
2007-08-31,117.26
2007-08-31,117.26
2007-09-04,119.62
2007-09-05,118.07
2007-09-06,117.34
2007-09-07,116.72
2007-09-10,115.42
2007-09-11,116.45
2007-09-12,116.62
2007-09-13,117.36
2007-09-14,117.96
2007-09-17,117.87
2007-09-18,116.4
2007-09-19,120.85
2007-09-20,119.87
2007-09-21,121.15
2007-09-24,122.82
2007-09-25,118.58
2007-09-26,118.57
2007-09-27,118.0
2007-09-28,119.97
2007-10-01,120.83
2007-10-02,121.78
2007-10-03,121.79
2007-10-04,120.21
2007-10-05,119.73
2007-10-08,118.48
2007-10-09,119.13
2007-10-10,118.64
2007-10-11,117.44
2007-10-12,119.54
2007-10-15,117.45
2007-10-16,116.64
2007-10-17,118.48
2007-10-18,117.28
2007-10-19,114.99
2007-10-22,115.7
2007-10-23,116.42
2007-10-24,116.48
2007-10-25,115.67
2007-10-26,116.34
2007-10-29,115.19
2007-10-30,114.46
2007-10-31,116.88
2007-11-01,114.67
2007-11-02,116.52
2007-11-05,115.38
2007-11-06,115.46
2007-11-07,115.58
2007-11-08,115.03
2007-11-09,115.77
2007-11-12,117.92
2007-11-13,121.09
2007-11-14,119.7
2007-11-15,118.31
2007-11-16,119.3
2007-11-19,115.61
2007-11-20,114.1
2007-11-21,111.49
2007-11-21,111.49
2007-11-23,111.32
2007-11-26,109.94
2007-11-27,109.31
2007-11-28,111.28
2007-11-29,110.79
2007-11-30,111.85
2007-12-03,111.57
2007-12-04,110.37
2007-12-05,112.08
2007-12-06,112.79
2007-12-07,112.79
2007-12-10,113.39
2007-12-11,111.27
2007-12-12,113.03
2007-12-13,111.45
2007-12-14,111.31
2007-12-17,109.75
2007-12-18,110.38
2007-12-19,111.22
2007-12-20,111.81
2007-12-21,115.12
2007-12-24,115.86
2007-12-24,115.86
2007-12-26,115.2
2007-12-27,114.12
2007-12-28,112.9
2007-12-31,111.65
2007-12-31,111.65
2008-01-02,110.61
2008-01-03,111.38
2008-01-04,109.53
2008-01-07,110.19
2008-01-08,109.17
2008-01-09,110.76
2008-01-10,110.25
2008-01-11,108.79
2008-01-14,111.38
2008-01-15,108.15
2008-01-16,108.49
2008-01-17,110.0
2008-01-18,110.62
2008-01-18,110.62
2008-01-22,114.61
2008-01-23,113.07
2008-01-24,113.37
2008-01-25,112.64
2008-01-28,114.15
2008-01-29,113.82
2008-01-30,112.33
2008-01-31,106.43
2008-02-01,114.86
2008-02-04,112.88
2008-02-05,112.01
2008-02-06,111.93
2008-02-07,112.71
2008-02-08,111.71
2008-02-11,114.57
2008-02-12,113.97
2008-02-13,116.25
2008-02-14,114.19
2008-02-15,112.03
2008-02-15,112.03
2008-02-19,113.57
2008-02-20,112.24
2008-02-21,112.44
2008-02-22,113.58
2008-02-25,113.42
2008-02-26,112.39
2008-02-27,111.61
2008-02-28,111.33
2008-02-29,110.19
2008-03-03,110.4
2008-03-04,110.07
2008-03-05,110.24
2008-03-06,110.46
2008-03-07,110.28
2008-03-10,109.89
2008-03-11,112.71
2008-03-12,111.47
2008-03-13,112.58
2008-03-14,110.59
2008-03-17,113.51
2008-03-18,112.4
2008-03-19,113.11
2008-03-20,113.71
2008-03-20,113.71
2008-03-24,114.56
2008-03-25,114.87
2008-03-26,112.08
2008-03-27,111.78
2008-03-28,110.78
2008-03-31,110.36
2008-04-01,111.31
2008-04-02,112.08
2008-04-03,111.88
2008-04-04,111.48
2008-04-07,111.57
2008-04-08,112.13
2008-04-09,110.96
2008-04-10,110.82
2008-04-11,109.9
2008-04-14,109.62
2008-04-15,109.9
2008-04-16,112.47
2008-04-17,113.52
2008-04-18,115.35
2008-04-21,115.31
2008-04-22,114.42
2008-04-23,113.33
2008-04-24,114.27
2008-04-25,114.49
2008-04-28,114.61
2008-04-29,114.58
2008-04-30,112.48
2008-05-01,116.0
2008-05-02,117.49
2008-05-05,115.32
2008-05-06,117.63
2008-05-07,116.24
2008-05-08,114.99
2008-05-09,117.77
2008-05-12,117.42
2008-05-13,117.93
2008-05-14,118.92
2008-05-15,121.05
2008-05-16,119.49
2008-05-19,117.96
2008-05-20,117.44
2008-05-21,114.51
2008-05-22,114.41
2008-05-23,113.11
2008-05-23,113.11
2008-05-27,113.38
2008-05-28,113.93
2008-05-29,114.83
2008-05-30,113.53
2008-06-02,114.39
2008-06-03,114.6
2008-06-04,114.37
2008-06-05,114.76
2008-06-06,113.55
2008-06-09,114.98
2008-06-10,114.3
2008-06-11,113.2
2008-06-12,113.97
2008-06-13,113.77
2008-06-16,114.71
2008-06-17,115.71
2008-06-18,112.74
2008-06-19,113.44
2008-06-20,113.13
2008-06-23,113.59
2008-06-24,112.2
2008-06-25,110.7
2008-06-26,109.67
2008-06-27,110.52
2008-06-30,112.0
2008-07-01,112.69
2008-07-02,110.96
2008-07-03,111.72
2008-07-03,111.72
2008-07-07,111.75
2008-07-08,112.21
2008-07-09,110.25
2008-07-10,110.91
2008-07-11,110.87
2008-07-14,111.11
2008-07-15,110.81
2008-07-16,111.93
2008-07-17,113.93
2008-07-18,113.85
2008-07-21,114.1
2008-07-22,113.2
2008-07-23,115.06
2008-07-24,113.19
2008-07-25,113.9
2008-07-28,111.49
2008-07-29,112.18
2008-07-30,112.11
2008-07-31,110.66
2008-08-01,111.38
2008-08-04,111.2
2008-08-05,109.69
2008-08-06,113.22
2008-08-07,111.97
2008-08-08,113.33
2008-08-11,111.55
2008-08-12,111.26
2008-08-13,111.76
2008-08-14,113.07
2008-08-15,113.21
2008-08-18,112.29
2008-08-19,111.4
2008-08-20,111.95
2008-08-21,111.9
2008-08-22,111.8
2008-08-25,110.34
2008-08-26,110.8
2008-08-27,110.51
2008-08-28,111.21
2008-08-29,110.58
2008-08-29,110.58
2008-09-02,110.38
2008-09-03,110.5
2008-09-04,110.48
2008-09-05,109.46
2008-09-08,109.1
2008-09-09,108.57
2008-09-10,109.49
2008-09-11,110.5
2008-09-12,110.15
2008-09-15,110.74
2008-09-16,112.29
2008-09-17,112.97
2008-09-18,117.42
2008-09-19,114.48
2008-09-22,114.32
2008-09-23,111.63
2008-09-24,111.58
2008-09-25,112.53
2008-09-26,110.56
2008-09-29,111.33
2008-09-30,111.43
2008-10-01,112.14
2008-10-02,112.24
2008-10-03,114.17
2008-10-06,112.09
2008-10-07,110.2
2008-10-08,111.04
2008-10-09,109.58
2008-10-10,107.23
2008-10-13,109.73
2008-10-14,113.55
2008-10-15,118.94
2008-10-16,113.18
2008-10-17,118.81
2008-10-20,124.83
2008-10-21,120.38
2008-10-22,119.34
2008-10-23,120.69
2008-10-24,116.67
2008-10-27,116.94
2008-10-28,125.95
2008-10-29,120.15
2008-10-30,124.02
2008-10-31,122.19
2008-11-03,117.13
2008-11-04,117.78
2008-11-05,129.35
2008-11-06,122.15
2008-11-07,122.85
2008-11-10,126.27
2008-11-11,120.67
2008-11-12,121.11
2008-11-13,124.98
2008-11-14,118.59
2008-11-17,113.4
2008-11-18,116.05
2008-11-19,115.86
2008-11-20,114.93
2008-11-21,118.88
2008-11-24,116.16
2008-11-25,114.1
2008-11-26,113.3
2008-11-26,113.3
2008-11-28,113.12
2008-12-01,112.75
2008-12-02,112.2
2008-12-03,112.55
2008-12-04,111.77
2008-12-05,116.45
2008-12-08,120.77
2008-12-09,118.58
2008-12-10,119.51
2008-12-11,121.83
2008-12-12,116.24
2008-12-15,115.86
2008-12-16,119.25
2008-12-17,115.07
2008-12-18,116.55
2008-12-19,118.73
2008-12-22,115.16
2008-12-23,112.01
2008-12-24,112.31
2008-12-24,112.31
2008-12-26,112.56
2008-12-29,113.77
2008-12-30,116.08
2008-12-31,116.5
2008-12-31,116.5
2009-01-02,124.21
2009-01-05,116.12
2009-01-06,115.49
2009-01-07,118.21
2009-01-08,118.24
2009-01-09,118.82
2009-01-12,118.36
2009-01-13,118.22
2009-01-14,119.99
2009-01-15,124.7
2009-01-16,126.05
2009-01-16,126.05
2009-01-20,119.17
2009-01-21,120.58
2009-01-22,117.76
2009-01-23,121.31
2009-01-26,120.65
2009-01-27,119.68
2009-01-28,122.39
2009-01-29,119.92
2009-01-30,115.88
2009-02-02,123.95
2009-02-03,125.25
2009-02-04,127.68
2009-02-05,122.63
2009-02-06,122.27
2009-02-09,122.62
2009-02-10,118.94
2009-02-11,122.57
2009-02-12,114.51
2009-02-13,120.58
2009-02-13,120.58
2009-02-17,118.1
2009-02-18,127.01
2009-02-19,119.41
2009-02-20,119.93
2009-02-23,116.63
2009-02-24,114.2
2009-02-25,114.97
2009-02-26,113.96
2009-02-27,114.25
2009-03-02,115.42
2009-03-03,113.77
2009-03-04,118.16
2009-03-05,113.73
2009-03-06,115.45
2009-03-09,113.11
2009-03-10,115.59
2009-03-11,112.71
2009-03-12,112.96
2009-03-13,113.94
2009-03-16,114.28
2009-03-17,118.32
2009-03-18,117.3
2009-03-19,116.53
2009-03-20,117.06
2009-03-23,117.95
2009-03-24,112.12
2009-03-25,114.22
2009-03-26,113.75
2009-03-27,111.09
2009-03-30,113.71
2009-03-31,112.87
2009-04-01,114.49
2009-04-02,111.9
2009-04-03,112.04
2009-04-06,114.39
2009-04-07,111.16
2009-04-08,111.49
2009-04-09,108.18
2009-04-09,108.18
2009-04-13,110.39
2009-04-14,109.23
2009-04-15,108.62
2009-04-16,114.45
2009-04-17,111.75
2009-04-20,113.99
2009-04-21,114.63
2009-04-22,112.72
2009-04-23,113.4
2009-04-24,114.6
2009-04-27,114.12
2009-04-28,114.13
2009-04-29,114.6
2009-04-30,114.86
2009-05-01,115.21
2009-05-04,115.4
2009-05-05,113.65
2009-05-06,113.34
2009-05-07,112.7
2009-05-08,114.96
2009-05-11,113.99
2009-05-12,115.66
2009-05-13,116.32
2009-05-14,116.5
2009-05-15,119.06
2009-05-18,119.21
2009-05-19,117.92
2009-05-20,113.96
2009-05-21,117.1
2009-05-22,118.81
2009-05-22,118.81
2009-05-26,120.89
2009-05-27,120.04
2009-05-28,122.33
2009-05-29,122.99
2009-06-01,122.09
2009-06-02,120.94
2009-06-03,121.19
2009-06-04,119.37
2009-06-05,118.83
2009-06-08,119.44
2009-06-09,119.24
2009-06-10,121.61
2009-06-11,117.88
2009-06-12,120.98
2009-06-15,118.2
2009-06-16,125.05
2009-06-17,123.17
2009-06-18,123.72
2009-06-19,123.78
2009-06-22,116.79
2009-06-23,116.01
2009-06-24,116.97
2009-06-25,115.51
2009-06-26,115.72
2009-06-29,117.16
2009-06-30,117.03
2009-07-01,116.68
2009-07-02,115.08
2009-07-02,115.08
2009-07-06,118.41
2009-07-07,116.35
2009-07-08,114.25
2009-07-09,115.2
2009-07-10,113.2
2009-07-13,113.3
2009-07-14,115.44
2009-07-15,115.75
2009-07-16,116.89
2009-07-17,116.43
2009-07-20,116.31
2009-07-21,116.79
2009-07-22,112.41
2009-07-23,112.07
2009-07-24,114.04
2009-07-27,114.05
2009-07-28,116.18
2009-07-29,116.74
2009-07-30,115.41
2009-07-31,108.94
2009-08-03,114.03
2009-08-04,114.94
2009-08-05,117.11
2009-08-06,115.22
2009-08-07,113.77
2009-08-10,117.02
2009-08-11,117.61
2009-08-12,119.64
2009-08-13,121.85
2009-08-14,118.75
2009-08-17,116.58
2009-08-18,118.11
2009-08-19,121.73
2009-08-20,121.53
2009-08-21,122.9
2009-08-24,121.16
2009-08-25,119.05
2009-08-26,118.71
2009-08-27,117.71
2009-08-28,117.67
2009-08-31,120.14
2009-09-01,118.26
2009-09-02,118.41
2009-09-03,119.38
2009-09-04,119.73
2009-09-04,119.73
2009-09-08,120.55
2009-09-09,120.83
2009-09-10,121.26
2009-09-11,120.23
2009-09-14,121.0
2009-09-15,118.46
2009-09-16,113.62
2009-09-17,118.95
2009-09-18,117.02
2009-09-21,119.14
2009-09-22,118.16
2009-09-23,117.44
2009-09-24,116.65
2009-09-25,118.01
2009-09-28,119.1
2009-09-29,119.84
2009-09-30,120.86
2009-10-01,117.81
2009-10-02,118.55
2009-10-05,118.5
2009-10-06,117.82
2009-10-07,117.65
2009-10-08,119.92
2009-10-09,120.87
2009-10-12,119.55
2009-10-13,120.77
2009-10-14,121.31
2009-10-15,120.03
2009-10-16,119.05
2009-10-19,117.25
2009-10-20,116.9
2009-10-21,118.6
2009-10-22,118.09
2009-10-23,117.51
2009-10-26,118.33
2009-10-27,118.9
2009-10-28,118.37
2009-10-29,120.82
2009-10-30,122.75
2009-11-02,121.9
2009-11-03,118.53
2009-11-04,119.75
2009-11-05,119.83
2009-11-06,120.14
2009-11-09,114.4
2009-11-10,119.65
2009-11-11,119.21
2009-11-12,118.38
2009-11-13,120.72
2009-11-16,114.53
2009-11-17,119.32
2009-11-18,114.75
2009-11-19,119.35
2009-11-20,120.59
2009-11-23,122.85
2009-11-24,122.47
2009-11-25,121.98
2009-11-25,121.98
2009-11-27,120.82
2009-11-30,122.91
2009-12-01,122.96
2009-12-02,119.0
2009-12-03,117.04
2009-12-04,118.01
2009-12-07,117.17
2009-12-08,117.89
2009-12-09,118.75
2009-12-10,121.35
2009-12-11,121.59
2009-12-14,125.3
2009-12-15,123.84
2009-12-16,117.13
2009-12-17,121.83
2009-12-18,122.29
2009-12-21,124.33
2009-12-22,127.89
2009-12-23,127.15
2009-12-24,128.16
2009-12-24,128.16
2009-12-28,125.79
2009-12-29,125.71
2009-12-30,125.65
2009-12-31,123.23
2009-12-31,123.23
2010-01-04,123.84
2010-01-05,122.99
2010-01-06,121.63
2010-01-07,120.17
2010-01-08,120.15
2010-01-11,119.1
2010-01-12,120.66
2010-01-13,125.89
2010-01-14,125.06
2010-01-15,124.32
2010-01-15,124.32
2010-01-19,124.28
2010-01-20,124.1
2010-01-21,121.99
2010-01-22,122.88
2010-01-25,122.54
2010-01-26,118.41
2010-01-27,118.98
2010-01-28,117.98
2010-01-29,117.5
2010-02-01,119.22
2010-02-02,120.46
2010-02-03,119.95
2010-02-04,116.02
2010-02-05,118.75
2010-02-08,117.68
2010-02-09,120.43
2010-02-10,118.51
2010-02-11,120.13
2010-02-12,113.71
2010-02-12,113.71
2010-02-16,120.89
2010-02-17,119.63
2010-02-18,122.56
2010-02-19,118.53
2010-02-22,121.33
2010-02-23,120.82
2010-02-24,120.61
2010-02-25,121.28
2010-02-26,120.13
2010-03-01,120.8
2010-03-02,120.28
2010-03-03,119.03
2010-03-04,120.75
2010-03-05,118.03
2010-03-08,117.56
2010-03-09,116.64
2010-03-10,117.98
2010-03-11,117.48
2010-03-12,118.96
2010-03-15,120.63
2010-03-16,123.51
2010-03-17,119.66
2010-03-18,120.27
2010-03-19,121.97
2010-03-22,123.63
2010-03-23,121.18
2010-03-24,122.67
2010-03-25,122.14
2010-03-26,123.14
2010-03-29,123.2
2010-03-30,124.03
2010-03-31,123.7
2010-04-01,123.93
2010-04-01,123.93
2010-04-05,123.78
2010-04-06,123.29
2010-04-07,123.27
2010-04-08,122.67
2010-04-09,124.36
2010-04-12,123.16
2010-04-13,125.54
2010-04-14,125.77
2010-04-15,126.29
2010-04-16,131.33
2010-04-19,131.14
2010-04-20,134.19
2010-04-21,129.84
2010-04-22,127.48
2010-04-23,126.13
2010-04-26,124.25
2010-04-27,124.98
2010-04-28,128.4
2010-04-29,129.28
2010-04-30,125.41
2010-05-03,125.35
2010-05-04,124.86
2010-05-05,122.82
2010-05-06,122.16
2010-05-07,123.86
2010-05-10,128.64
2010-05-11,127.09
2010-05-12,124.26
2010-05-13,126.2
2010-05-14,128.47
2010-05-17,128.87
2010-05-18,123.88
2010-05-19,126.33
2010-05-20,123.36
2010-05-21,125.56
2010-05-24,125.0
2010-05-25,123.28
2010-05-26,121.48
2010-05-27,125.73
2010-05-28,123.13
2010-05-28,123.13
2010-06-01,119.63
2010-06-02,123.69
2010-06-03,123.83
2010-06-04,121.11
2010-06-07,119.21
2010-06-08,120.74
2010-06-09,119.97
2010-06-10,122.34
2010-06-11,122.81
2010-06-14,121.69
2010-06-15,124.8
2010-06-16,121.48
2010-06-17,122.13
2010-06-18,122.98
2010-06-21,121.73
2010-06-22,120.42
2010-06-23,119.84
2010-06-24,119.56
2010-06-25,119.37
2010-06-28,120.3
2010-06-29,118.13
2010-06-30,116.87
2010-07-01,116.76
2010-07-02,114.65
2010-07-02,114.65
2010-07-06,116.01
2010-07-07,117.77
2010-07-08,117.22
2010-07-09,117.97
2010-07-12,118.72
2010-07-13,119.33
2010-07-14,120.07
2010-07-15,118.58
2010-07-16,118.67
2010-07-19,118.78
2010-07-20,119.07
2010-07-21,117.29
2010-07-22,118.22
2010-07-23,119.69
2010-07-26,119.29
2010-07-27,121.32
2010-07-28,121.91
2010-07-29,119.36
2010-07-30,119.53
2010-08-02,122.5
2010-08-03,121.39
2010-08-04,120.99
2010-08-05,120.43
2010-08-06,119.67
2010-08-09,123.75
2010-08-10,122.79
2010-08-11,118.45
2010-08-12,115.18
2010-08-13,115.28
2010-08-16,121.1
2010-08-17,121.96
2010-08-18,121.26
2010-08-19,120.26
2010-08-20,119.62
2010-08-23,118.38
2010-08-24,117.39
2010-08-25,117.01
2010-08-26,115.99
2010-08-27,116.03
2010-08-30,115.06
2010-08-31,115.02
2010-09-01,116.36
2010-09-02,116.74
2010-09-03,119.11
2010-09-03,119.11
2010-09-07,118.73
2010-09-08,120.3
2010-09-09,119.31
2010-09-10,121.09
2010-09-13,121.89
2010-09-14,120.98
2010-09-15,119.74
2010-09-16,124.32
2010-09-17,124.9
2010-09-20,124.88
2010-09-21,122.81
2010-09-22,121.75
2010-09-23,121.57
2010-09-24,123.0
2010-09-27,120.21
2010-09-28,121.69
2010-09-29,119.27
2010-09-30,120.48
2010-10-01,119.61
2010-10-04,118.29
2010-10-05,117.77
2010-10-06,116.57
2010-10-07,116.69
2010-10-08,117.96
2010-10-11,115.87
2010-10-12,117.02
2010-10-13,118.43
2010-10-14,120.24
2010-10-15,121.48
2010-10-18,120.57
2010-10-19,119.57
2010-10-20,120.04
2010-10-21,118.17
2010-10-22,117.38
2010-10-25,116.45
2010-10-26,116.51
2010-10-27,116.97
2010-10-28,116.29
2010-10-29,116.04
2010-11-01,116.83
2010-11-02,116.14
2010-11-03,118.21
2010-11-04,116.59
2010-11-05,116.98
2010-11-08,118.27
2010-11-09,119.61
2010-11-10,122.16
2010-11-11,123.59
2010-11-12,121.72
2010-11-15,122.04
2010-11-16,120.86
2010-11-17,120.34
2010-11-18,121.73
2010-11-19,121.26
2010-11-22,122.34
2010-11-23,119.86
2010-11-24,122.16
2010-11-24,122.16
2010-11-26,119.02
2010-11-29,118.54
2010-11-30,116.71
2010-12-01,118.69
2010-12-02,120.88
2010-12-03,120.42
2010-12-06,121.15
2010-12-07,118.13
2010-12-08,119.53
2010-12-09,123.93
2010-12-10,123.01
2010-12-13,120.74
2010-12-14,121.99
2010-12-15,121.94
2010-12-16,124.81
2010-12-17,125.24
2010-12-20,125.84
2010-12-21,124.87
2010-12-22,123.65
2010-12-23,125.35
2010-12-23,125.35
2010-12-27,123.86
2010-12-28,123.53
2010-12-29,122.4
2010-12-30,122.17
2010-12-31,120.74
2011-01-03,122.68
2011-01-04,121.96
2011-01-05,121.23
2011-01-06,121.01
2011-01-07,121.22
2011-01-10,121.47
2011-01-11,122.29
2011-01-12,121.94
2011-01-13,121.29
2011-01-14,123.52
2011-01-14,123.52
2011-01-18,128.16
2011-01-19,123.41
2011-01-20,126.19
2011-01-21,133.99
2011-01-24,131.86
2011-01-25,134.61
2011-01-26,131.76
2011-01-27,130.56
2011-01-28,128.23
2011-01-31,130.3
2011-02-01,129.0
2011-02-02,127.52
2011-02-03,127.13
2011-02-04,127.45
2011-02-07,127.63
2011-02-08,129.54
2011-02-08,129.54
2011-02-10,129.24
2011-02-11,131.31
2011-02-14,127.41
2011-02-15,131.78
2011-02-16,130.69
2011-02-17,130.97
2011-02-18,136.43
2011-02-18,136.43
2011-02-22,125.9
2011-02-23,124.53
2011-02-24,124.68
2011-02-25,128.76
2011-02-28,129.37
2011-03-01,122.43
2011-03-02,123.06
2011-03-03,125.71
2011-03-04,125.9
2011-03-07,122.95
2011-03-08,123.37
2011-03-09,122.6
2011-03-10,119.26
2011-03-11,118.54
2011-03-14,121.52
2011-03-15,121.82
2011-03-16,122.46
2011-03-17,125.85
2011-03-18,126.81
2011-03-21,124.59
2011-03-22,120.83
2011-03-23,120.75
2011-03-24,119.97
2011-03-25,121.43
2011-03-28,122.68
2011-03-29,124.11
2011-03-30,123.5
2011-03-31,124.64
2011-04-01,128.64
2011-04-04,128.05
2011-04-05,128.02
2011-04-06,125.18
2011-04-07,126.46
2011-04-08,125.92
2011-04-11,122.94
2011-04-12,121.94
2011-04-13,124.55
2011-04-14,125.09
2011-04-15,130.45
2011-04-18,129.37
2011-04-19,129.4
2011-04-20,131.13
2011-04-21,131.78
2011-04-21,131.78
2011-04-25,130.88
2011-04-26,127.45
2011-04-27,126.93
2011-04-28,124.99
2011-04-29,127.45
2011-05-02,124.15
2011-05-03,127.49
2011-05-04,125.29
2011-05-05,124.89
2011-05-06,124.61
2011-05-09,124.67
2011-05-10,126.23
2011-05-11,121.79
2011-05-12,122.59
2011-05-13,121.9
2011-05-16,123.58
2011-05-17,121.14
2011-05-18,125.82
2011-05-19,127.16
2011-05-20,129.15
2011-05-23,124.78
2011-05-24,123.13
2011-05-25,122.89
2011-05-26,125.43
2011-05-27,123.58
2011-05-27,123.58
2011-05-31,123.91
2011-06-01,119.33
2011-06-02,119.2
2011-06-03,116.8
2011-06-06,116.02
2011-06-07,116.07
2011-06-08,118.76
2011-06-09,117.27
2011-06-10,122.65
2011-06-13,120.99
2011-06-14,125.3
2011-06-15,124.32
2011-06-16,122.35
2011-06-17,120.06
2011-06-20,117.44
2011-06-21,116.52
2011-06-22,114.74
2011-06-23,116.79
2011-06-24,115.92
2011-06-27,119.46
2011-06-28,122.15
2011-06-29,128.73
2011-06-30,122.09
2011-07-01,119.63
2011-07-01,119.63
2011-07-05,121.78
2011-07-06,121.51
2011-07-07,121.86
2011-07-08,119.68
2011-07-11,123.08
2011-07-12,119.21
2011-07-13,124.79
2011-07-14,126.63
2011-07-15,129.24
2011-07-18,123.92
2011-07-19,126.12
2011-07-20,122.97
2011-07-21,122.42
2011-07-22,121.59
2011-07-25,119.45
2011-07-26,120.12
2011-07-27,119.44
2011-07-28,120.36
2011-07-29,120.65
2011-08-01,118.64
2011-08-02,116.08
2011-08-03,117.27
2011-08-04,113.17
2011-08-05,119.36
2011-08-08,121.06
2011-08-09,124.51
2011-08-10,118.65
2011-08-11,119.99
2011-08-12,119.79
2011-08-15,121.76
2011-08-16,122.41
2011-08-17,126.16
2011-08-18,124.44
2011-08-19,124.05
2011-08-22,119.4
2011-08-23,124.05
2011-08-24,123.37
2011-08-25,120.81
2011-08-26,122.97
2011-08-26,122.97
2011-08-30,119.9
2011-08-31,120.01
2011-09-01,120.23
2011-09-02,119.33
2011-09-05,113.87
2011-09-06,121.04
2011-09-07,118.75
2011-09-08,118.59
2011-09-09,116.9
2011-09-12,117.23
2011-09-13,118.05
2011-09-14,115.73
2011-09-15,120.0
2011-09-16,123.27
2011-09-19,120.76
2011-09-20,120.61
2011-09-21,120.18
2011-09-22,119.37
2011-09-23,118.24
2011-09-26,120.34
2011-09-27,119.55
2011-09-28,118.21
2011-09-29,118.97
2011-09-30,114.83
2011-10-03,113.09
2011-10-04,115.28
2011-10-05,113.87
2011-10-06,115.42
2011-10-07,116.1
2011-10-10,116.81
2011-10-11,118.91
2011-10-12,121.6
2011-10-13,121.98
2011-10-14,121.9
2011-10-17,124.46
2011-10-18,127.99
2011-10-19,122.57
2011-10-20,125.43
2011-10-21,127.19
2011-10-24,124.85
2011-10-25,122.65
2011-10-25,122.65
2011-10-27,122.82
2011-10-28,121.18
2011-10-31,120.69
2011-11-01,126.65
2011-11-02,123.95
2011-11-03,124.19
2011-11-04,123.56
2011-11-07,124.93
2011-11-08,124.77
2011-11-09,122.87
2011-11-10,125.24
2011-11-11,124.56
2011-11-11,124.56
2011-11-15,124.97
2011-11-16,122.92
2011-11-17,121.59
2011-11-18,120.04
2011-11-21,115.15
2011-11-22,114.92
2011-11-23,116.78
2011-11-23,116.78
2011-11-25,114.77
2011-11-28,118.63
2011-11-29,116.45
2011-11-30,116.56
2011-12-01,116.9
2011-12-02,116.31
2011-12-05,116.14
2011-12-06,115.16
2011-12-07,115.87
2011-12-08,115.37
2011-12-09,116.83
2011-12-12,120.26
2011-12-13,119.44
2011-12-14,120.66
2011-12-15,122.35
2011-12-16,119.22
2011-12-19,116.58
2011-12-20,120.66
2011-12-21,115.16
2011-12-22,115.56
2011-12-23,117.14
2011-12-23,117.14
2011-12-27,116.53
2011-12-28,116.32
2011-12-29,116.57
2011-12-30,116.21
2011-12-30,116.21
2012-01-03,117.1
2012-01-04,117.63
2012-01-05,117.76
2012-01-06,118.29
2012-01-09,119.07
2012-01-10,118.99
2012-01-11,120.2
2012-01-12,120.78
2012-01-13,121.92
2012-01-13,121.92
2012-01-17,125.63
2012-01-18,130.78
2012-01-19,129.6
2012-01-20,129.24
2012-01-23,125.83
2012-01-24,127.38
2012-01-25,125.22
2012-01-26,122.96
2012-01-27,121.5
2012-01-30,121.99
2012-01-31,121.96
2012-02-01,121.39
2012-02-02,122.26
2012-02-03,122.14
2012-02-06,123.63
2012-02-07,123.02
2012-02-08,124.76
2012-02-09,126.48
2012-02-10,129.59
2012-02-13,127.89
2012-02-14,129.96
2012-02-15,128.88
2012-02-16,130.29
2012-02-17,129.54
2012-02-17,129.54
2012-02-21,128.46
2012-02-22,127.7
2012-02-23,127.81
2012-02-24,128.72
2012-02-27,126.98
2012-02-28,125.65
2012-02-29,124.59
2012-03-01,127.63
2012-03-02,125.2
2012-03-05,126.23
2012-03-06,126.49
2012-03-07,126.02
2012-03-08,125.08
2012-03-09,124.78
2012-03-12,139.25
2012-03-13,122.89
2012-03-14,118.82
2012-03-15,136.51
2012-03-16,138.43
2012-03-19,128.85
2012-03-20,128.02
2012-03-21,124.6
2012-03-22,121.17
2012-03-23,122.98
2012-03-26,118.02
2012-03-27,121.13
2012-03-28,121.61
2012-03-29,121.69
2012-03-30,124.97
2012-04-02,123.13
2012-04-03,123.84
2012-04-04,121.0
2012-04-05,120.61
2012-04-05,120.61
2012-04-09,119.05
2012-04-10,119.27
2012-04-11,118.43
2012-04-12,119.87
2012-04-13,118.19
2012-04-16,116.67
2012-04-17,121.83
2012-04-18,119.5
2012-04-19,117.6
2012-04-20,118.05
2012-04-23,117.19
2012-04-24,118.36
2012-04-25,122.53
2012-04-26,121.03
2012-04-27,120.08
2012-04-30,119.83
2012-05-01,120.18
2012-05-02,119.94
2012-05-03,116.18
2012-05-04,115.83
2012-05-07,116.68
2012-05-08,117.23
2012-05-09,115.05
2012-05-10,115.11
2012-05-11,114.7
2012-05-14,119.18
2012-05-15,120.04
2012-05-16,118.47
2012-05-17,119.54
2012-05-18,119.28
2012-05-21,119.56
2012-05-22,119.31
2012-05-23,119.52
2012-05-24,120.64
2012-05-25,120.38
2012-05-25,120.38
2012-05-29,122.39
2012-05-30,118.54
2012-05-31,119.32
2012-06-01,116.35
2012-06-04,116.66
2012-06-05,117.07
2012-06-06,119.66
2012-06-07,120.01
2012-06-08,122.09
2012-06-11,119.28
2012-06-12,121.82
2012-06-13,120.37
2012-06-14,115.05
2012-06-15,126.08
2012-06-18,121.2
2012-06-19,123.09
2012-06-20,122.06
2012-06-21,118.4
2012-06-22,116.37
2012-06-25,116.29
2012-06-26,114.69
2012-06-27,115.85
2012-06-28,116.9
2012-06-29,119.09
2012-07-02,118.89
2012-07-03,118.33
2012-07-03,118.33
2012-07-05,117.91
2012-07-06,118.45
2012-07-09,119.62
2012-07-10,119.34
2012-07-11,117.3
2012-07-12,116.13
2012-07-13,119.13
2012-07-16,115.09
2012-07-17,117.22
2012-07-18,116.59
2012-07-19,114.19
2012-07-20,116.52
2012-07-23,120.26
2012-07-24,119.13
2012-07-25,118.58
2012-07-26,116.92
2012-07-27,114.4
2012-07-30,114.86
2012-07-31,113.99
2012-08-01,114.59
2012-08-02,114.35
2012-08-03,120.25
2012-08-06,114.79
2012-08-07,113.55
2012-08-08,115.36
2012-08-09,119.84
2012-08-10,117.89
2012-08-13,121.65
2012-08-14,122.05
2012-08-15,119.89
2012-08-16,121.94
2012-08-17,123.79
2012-08-20,125.84
2012-08-21,129.99
2012-08-22,125.32
2012-08-23,122.41
2012-08-24,123.74
2012-08-27,121.53
2012-08-28,120.28
2012-08-29,120.55
2012-08-30,119.0
2012-08-31,120.78
2012-08-31,120.78
2012-09-04,119.59
2012-09-05,120.49
2012-09-06,119.31
2012-09-07,120.7
2012-09-10,122.37
2012-09-11,122.82
2012-09-12,123.38
2012-09-13,115.69
2012-09-14,117.26
2012-09-17,122.69
2012-09-18,127.38
2012-09-19,122.44
2012-09-20,128.03
2012-09-21,130.6
2012-09-24,129.12
2012-09-25,125.45
2012-09-26,124.06
2012-09-27,127.56
2012-09-28,125.87
2012-10-01,128.17
2012-10-02,127.1
2012-10-03,125.4
2012-10-04,120.39
2012-10-05,123.85
2012-10-08,122.06
2012-10-09,121.21
2012-10-10,120.46
2012-10-11,120.83
2012-10-12,120.97
2012-10-15,122.45
2012-10-16,122.52
2012-10-17,124.95
2012-10-18,124.58
2012-10-19,125.39
2012-10-22,122.99
2012-10-23,120.16
2012-10-24,119.33
2012-10-25,120.89
2012-10-26,119.31
2012-10-26,119.31
2012-10-26,119.31
2012-10-31,115.04
2012-11-01,117.85
2012-11-02,115.78
2012-11-05,115.52
2012-11-06,116.34
2012-11-07,116.1
2012-11-08,116.69
2012-11-09,115.4
2012-11-12,114.23
2012-11-13,114.81
2012-11-14,113.23
2012-11-15,113.65
2012-11-16,115.85
2012-11-19,113.46
2012-11-20,117.25
2012-11-21,116.62
2012-11-21,116.62
2012-11-23,117.82
2012-11-26,116.96
2012-11-27,116.65
2012-11-28,116.12
2012-11-29,117.35
2012-11-30,117.07
2012-12-03,115.98
2012-12-04,115.31
2012-12-05,114.55
2012-12-06,115.74
2012-12-07,115.23
2012-12-10,114.77
2012-12-11,115.92
2012-12-12,116.49
2012-12-13,116.24
2012-12-14,118.92
2012-12-17,118.06
2012-12-18,117.86
2012-12-19,120.76
2012-12-20,124.47
2012-12-21,127.08
2012-12-24,124.47
2012-12-24,124.47
2012-12-26,122.18
2012-12-27,119.6
2012-12-28,118.38
2012-12-31,121.27
2012-12-31,121.27
2013-01-02,121.77
2013-01-03,117.93
2013-01-04,115.53
2013-01-07,116.78
2013-01-08,118.15
2013-01-09,117.89
2013-01-10,118.53
2013-01-11,119.14
2013-01-14,117.19
2013-01-15,120.9
2013-01-16,120.13
2013-01-17,120.53
2013-01-18,124.79
2013-01-18,124.79
2013-01-22,126.73
2013-01-23,126.58
2013-01-24,125.47
2013-01-25,124.71
2013-01-28,122.95
2013-01-29,123.95
2013-01-30,121.92
2013-01-31,121.64
2013-02-01,122.55
2013-02-04,122.6
2013-02-05,123.22
2013-02-06,122.45
2013-02-07,125.35
2013-02-08,125.67
2013-02-11,125.53
2013-02-12,126.12
2013-02-13,126.68
2013-02-14,127.19
2013-02-15,130.46
2013-02-15,130.46
2013-02-19,130.15
2013-02-20,124.47
2013-02-21,122.58
2013-02-22,125.37
2013-02-25,121.5
2013-02-26,122.92
2013-02-27,124.96
2013-02-28,126.86
2013-03-01,128.19
2013-03-04,128.65
2013-03-05,126.62
2013-03-06,124.73
2013-03-07,125.28
2013-03-08,124.46
2013-03-11,125.21
2013-03-12,128.66
2013-03-13,127.13
2013-03-14,128.96
2013-03-15,129.12
2013-03-18,126.17
2013-03-19,127.08
2013-03-20,123.73
2013-03-21,121.69
2013-03-22,122.18
2013-03-25,122.03
2013-03-26,122.47
2013-03-27,121.99
2013-03-28,122.93
2013-03-28,122.93
2013-04-01,121.21
2013-04-02,122.84
2013-04-03,120.92
2013-04-04,120.79
2013-04-05,118.34
2013-04-08,119.21
2013-04-09,118.63
2013-04-10,118.34
2013-04-11,117.24
2013-04-12,117.84
2013-04-15,119.92
2013-04-16,124.1
2013-04-17,120.7
2013-04-18,121.28
2013-04-19,122.61
2013-04-22,120.52
2013-04-23,121.56
2013-04-24,119.84
2013-04-25,119.83
2013-04-26,118.86
2013-04-29,118.85
2013-04-30,119.05
2013-05-01,118.05
2013-05-02,117.95
2013-05-03,118.18
2013-05-06,116.93
2013-05-07,119.76
2013-05-08,117.35
2013-05-09,119.08
2013-05-10,117.97
2013-05-13,119.16
2013-05-14,116.16
2013-05-15,119.41
2013-05-16,121.22
2013-05-17,127.85
2013-05-20,117.67
2013-05-21,117.08
2013-05-22,117.16
2013-05-23,116.92
2013-05-24,118.17
2013-05-24,118.17
2013-05-28,112.47
2013-05-29,116.2
2013-05-30,117.75
2013-05-31,119.51
2013-06-03,119.16
2013-06-04,116.87
2013-06-05,116.57
2013-06-06,117.64
2013-06-07,116.2
2013-06-10,116.2
2013-06-11,116.98
2013-06-12,115.56
2013-06-13,117.28
2013-06-14,116.29
2013-06-17,116.74
2013-06-18,118.7
2013-06-19,117.84
2013-06-20,117.52
2013-06-21,117.36
2013-06-24,116.08
2013-06-25,115.23
2013-06-26,115.81
2013-06-27,116.01
2013-06-28,116.53
2013-07-01,114.85
2013-07-02,115.22
2013-07-03,113.13
2013-07-03,113.13
2013-07-05,117.12
2013-07-08,117.13
2013-07-09,115.19
2013-07-10,117.08
2013-07-11,115.53
2013-07-12,113.27
2013-07-15,114.42
2013-07-16,115.26
2013-07-17,115.27
2013-07-18,115.58
2013-07-19,113.07
2013-07-22,112.9
2013-07-23,113.14
2013-07-24,118.72
2013-07-25,117.85
2013-07-26,118.23
2013-07-29,118.93
2013-07-30,119.39
2013-07-31,117.85
2013-08-01,115.06
2013-08-02,116.89
2013-08-05,116.53
2013-08-06,119.09
2013-08-07,118.31
2013-08-08,118.47
2013-08-09,122.3
2013-08-12,115.44
2013-08-13,115.81
2013-08-14,119.33
2013-08-15,115.82
2013-08-16,117.21
2013-08-19,118.15
2013-08-20,118.07
2013-08-21,117.17
2013-08-22,119.21
2013-08-23,120.13
2013-08-26,118.69
2013-08-27,118.07
2013-08-28,117.51
2013-08-29,117.21
2013-08-30,117.48
2013-08-30,117.48
2013-09-03,116.72
2013-09-04,116.97
2013-09-05,117.37
2013-09-06,118.67
2013-09-09,119.0
2013-09-10,119.94
2013-09-11,120.68
2013-09-12,119.67
2013-09-13,120.12
2013-09-16,118.84
2013-09-17,121.59
2013-09-18,114.22
2013-09-19,115.69
2013-09-20,115.87
2013-09-23,119.08
2013-09-24,119.31
2013-09-25,117.45
2013-09-26,122.03
2013-09-27,124.48
2013-09-30,123.46
2013-10-01,123.74
2013-10-02,123.52
2013-10-03,122.31
2013-10-04,123.98
2013-10-07,123.23
2013-10-08,120.72
2013-10-09,122.62
2013-10-10,120.25
2013-10-11,130.97
2013-10-14,129.14
2013-10-15,131.01
2013-10-16,125.24
2013-10-17,126.68
2013-10-18,131.35
2013-10-21,130.67
2013-10-22,129.17
2013-10-23,134.47
2013-10-24,135.42
2013-10-25,135.06
2013-10-28,133.27
2013-10-29,127.58
2013-10-30,127.95
2013-10-31,132.33
2013-11-01,129.84
2013-11-04,125.57
2013-11-05,122.98
2013-11-06,118.69
2013-11-07,123.83
2013-11-08,126.37
2013-11-11,125.55
2013-11-12,129.66
2013-11-13,131.01
2013-11-14,133.03
2013-11-15,133.46
2013-11-18,137.06
2013-11-19,133.62
2013-11-20,133.25
2013-11-21,124.63
2013-11-22,133.76
2013-11-25,134.23
2013-11-26,133.64
2013-11-27,133.82
2013-11-27,133.82
2013-11-29,130.82
2013-12-02,131.64
2013-12-03,132.38
2013-12-04,131.63
2013-12-05,128.01
2013-12-06,128.01
2013-12-09,126.09
2013-12-10,126.68
2013-12-11,126.74
2013-12-12,125.09
2013-12-13,126.22
2013-12-16,128.21
2013-12-17,128.75
2013-12-18,135.58
2013-12-19,137.86
2013-12-20,143.2
2013-12-23,138.11
2013-12-24,137.88
2013-12-24,137.88
2013-12-26,136.65
2013-12-27,136.72
2013-12-30,134.36
2013-12-31,133.63
2013-12-31,133.63
2014-01-02,121.77
2014-01-03,134.46
2014-01-06,131.99
2014-01-07,129.1
2014-01-08,129.46
2014-01-09,130.87
2014-01-10,126.15
2014-01-13,130.59
2014-01-14,133.43
2014-01-15,132.69
2014-01-16,136.35
2014-01-17,139.62
2014-01-17,139.62
2014-01-21,138.77
2014-01-22,138.92
2014-01-23,135.71
2014-01-24,131.61
2014-01-27,128.73
2014-01-28,128.3
2014-01-29,126.71
2014-01-30,127.91
2014-01-31,128.37
2014-02-03,126.17
2014-02-04,127.26
2014-02-05,127.79
2014-02-06,124.68
2014-02-07,129.01
2014-02-10,126.26
2014-02-11,126.7
2014-02-12,127.84
2014-02-13,128.57
2014-02-14,129.25
2014-02-14,129.25
2014-02-18,124.25
2014-02-19,129.12
2014-02-20,134.37
2014-02-21,138.79
2014-02-24,134.47
2014-02-25,121.92
2014-02-26,132.22
2014-02-27,137.24
2014-02-28,137.17
2014-03-03,129.12
2014-03-04,131.65
2014-03-05,126.62
2014-03-06,133.46
2014-03-07,130.49
2014-03-10,131.35
2014-03-11,130.08
2014-03-12,132.33
2014-03-13,127.66
2014-03-14,126.26
2014-03-17,131.87
2014-03-18,129.37
2014-03-19,132.74
2014-03-20,134.02
2014-03-21,132.82
2014-03-24,132.7
2014-03-25,121.81
2014-03-26,119.05
2014-03-27,117.96
2014-03-28,124.98
2014-03-31,123.25
2014-04-01,128.08
2014-04-02,127.3
2014-04-03,128.13
2014-04-04,126.61
2014-04-07,123.92
2014-04-08,124.34
2014-04-09,130.79
2014-04-10,125.11
2014-04-11,122.59
2014-04-14,123.76
2014-04-15,129.24
2014-04-16,125.43
2014-04-17,127.93
2014-04-17,127.93
2014-04-21,119.11
2014-04-22,126.51
2014-04-23,126.11
2014-04-23,126.11
2014-04-25,121.95
2014-04-28,123.69
2014-04-29,123.44
2014-04-29,123.44
2014-04-29,123.44
2014-05-02,124.13
2014-05-05,123.56
2014-05-06,121.18
2014-05-07,123.27
2014-05-08,123.93
2014-05-09,125.6
2014-05-12,125.28
2014-05-13,124.3
2014-05-14,122.75
2014-05-15,123.6
2014-05-16,127.23
2014-05-19,128.18
2014-05-20,127.47
2014-05-21,123.89
2014-05-22,123.68
2014-05-23,125.13
2014-05-23,125.13
2014-05-27,123.64
2014-05-28,124.18
2014-05-29,125.81
2014-05-30,124.23
2014-06-02,123.33
2014-06-03,121.79
2014-06-04,121.48
2014-06-05,122.21
2014-06-06,122.88
2014-06-09,124.67
2014-06-10,125.38
2014-06-11,126.71
2014-06-12,127.82
2014-06-13,127.78
2014-06-16,127.67
2014-06-17,130.18
2014-06-18,129.53
2014-06-19,138.61
2014-06-20,143.26
2014-06-23,139.41
2014-06-24,134.65
2014-06-25,131.82
2014-06-26,132.81
2014-06-27,135.36
2014-06-30,139.35
2014-07-01,139.36
2014-07-02,140.37
2014-07-03,142.28
2014-07-03,142.28
2014-07-07,137.76
2014-07-08,134.2
2014-07-09,135.8
2014-07-10,134.43
2014-07-11,138.74
2014-07-14,139.94
2014-07-15,136.92
2014-07-16,134.86
2014-07-17,131.65
2014-07-18,141.19
2014-07-21,138.75
2014-07-22,136.37
2014-07-23,132.55
2014-07-24,133.8
2014-07-25,135.26
2014-07-28,135.02
2014-07-29,132.35
2014-07-30,130.54
2014-07-31,128.71
2014-08-01,128.93
2014-08-04,126.86
2014-08-05,124.62
2014-08-06,124.41
2014-08-07,124.68
2014-08-08,120.36
2014-08-11,124.24
2014-08-12,123.69
2014-08-13,126.93
2014-08-14,132.46
2014-08-15,135.43
2014-08-18,138.46
2014-08-19,138.69
2014-08-20,135.46
2014-08-21,135.75
2014-08-22,135.1
2014-08-25,135.42
2014-08-26,133.54
2014-08-27,135.41
2014-08-28,137.95
2014-08-29,127.01
2014-08-29,127.01
2014-09-02,131.72
2014-09-03,131.55
2014-09-04,130.15
2014-09-05,137.49
2014-09-08,132.91
2014-09-09,136.88
2014-09-10,130.53
2014-09-11,132.72
2014-09-12,127.37
2014-09-15,127.09
2014-09-16,126.81
2014-09-17,138.13
2014-09-18,142.1
2014-09-19,146.08
2014-09-22,139.85
2014-09-23,132.46
2014-09-24,126.9
2014-09-25,132.24
2014-09-26,130.49
2014-09-29,131.67
2014-09-30,127.73
2014-10-01,123.17
2014-10-02,125.35
2014-10-03,122.53
2014-10-06,126.96
2014-10-07,120.85
2014-10-08,128.08
2014-10-09,123.58
2014-10-10,130.82
2014-10-13,130.36
2014-10-14,127.78
2014-10-15,111.31
2014-10-16,127.97
2014-10-17,131.71
2014-10-20,120.62
2014-10-21,129.18
2014-10-22,127.04
2014-10-23,128.77
2014-10-24,125.57
2014-10-27,123.77
2014-10-28,127.56
2014-10-29,124.18
2014-10-30,121.02
2014-10-31,124.75
2014-11-03,124.64
2014-11-04,124.19
2014-11-05,125.66
2014-11-06,124.93
2014-11-07,127.08
2014-11-10,130.51
2014-11-11,127.11
2014-11-12,125.71
2014-11-13,128.96
2014-11-14,128.68
2014-11-17,123.69
2014-11-18,132.03
2014-11-19,124.66
2014-11-20,136.35
2014-11-21,138.46
2014-11-24,140.18
2014-11-25,126.27
2014-11-26,139.86
2014-11-26,139.86
2014-11-28,131.89
2014-12-01,127.95
2014-12-02,121.64
2014-12-03,134.44
2014-12-04,128.73
2014-12-05,131.41
2014-12-08,137.62
2014-12-09,136.69
2014-12-10,130.88
2014-12-11,130.73
2014-12-12,131.47
2014-12-15,135.12
2014-12-16,131.21
2014-12-17,125.48
2014-12-18,126.24
2014-12-19,138.63
2014-12-22,136.61
2014-12-23,136.93
2014-12-24,135.65
2014-12-24,135.65
2014-12-26,135.03
2014-12-29,127.6
2014-12-30,136.39
2014-12-31,133.84
2014-12-31,133.84
2015-01-02,128.66
2015-01-05,127.79
2015-01-06,125.27
2015-01-07,123.56
2015-01-08,124.77
2015-01-09,121.69
2015-01-12,121.09
2015-01-13,122.2
2015-01-14,132.66
2015-01-15,120.77
2015-01-16,131.39
2015-01-16,131.39
2015-01-20,123.63
2015-01-21,134.3
2015-01-22,139.13
2015-01-23,132.09
2015-01-26,135.02
2015-01-27,128.43
2015-01-28,123.76
2015-01-29,130.45
2015-01-30,125.36
2015-02-02,129.98
2015-02-03,129.78
2015-02-04,126.2
2015-02-05,127.54
2015-02-06,125.62
2015-02-09,129.85
2015-02-10,126.51
2015-02-11,128.39
2015-02-12,129.95
2015-02-13,126.04
2015-02-13,126.04
2015-02-17,127.42
2015-02-18,135.0
2015-02-19,131.3
2015-02-20,125.24
2015-02-23,134.66
2015-02-24,136.26
2015-02-25,136.33
2015-02-26,126.2
2015-02-27,126.4
2015-03-02,126.01
2015-03-03,123.09
2015-03-04,127.89
2015-03-05,127.26
2015-03-06,124.65
2015-03-09,124.16
2015-03-10,123.53
2015-03-11,123.72
2015-03-12,121.53
2015-03-13,120.6
2015-03-16,122.83
2015-03-17,125.44
2015-03-18,128.51
2015-03-19,127.95
2015-03-20,131.09
2015-03-23,127.12
2015-03-24,126.82
2015-03-25,122.96
2015-03-26,122.86
2015-03-27,121.8
2015-03-30,122.69
2015-03-31,120.35
2015-04-01,120.76
2015-04-02,119.92
2015-04-02,119.92
2015-04-06,120.05
2015-04-07,121.34
2015-04-08,124.24
2015-04-09,125.87
2015-04-10,127.22
2015-04-13,117.46
2015-04-14,123.64
2015-04-15,119.71
2015-04-16,120.37
2015-04-17,122.24
2015-04-20,124.16
2015-04-21,122.77
2015-04-22,124.07
2015-04-23,123.26
2015-04-24,119.95
2015-04-27,122.84
2015-04-28,124.02
2015-04-29,125.36
2015-04-30,115.96
2015-05-01,122.37
2015-05-04,121.68
2015-05-05,122.22
2015-05-06,119.74
2015-05-07,120.73
2015-05-08,122.93
2015-05-11,115.96
2015-05-12,123.92
2015-05-13,126.04
2015-05-14,127.63
2015-05-15,127.56
2015-05-18,126.91
2015-05-19,126.28
2015-05-20,125.01
2015-05-21,121.11
2015-05-22,124.86
2015-05-22,124.86
2015-05-26,123.06
2015-05-27,123.6
2015-05-28,125.37
2015-05-29,122.5
2015-06-01,122.43
2015-06-02,121.17
2015-06-03,124.59
2015-06-04,121.98
2015-06-05,119.62
2015-06-08,118.33
2015-06-09,119.4
2015-06-10,120.83
2015-06-11,125.32
2015-06-12,119.26
2015-06-15,119.25
2015-06-16,120.23
2015-06-17,119.09
2015-06-18,120.17
2015-06-19,119.5
2015-06-22,120.52
2015-06-23,122.78
2015-06-24,119.52
2015-06-25,122.68
2015-06-26,123.07
2015-06-29,124.54
2015-06-30,123.88
2015-07-01,120.14
2015-07-02,121.52
2015-07-02,121.52
2015-07-06,118.68
2015-07-07,117.37
2015-07-08,118.25
2015-07-09,120.34
2015-07-10,118.52
2015-07-13,121.57
2015-07-14,123.11
2015-07-15,123.06
2015-07-16,124.67
2015-07-17,127.91
2015-07-20,125.06
2015-07-21,124.9
2015-07-22,130.42
2015-07-23,123.18
2015-07-24,126.32
2015-07-27,126.67
2015-07-28,123.52
2015-07-29,121.03
2015-07-30,122.06
2015-07-31,124.2
2015-08-03,119.32
2015-08-04,119.79
2015-08-05,119.1
2015-08-06,126.09
2015-08-07,117.82
2015-08-10,121.54
2015-08-11,124.37
2015-08-12,119.97
2015-08-13,119.96
2015-08-14,119.37
2015-08-17,120.27
2015-08-18,124.34
2015-08-19,122.14
2015-08-20,118.76
2015-08-21,130.04
2015-08-24,129.46
2015-08-25,126.78
2015-08-26,124.35
2015-08-27,126.31
2015-08-28,130.38
2015-08-31,129.36
2015-09-01,125.35
2015-09-02,125.35
2015-09-03,132.43
2015-09-04,142.19
2015-09-04,142.19
2015-09-08,132.37
2015-09-09,137.03
2015-09-10,131.42
2015-09-11,118.18
2015-09-14,142.93
2015-09-15,136.0
2015-09-16,142.16
2015-09-17,137.49
2015-09-18,119.47
2015-09-21,135.45
2015-09-22,135.94
2015-09-23,136.71
2015-09-24,134.03
2015-09-25,135.16
2015-09-28,134.18
2015-09-29,136.71
2015-09-30,113.9
2015-10-01,124.81
2015-10-02,115.75
2015-10-05,132.83
2015-10-06,129.32
2015-10-07,132.39
2015-10-08,136.69
2015-10-09,134.66
2015-10-12,137.25
2015-10-13,133.81
2015-10-14,135.82
2015-10-15,144.72
2015-10-16,135.04
2015-10-19,139.92
2015-10-20,140.7
2015-10-21,133.07
2015-10-22,121.02
2015-10-23,135.62
2015-10-26,132.29
2015-10-27,132.17
2015-10-28,134.43
2015-10-29,134.64
2015-10-30,125.77
2015-11-02,138.78
2015-11-03,137.4
2015-11-04,134.44
2015-11-05,135.21
2015-11-06,137.75
2015-11-09,134.34
2015-11-10,132.24
2015-11-11,132.44
2015-11-12,136.93
2015-11-13,139.5
2015-11-16,131.77
2015-11-17,136.97
2015-11-18,136.86
2015-11-19,139.17
2015-11-20,126.86
2015-11-23,139.51
2015-11-24,138.17
2015-11-25,139.45
2015-11-25,139.45
2015-11-27,137.66
2015-11-30,127.25
2015-12-01,135.57
2015-12-02,132.66
2015-12-03,135.26
2015-12-04,136.31
2015-12-07,136.77
2015-12-08,131.25
2015-12-09,134.26
2015-12-10,134.94
2015-12-11,146.53
2015-12-14,140.92
2015-12-15,143.35
2015-12-16,135.5
2015-12-17,131.2
2015-12-18,140.84
2015-12-21,125.18
2015-12-22,133.63
2015-12-23,134.69
2015-12-24,128.78
2015-12-24,128.78
2015-12-28,136.29
2015-12-29,139.26
2015-12-30,143.0
2015-12-31,124.43
2015-12-31,124.43
2016-01-04,140.0
2016-01-05,135.07
2016-01-06,128.31
2016-01-07,135.94
2016-01-08,138.83
2016-01-11,142.52
2016-01-12,138.67
2016-01-13,145.88
2016-01-14,138.79
2016-01-15,145.03
2016-01-15,145.03
2016-01-19,137.9
2016-01-20,134.82
2016-01-21,132.99
2016-01-22,133.64
2016-01-25,132.27
2016-01-26,129.53
2016-01-27,129.06
2016-01-28,129.23
2016-01-29,120.86
2016-02-01,126.38
2016-02-02,119.83
2016-02-03,122.04
2016-02-04,122.69
2016-02-05,119.01
2016-02-08,120.25
2016-02-09,120.74
2016-02-10,120.36
2016-02-11,122.38
2016-02-12,117.75
2016-02-12,117.75
2016-02-16,125.77
2016-02-17,124.99
2016-02-18,125.33
2016-02-19,123.61
2016-02-22,117.46
2016-02-23,119.67
2016-02-24,119.46
2016-02-25,122.02
2016-02-26,118.65
2016-02-29,117.68
2016-03-01,119.81
2016-03-02,122.35
2016-03-03,125.27
2016-03-04,121.65
2016-03-07,124.01
2016-03-08,123.53
2016-03-09,123.47
2016-03-10,130.04
2016-03-11,128.99
2016-03-14,133.3
2016-03-15,132.45
2016-03-16,125.42
2016-03-17,126.65
2016-03-18,126.75
2016-03-21,129.35
2016-03-22,130.99
2016-03-23,129.67
2016-03-24,119.02
2016-03-24,119.02
2016-03-28,127.74
2016-03-29,132.61
2016-03-30,128.67
2016-03-31,122.03
2016-04-01,124.03
2016-04-04,125.23
2016-04-05,120.27
2016-04-06,125.06
2016-04-07,125.13
2016-04-08,113.84
2016-04-11,119.13
2016-04-12,126.17
2016-04-13,127.13
2016-04-14,126.23
2016-04-15,123.1
2016-04-18,120.55
2016-04-19,126.19
2016-04-20,126.2
2016-04-21,127.06
2016-04-22,123.25
2016-04-25,126.78
2016-04-26,127.4
2016-04-27,126.09
2016-04-28,125.44
2016-04-29,126.49
2016-05-02,127.67
2016-05-03,125.94
2016-05-04,124.31
2016-05-05,123.74
2016-05-06,120.82
2016-05-09,123.17
2016-05-10,124.1
2016-05-11,122.19
2016-05-12,123.52
2016-05-13,121.46
2016-05-16,124.13
2016-05-17,122.96
2016-05-18,122.22
2016-05-19,123.66
2016-05-20,125.61
2016-05-23,124.74
2016-05-24,124.74
2016-05-25,127.13
2016-05-26,129.28
2016-05-27,129.61
2016-05-27,129.61
2016-05-31,127.7
2016-06-01,132.46
2016-06-02,134.15
2016-06-03,125.04
2016-06-06,125.57
2016-06-07,128.54
2016-06-08,129.23
2016-06-09,129.31
2016-06-10,133.67
2016-06-13,137.49
2016-06-14,138.02
2016-06-15,140.91
2016-06-16,142.5
2016-06-17,137.94
2016-06-20,137.81
2016-06-21,135.92
2016-06-22,136.48
2016-06-23,145.7
2016-06-24,142.92
2016-06-27,136.43
2016-06-28,153.66
2016-06-29,136.46
2016-06-30,140.58
2016-07-01,128.53
2016-07-01,128.53
2016-07-05,125.35
2016-07-06,123.14
2016-07-07,124.72
2016-07-08,127.2
2016-07-11,125.03
2016-07-12,126.1
2016-07-13,127.29
2016-07-14,128.28
2016-07-15,129.76
2016-07-18,125.38
2016-07-19,129.92
2016-07-20,128.49
2016-07-21,128.01
2016-07-22,128.36
2016-07-25,129.65
2016-07-26,130.02
2016-07-27,125.68
2016-07-28,128.51
2016-07-29,128.25
2016-08-01,128.01
2016-08-02,129.25
2016-08-03,129.99
2016-08-04,127.06
2016-08-05,130.6
2016-08-08,132.94
2016-08-09,135.56
2016-08-10,133.25
2016-08-11,131.28
2016-08-12,132.13
2016-08-15,134.45
2016-08-16,132.27
2016-08-17,136.71
2016-08-18,134.87
2016-08-19,136.58
2016-08-22,135.2
2016-08-23,131.79
2016-08-24,130.43
2016-08-25,131.06
2016-08-26,132.4
2016-08-29,131.3
2016-08-30,136.14
2016-08-31,129.25
2016-09-01,129.83
2016-09-02,128.4
2016-09-02,128.4
2016-09-06,131.16
2016-09-07,130.94
2016-09-08,129.74
2016-09-09,125.25
2016-09-12,134.18
2016-09-13,131.56
2016-09-14,127.4
2016-09-15,130.57
2016-09-16,125.25
2016-09-19,125.81
2016-09-20,126.85
2016-09-21,122.13
2016-09-22,124.29
2016-09-23,125.13
2016-09-26,121.72
2016-09-27,123.74
2016-09-28,126.85
2016-09-29,122.67
2016-09-30,124.58
2016-10-03,122.86
2016-10-04,119.67
2016-10-05,121.54
2016-10-06,120.48
2016-10-07,119.95
2016-10-10,123.84
2016-10-11,119.79
2016-10-12,122.34
2016-10-13,123.32
2016-10-14,121.86
2016-10-17,124.08
2016-10-18,122.76
2016-10-19,122.56
2016-10-20,123.91
2016-10-21,123.0
2016-10-24,124.6
2016-10-25,122.83
2016-10-26,123.31
2016-10-27,122.35
2016-10-28,126.35
2016-10-31,126.12
2016-11-01,124.46
2016-11-02,126.15
2016-11-03,141.18
2016-11-04,133.03
2016-11-07,134.91
2016-11-08,135.6
2016-11-09,134.61
2016-11-10,127.0
2016-11-11,121.71
2016-11-14,122.71
2016-11-15,119.79
2016-11-16,123.77
2016-11-17,123.06
2016-11-18,126.38
2016-11-21,124.01
2016-11-22,127.98
2016-11-23,125.33
2016-11-23,125.33
2016-11-25,126.27
2016-11-28,125.75
2016-11-29,128.31
2016-11-30,126.39
2016-12-01,128.37
2016-12-02,128.99
2016-12-05,128.35
2016-12-06,130.92
2016-12-07,123.61
2016-12-08,119.08
2016-12-09,119.51
2016-12-12,123.28
2016-12-13,119.34
2016-12-14,125.43
2016-12-15,129.44
2016-12-16,131.95
2016-12-19,130.47
2016-12-20,122.09
2016-12-21,124.9
2016-12-22,128.02
2016-12-23,120.51
2016-12-23,120.51
2016-12-27,123.65
2016-12-28,122.37
2016-12-29,124.57
2016-12-30,127.26
2016-12-30,127.26
2017-01-03,125.79
2017-01-04,124.4
2017-01-05,128.21
2017-01-06,123.67
2017-01-09,122.59
2017-01-10,121.84
2017-01-11,123.06
2017-01-12,126.22
2017-01-13,132.32
2017-01-13,132.32
2017-01-17,131.55
2017-01-18,143.43
2017-01-19,141.03
2017-01-20,146.33
2017-01-23,137.78
2017-01-24,138.16
2017-01-25,128.8
2017-01-26,129.58
2017-01-27,129.95
2017-01-30,134.32
2017-01-31,138.08
2017-02-01,133.97
2017-02-02,136.65
2017-02-03,133.25
2017-02-06,131.41
2017-02-07,130.46
2017-02-08,134.01
2017-02-09,129.19
2017-02-10,130.47
2017-02-13,130.1
2017-02-14,133.66
2017-02-15,137.55
2017-02-16,141.41
2017-02-17,141.13
2017-02-17,141.13
2017-02-21,136.93
2017-02-22,138.24
2017-02-23,137.91
2017-02-24,138.66
2017-02-27,134.39
2017-02-28,131.98
2017-03-01,132.16
2017-03-02,133.36
2017-03-03,136.1
2017-03-06,140.17
2017-03-07,138.85
2017-03-08,139.63
2017-03-09,139.48
2017-03-10,138.99
2017-03-13,145.75
2017-03-14,146.11
2017-03-15,147.2
2017-03-16,149.49
2017-03-17,154.34
2017-03-20,152.93
2017-03-21,141.02
2017-03-22,136.07
2017-03-23,132.54
2017-03-24,136.62
2017-03-27,135.37
2017-03-28,134.43
2017-03-29,132.37
2017-03-30,138.84
2017-03-31,138.31
2017-04-03,135.23
2017-04-04,132.28
2017-04-05,130.91
2017-04-06,131.27
2017-04-07,132.7
2017-04-10,132.86
2017-04-11,136.66
2017-04-12,131.93
2017-04-13,134.36
2017-04-13,134.36
2017-04-17,139.63
2017-04-18,137.2
2017-04-19,140.2
2017-04-20,146.85
2017-04-21,148.42
2017-04-24,144.45
2017-04-25,139.04
2017-04-26,142.13
2017-04-27,142.55
2017-04-28,146.98
2017-05-01,128.46
2017-05-02,127.49
2017-05-03,129.39
2017-05-04,130.48
2017-05-05,131.36
2017-05-08,128.12
2017-05-09,128.28
2017-05-10,128.27
2017-05-11,128.21
2017-05-12,129.65
2017-05-15,129.44
2017-05-16,131.24
2017-05-17,133.51
2017-05-18,137.01
2017-05-19,131.39
2017-05-22,128.57
2017-05-23,124.54
2017-05-24,123.11
2017-05-25,123.65
2017-05-26,125.41
2017-05-26,125.41
2017-05-30,125.37
2017-05-31,125.11
2017-06-01,124.55
2017-06-02,124.23
2017-06-05,125.05
2017-06-06,125.72
2017-06-07,125.98
2017-06-08,127.09
2017-06-09,131.26
2017-06-12,136.86
2017-06-13,136.41
2017-06-14,135.89
2017-06-15,134.12
2017-06-16,135.02
2017-06-19,138.77
2017-06-20,133.37
2017-06-21,129.89
2017-06-22,130.86
2017-06-23,132.76
2017-06-26,128.6
2017-06-27,125.46
2017-06-28,126.95
2017-06-29,129.15
2017-06-30,129.51
2017-07-03,126.63
2017-07-03,126.63
2017-07-05,128.67
2017-07-06,127.25
2017-07-07,131.58
2017-07-10,133.4
2017-07-11,132.75
2017-07-12,134.95
2017-07-13,138.35
2017-07-14,137.71
2017-07-17,139.87
2017-07-18,137.53
2017-07-19,136.88
2017-07-20,130.88
2017-07-21,134.53
2017-07-24,132.67
2017-07-25,135.61
2017-07-26,135.61
2017-07-27,140.81
2017-07-28,139.91
2017-07-31,139.82
2017-08-01,138.72
2017-08-02,142.02
2017-08-03,138.32
2017-08-04,139.81
2017-08-07,138.91
2017-08-08,140.05
2017-08-09,141.2
2017-08-10,136.48
2017-08-11,135.43
2017-08-14,142.07
2017-08-15,143.23
2017-08-16,148.62
2017-08-17,142.73
2017-08-18,128.86
2017-08-21,131.61
2017-08-22,135.72
2017-08-23,129.98
2017-08-24,129.95
2017-08-25,130.16
2017-08-28,128.32
2017-08-29,131.48
2017-08-30,130.53
2017-08-31,134.0
2017-09-01,134.85
2017-09-01,134.85
2017-09-05,133.48
2017-09-06,136.48
2017-09-07,135.39
2017-09-08,130.57
2017-09-11,136.96
2017-09-12,139.6
2017-09-13,142.74
2017-09-14,139.52
2017-09-15,144.54
2017-09-18,143.65
2017-09-19,142.64
2017-09-20,138.94
2017-09-21,137.87
2017-09-22,137.5
2017-09-25,135.07
2017-09-26,134.25
2017-09-27,129.49
2017-09-28,132.99
2017-09-29,137.75
2017-10-02,138.02
2017-10-03,137.15
2017-10-04,144.19
2017-10-05,140.33
2017-10-06,140.35
2017-10-09,139.83
2017-10-10,139.24
2017-10-11,138.74
2017-10-12,136.36
2017-10-13,138.28
2017-10-16,147.53
2017-10-17,150.12
2017-10-18,147.95
2017-10-19,146.16
2017-10-20,148.81
2017-10-23,142.46
2017-10-24,142.15
2017-10-25,138.0
2017-10-26,135.36
2017-10-27,135.7
2017-10-30,132.54
2017-10-31,131.81
2017-11-01,129.05
2017-11-02,128.97
2017-11-03,130.34
2017-11-06,130.52
2017-11-07,129.15
2017-11-08,131.5
2017-11-09,128.95
2017-11-10,130.56
2017-11-13,129.75
2017-11-14,130.15
2017-11-15,135.21
2017-11-16,136.3
2017-11-17,137.19
2017-11-20,135.83
2017-11-21,133.56
2017-11-22,132.52
2017-11-22,132.52
2017-11-24,130.98
2017-11-27,130.18
2017-11-28,124.08
2017-11-29,126.28
2017-11-30,128.9
2017-12-01,128.83
2017-12-04,132.14
2017-12-05,132.07
2017-12-06,130.98
2017-12-07,130.84
2017-12-08,132.54
2017-12-11,133.98
2017-12-12,133.02
2017-12-13,134.71
2017-12-14,134.03
2017-12-15,135.73
2017-12-18,132.72
2017-12-19,130.69
2017-12-20,133.15
2017-12-21,132.63
2017-12-22,134.4
2017-12-22,134.4
2017-12-26,135.6
2017-12-27,138.43
2017-12-28,137.82
2017-12-29,137.05
2017-12-29,137.05
2018-01-02,135.37
2018-01-03,133.43
2018-01-04,131.24
2018-01-05,127.03
2018-01-08,128.0
2018-01-09,126.37
2018-01-10,129.12
2018-01-11,126.1
2018-01-12,124.95
2018-01-12,124.95
2018-01-16,128.65
2018-01-17,136.19
2018-01-18,131.41
2018-01-19,132.28
2018-01-22,127.18
2018-01-23,122.95
2018-01-24,120.2
2018-01-25,121.87
2018-01-26,117.99
2018-01-29,118.8
2018-01-30,122.85
2018-01-31,121.23
2018-02-01,120.59
2018-02-02,126.45
2018-02-05,117.33
2018-02-06,129.61
2018-02-07,136.9
2018-02-08,130.92
2018-02-09,128.51
2018-02-12,148.02
2018-02-13,143.07
2018-02-14,127.84
2018-02-15,131.67
2018-02-16,137.8
2018-02-16,137.8
2018-02-20,131.63
2018-02-21,130.03
2018-02-22,134.31
2018-02-23,139.2
2018-02-26,131.72
2018-02-27,132.27
2018-02-28,138.95
2018-03-01,136.54
2018-03-02,127.48
2018-03-05,130.12
2018-03-06,128.41
2018-03-07,128.17
2018-03-08,129.62
2018-03-09,127.79
2018-03-12,141.98
2018-03-13,140.43
2018-03-14,141.66
2018-03-15,146.55
2018-03-16,147.35
2018-03-19,143.96
2018-03-20,139.52
2018-03-21,133.69
2018-03-22,131.52
2018-03-23,130.79
2018-03-26,128.96
2018-03-27,128.65
2018-03-28,128.33
2018-03-29,119.34
2018-03-29,119.34
2018-04-02,119.68
2018-04-03,118.38
2018-04-04,119.23
2018-04-05,121.51
2018-04-06,122.39
2018-04-09,119.9
2018-04-10,121.25
2018-04-11,122.27
2018-04-12,122.29
2018-04-13,126.0
2018-04-16,131.47
2018-04-17,130.57
2018-04-18,146.26
2018-04-19,138.2
2018-04-20,133.07
2018-04-23,126.48
2018-04-24,126.5
2018-04-25,124.29
2018-04-26,127.08
2018-04-27,128.4
2018-04-30,130.77
2018-05-01,128.21
2018-05-02,122.42
2018-05-03,126.79
2018-05-04,127.37
2018-05-07,123.04
2018-05-08,125.1
2018-05-09,126.05
2018-05-10,129.35
2018-05-10,129.35
2018-05-14,133.97
2018-05-15,136.76
2018-05-16,134.45
2018-05-17,134.78
2018-05-18,133.32
2018-05-21,134.02
2018-05-22,134.61
2018-05-23,135.61
2018-05-24,139.24
2018-05-25,140.78
2018-05-25,140.78
2018-05-29,141.84
2018-05-30,143.89
2018-05-31,140.07
2018-06-01,134.53
2018-06-04,132.7
2018-06-05,132.58
2018-06-06,136.57
2018-06-07,133.84
2018-06-08,133.11
2018-06-11,138.93
2018-06-12,142.82
2018-06-13,141.74
2018-06-14,142.39
2018-06-15,140.92
2018-06-18,140.92
2018-06-19,139.35
2018-06-20,140.82
2018-06-21,139.94
2018-06-22,140.54
2018-06-25,134.66
2018-06-26,134.92
2018-06-27,131.3
2018-06-28,136.34
2018-06-29,141.72
2018-07-02,140.89
2018-07-03,134.57
2018-07-03,134.57
2018-07-05,139.86
2018-07-06,141.02
2018-07-09,138.96
2018-07-10,139.26
2018-07-11,136.85
2018-07-12,138.22
2018-07-13,142.48
2018-07-16,148.16
2018-07-17,149.58
2018-07-18,154.25
2018-07-19,150.98
2018-07-20,152.72
2018-07-23,153.78
2018-07-24,145.94
2018-07-25,145.09
2018-07-26,142.18
2018-07-27,144.57
2018-07-30,141.57
2018-07-31,144.49
2018-08-01,142.77
2018-08-02,143.83
2018-08-03,146.19
2018-08-06,142.01
2018-08-07,138.94
2018-08-08,139.84
2018-08-09,138.61
2018-08-10,149.2
2018-08-13,159.03
2018-08-14,152.41
2018-08-15,148.4
2018-08-16,148.45
2018-08-17,146.01
2018-08-20,145.55
2018-08-21,144.7
2018-08-22,143.75
2018-08-23,147.38
2018-08-24,148.2
2018-08-27,144.85
2018-08-28,140.88
2018-08-29,140.76
2018-08-30,141.82
2018-08-31,146.91
2018-08-31,146.91
2018-09-04,142.18
2018-09-05,142.22
2018-09-06,140.56
2018-09-07,145.87
2018-09-10,144.88
2018-09-11,147.88
2018-09-12,148.75
2018-09-13,150.64
2018-09-14,151.59
2018-09-17,150.95
2018-09-18,151.37
2018-09-19,145.19
2018-09-20,144.84
2018-09-21,141.55
2018-09-24,138.84
2018-09-25,137.68
2018-09-26,140.98
2018-09-27,142.1
2018-09-28,144.43
2018-10-01,141.52
2018-10-02,137.98
2018-10-03,136.33
2018-10-04,136.73
2018-10-05,130.28
2018-10-08,129.64
2018-10-09,128.98
2018-10-10,127.65
2018-10-11,130.85
2018-10-12,125.51
2018-10-15,128.32
2018-10-16,132.15
2018-10-17,130.65
2018-10-18,125.96
2018-10-19,124.94
2018-10-22,125.68
2018-10-23,126.54
2018-10-24,128.91
2018-10-25,125.26
2018-10-26,121.7
2018-10-29,120.83
2018-10-30,118.11
2018-10-31,117.64
2018-11-01,118.28
2018-11-02,115.73
2018-11-05,118.89
2018-11-06,119.93
2018-11-07,120.56
2018-11-08,121.85
2018-11-09,120.06
2018-11-12,121.35
2018-11-13,122.06
2018-11-14,120.68
2018-11-15,120.76
2018-11-16,118.71
2018-11-19,115.79
2018-11-20,119.55
2018-11-21,119.31
2018-11-21,119.31
2018-11-23,117.21
2018-11-26,117.57
2018-11-27,115.83
2018-11-28,115.96
2018-11-29,115.49
2018-11-30,114.71
2018-12-03,118.46
2018-12-04,117.76
2018-12-04,117.76
2018-12-06,116.68
2018-12-07,114.3
2018-12-10,117.64
2018-12-11,116.8
2018-12-12,116.78
2018-12-13,117.03
2018-12-14,118.6
2018-12-17,123.96
2018-12-18,124.23
2018-12-19,125.38
2018-12-20,124.07
2018-12-21,122.17
2018-12-24,118.27
2018-12-24,118.27
2018-12-26,116.47
2018-12-27,115.18
2018-12-28,117.26
2018-12-31,117.8
2018-12-31,117.8
2019-01-02,116.06
2019-01-03,112.22
2019-01-04,111.44
2019-01-07,113.56
2019-01-08,115.3
2019-01-09,117.01
2019-01-10,117.72
2019-01-11,119.09
2019-01-14,125.2
2019-01-15,126.87
2019-01-16,131.66
2019-01-17,133.02
2019-01-18,131.19
2019-01-18,131.19
2019-01-22,122.82
2019-01-23,123.88
2019-01-24,130.92
2019-01-25,126.11
2019-01-28,123.06
2019-01-29,121.9
2019-01-30,123.28
2019-01-31,126.53
2019-02-01,126.03
2019-02-04,128.4
2019-02-05,123.42
2019-02-06,123.72
2019-02-07,124.45
2019-02-08,127.72
2019-02-11,129.19
2019-02-12,128.6
2019-02-13,127.12
2019-02-14,126.89
2019-02-15,129.55
2019-02-15,129.55
2019-02-19,124.68
2019-02-20,123.39
2019-02-21,122.42
2019-02-22,121.08
2019-02-25,127.67
2019-02-26,125.53
2019-02-27,126.44
2019-02-28,128.85
2019-03-01,126.97
2019-03-04,125.04
2019-03-05,126.4
2019-03-06,125.8
2019-03-07,123.14
2019-03-08,125.73
2019-03-11,132.93
2019-03-12,130.17
2019-03-13,132.57
2019-03-14,130.57
2019-03-15,128.76
2019-03-18,127.1
2019-03-19,123.13
2019-03-20,120.59
2019-03-21,120.67
2019-03-22,117.55
2019-03-25,117.6
2019-03-26,117.8
2019-03-27,117.66
2019-03-28,119.25
2019-03-29,120.96
2019-04-01,126.77
2019-04-02,127.31
2019-04-03,125.96
2019-04-04,126.23
2019-04-05,128.75
2019-04-08,129.13
2019-04-09,127.66
2019-04-10,127.61
2019-04-11,126.23
2019-04-12,124.22
2019-04-15,127.69
2019-04-16,125.81
2019-04-17,125.78
2019-04-18,123.6
2019-04-18,123.6
2019-04-22,124.24
2019-04-23,124.65
2019-04-24,123.81
2019-04-25,124.18
2019-04-26,126.29
2019-04-29,125.79
2019-04-30,126.47
2019-05-01,125.32
2019-05-02,124.59
2019-05-03,122.22
2019-05-06,123.23
2019-05-07,116.88
2019-05-08,117.79
2019-05-09,117.68
2019-05-10,118.54
2019-05-13,119.36
2019-05-14,119.95
2019-05-15,120.87
2019-05-16,121.09
2019-05-17,118.69
2019-05-20,115.25
2019-05-21,117.17
2019-05-22,115.42
2019-05-23,114.71
2019-05-24,114.12
2019-05-24,114.12
2019-05-28,112.58
2019-05-29,111.93
2019-05-30,112.68
2019-05-31,112.65
2019-06-03,112.32
2019-06-04,112.74
2019-06-05,112.91
2019-06-06,113.89
2019-06-07,114.67
2019-06-10,114.38
2019-06-11,113.81
2019-06-12,114.66
2019-06-13,113.33
2019-06-14,113.16
2019-06-17,115.3
2019-06-18,116.21
2019-06-19,115.93
2019-06-20,119.23
2019-06-21,118.46
2019-06-24,117.09
2019-06-25,116.83
2019-06-26,117.16
2019-06-27,117.5
2019-06-28,118.12
2019-07-01,119.86
2019-07-02,122.14
2019-07-03,120.82
2019-07-03,120.82
2019-07-05,126.66
2019-07-08,121.42
2019-07-09,120.44
2019-07-10,120.66
2019-07-11,122.45
2019-07-12,123.65
2019-07-15,126.22
2019-07-16,125.15
2019-07-17,123.98
2019-07-18,125.42
2019-07-19,125.5
2019-07-22,125.36
2019-07-23,124.65
2019-07-24,123.08
2019-07-25,121.88
2019-07-26,123.27
2019-07-29,125.1
2019-07-30,121.94
2019-07-31,121.71
2019-08-01,117.07
2019-08-02,117.25
2019-08-05,113.3
2019-08-06,114.2
2019-08-07,113.96
2019-08-08,117.71
2019-08-09,116.34
2019-08-12,115.15
2019-08-13,117.58
2019-08-14,113.48
2019-08-15,112.52
2019-08-16,115.84
2019-08-19,116.48
2019-08-20,114.78
2019-08-21,114.48
2019-08-22,114.46
2019-08-23,112.62
2019-08-26,113.07
2019-08-27,111.76
2019-08-28,113.65
2019-08-29,115.02
2019-08-30,115.37
2019-08-30,115.37
2019-09-03,114.68
2019-09-04,115.99
2019-09-05,118.58
2019-09-06,118.87
2019-09-09,118.79
2019-09-10,119.01
2019-09-11,119.95
2019-09-12,119.95
2019-09-13,118.4
2019-09-16,119.16
2019-09-17,117.94
2019-09-18,118.09
2019-09-19,118.77
2019-09-20,117.5
2019-09-23,118.78
2019-09-24,118.01
2019-09-25,117.98
2019-09-26,117.51
2019-09-27,116.61
2019-09-30,117.67
2019-10-01,114.01
2019-10-02,111.47
2019-10-03,112.44
2019-10-04,114.54
2019-10-07,118.76
2019-10-08,118.42
2019-10-09,119.95
2019-10-10,120.85
2019-10-11,122.4
2019-10-14,124.85
2019-10-15,127.17
2019-10-16,125.53
2019-10-17,128.01
2019-10-18,126.24
2019-10-21,128.44
2019-10-22,125.79
2019-10-23,127.92
2019-10-24,125.22
2019-10-25,125.7
2019-10-28,125.26
2019-10-29,127.29
2019-10-30,129.64
2019-10-31,130.71
2019-11-01,126.88
2019-11-04,129.74
2019-11-05,126.78
2019-11-06,125.2
2019-11-07,124.68
2019-11-08,123.3
2019-11-11,123.85
2019-11-12,123.18
2019-11-13,124.61
2019-11-14,126.28
2019-11-15,124.95
2019-11-18,126.59
2019-11-19,127.46
2019-11-19,127.46
2019-11-21,124.87
2019-11-22,125.53
2019-11-25,128.65
2019-11-26,130.28
2019-11-27,130.37
2019-11-27,130.37
2019-11-29,129.83
2019-12-02,126.35
2019-12-03,122.78
2019-12-04,123.31
2019-12-05,123.64
2019-12-06,131.48
2019-12-09,136.56
2019-12-10,135.0
2019-12-11,134.37
2019-12-12,132.68
2019-12-13,144.51
2019-12-16,143.85
2019-12-17,137.48
2019-12-18,144.56
2019-12-19,150.14
2019-12-20,147.17
2019-12-23,143.91
2019-12-24,143.87
2019-12-24,143.87
2019-12-26,143.07
2019-12-27,140.29
2019-12-30,133.56
2019-12-31,139.52
2019-12-31,139.52
2020-01-02,137.7
2020-01-03,133.46
2020-01-06,132.51
2020-01-07,129.78
2020-01-08,136.42
2020-01-09,133.47
2020-01-10,128.15
2020-01-13,131.27
2020-01-14,130.82
2020-01-15,130.82
2020-01-16,133.13
2020-01-17,134.62
2020-01-17,134.62
2020-01-21,132.7
2020-01-22,129.93
2020-01-23,131.76
2020-01-24,127.02
2020-01-27,127.21
2020-01-28,125.61
2020-01-29,125.15
2020-01-30,129.95
2020-01-31,135.73
2020-02-03,127.7
2020-02-04,128.65
2020-02-05,129.78
2020-02-06,134.48
2020-02-07,132.21
2020-02-10,133.29
2020-02-11,132.95
2020-02-12,133.2
2020-02-13,133.04
2020-02-14,132.67
2020-02-14,132.67
2020-02-18,137.66
2020-02-19,141.81
2020-02-20,137.12
2020-02-21,135.14
2020-02-24,130.48
2020-02-25,130.79
2020-02-26,130.65
2020-02-26,130.65
2020-02-28,130.82
2020-03-02,126.84
2020-03-03,123.06
2020-03-04,127.38
2020-03-05,123.61
2020-03-06,126.08
2020-03-09,121.57
2020-03-10,121.38
2020-03-11,121.72
2020-03-12,115.79
2020-03-13,132.37
2020-03-16,114.66
2020-03-17,116.67
2020-03-18,113.54
2020-03-19,115.44
2020-03-20,118.12
2020-03-23,117.05
2020-03-24,117.75
2020-03-25,116.6
2020-03-26,118.97
2020-03-27,117.41
2020-03-30,122.18
2020-03-31,125.49
2020-04-01,115.48
2020-04-02,118.43
2020-04-03,120.57
2020-04-06,121.01
2020-04-07,118.48
2020-04-08,119.3
2020-04-09,120.85
2020-04-09,120.85
2020-04-13,119.6
2020-04-14,122.33
2020-04-15,122.42
2020-04-16,122.33
2020-04-17,126.43
2020-04-20,125.34
2020-04-21,123.71
2020-04-22,126.19
2020-04-23,125.22
2020-04-24,126.51
2020-04-27,129.29
2020-04-28,129.23
2020-04-29,132.6
2020-04-30,130.38
2020-05-01,129.97
2020-05-04,131.29
2020-05-05,128.26
2020-05-06,128.59
2020-05-07,130.67
2020-05-08,132.21
2020-05-11,129.1
2020-05-12,125.97
2020-05-13,123.43
2020-05-14,124.35
2020-05-15,124.47
2020-05-18,129.23
2020-05-19,127.48
2020-05-20,125.95
2020-05-21,124.53
2020-05-22,125.78
2020-05-22,125.78
2020-05-26,129.11
2020-05-27,129.96
2020-05-28,130.78
2020-05-29,131.72
2020-06-01,132.09
2020-06-02,132.61
2020-06-03,131.5
2020-06-04,130.77
2020-06-05,129.87
2020-06-08,129.11
2020-06-09,124.93
2020-06-10,127.74
2020-06-11,131.29
2020-06-12,133.54
2020-06-15,137.33
2020-06-16,133.85
2020-06-17,135.49
2020-06-18,134.9
2020-06-19,125.38
2020-06-22,135.54
2020-06-23,135.2
2020-06-24,134.05
2020-06-25,131.92
2020-06-26,137.47
2020-06-29,135.75
2020-06-30,148.27
2020-07-01,142.44
2020-07-02,146.34
2020-07-02,146.34
2020-07-06,140.98
2020-07-07,138.34
2020-07-08,144.46
2020-07-09,138.84
2020-07-10,135.68
2020-07-13,128.52
2020-07-14,131.1
2020-07-15,146.53
2020-07-16,142.44
2020-07-17,140.81
2020-07-20,145.9
2020-07-21,134.84
2020-07-22,140.39
2020-07-23,140.74
2020-07-24,139.4
2020-07-27,139.61
2020-07-28,139.64
2020-07-29,140.86
2020-07-30,138.99
2020-07-31,141.56
2020-08-03,141.77
2020-08-04,141.64
2020-08-05,139.59
2020-08-06,141.75
2020-08-07,139.75
2020-08-10,137.5
2020-08-11,136.39
2020-08-12,137.01
2020-08-13,136.11
2020-08-14,136.82
2020-08-17,137.45
2020-08-18,138.08
2020-08-19,138.2
2020-08-20,144.05
2020-08-21,146.73
2020-08-24,147.23
2020-08-25,146.53
2020-08-26,142.09
2020-08-27,145.07
2020-08-28,145.73
2020-08-31,144.67
2020-09-01,142.28
2020-09-02,141.1
2020-09-03,144.66
2020-09-04,133.28
2020-09-04,133.28
2020-09-08,132.51
2020-09-09,133.2
2020-09-10,130.16
2020-09-11,125.42
2020-09-14,130.95
2020-09-15,132.95
2020-09-16,136.06
2020-09-17,139.41
2020-09-18,132.09
2020-09-21,130.64
2020-09-22,130.08
2020-09-23,129.84
2020-09-24,129.17
2020-09-25,129.26
2020-09-28,126.69
2020-09-29,123.93
2020-09-30,120.94
2020-10-01,117.78
2020-10-02,119.12
2020-10-05,119.53
2020-10-06,120.05
2020-10-07,120.6
2020-10-08,121.81
2020-10-09,121.93
2020-10-12,123.94
2020-10-13,122.54
2020-10-14,122.6
2020-10-15,123.47
2020-10-16,123.7
2020-10-19,124.75
2020-10-20,125.31
2020-10-21,124.38
2020-10-22,124.94
2020-10-23,126.7
2020-10-26,126.05
2020-10-27,127.58
2020-10-28,129.3
2020-10-29,128.05
2020-10-30,129.01
2020-11-02,133.86
2020-11-03,136.44
2020-11-04,133.32
2020-11-05,127.65
2020-11-06,124.56
2020-11-09,127.41
2020-11-10,126.3
2020-11-11,129.47
2020-11-12,131.42
2020-11-13,129.33
2020-11-16,129.56
2020-11-17,128.91
2020-11-18,133.59
2020-11-19,133.55
2020-11-20,133.54
2020-11-23,134.26
2020-11-24,134.19
2020-11-25,133.9
2020-11-25,133.9
2020-11-27,132.43
2020-11-30,133.95
2020-12-01,132.6
2020-12-02,134.61
2020-12-03,132.46
2020-12-04,133.08
2020-12-07,132.44
2020-12-08,134.9
2020-12-09,135.75
2020-12-10,135.71
2020-12-11,139.92
2020-12-14,139.29
2020-12-15,138.95
2020-12-16,144.79
2020-12-17,147.07
2020-12-18,147.02
2020-12-21,146.53
2020-12-22,146.27
2020-12-23,147.39
2020-12-24,148.27
2020-12-24,148.27
2020-12-28,145.3
2020-12-29,142.74
2020-12-30,143.03
2020-12-31,147.83
2020-12-31,147.83
2021-01-04,143.84
2021-01-05,145.5
2021-01-06,147.06
2021-01-07,145.92
2021-01-08,139.25
2021-01-11,134.7
2021-01-12,139.99
2021-01-13,139.93
2021-01-14,138.06
2021-01-15,136.7
2021-01-15,136.7
2021-01-19,141.32
2021-01-20,146.66
2021-01-21,144.2
2021-01-22,145.55
2021-01-25,145.56
2021-01-26,143.31
2021-01-27,137.93
2021-01-28,145.84
2021-01-29,134.3
2021-02-01,141.63
2021-02-02,141.15
2021-02-03,136.59
2021-02-04,136.01
2021-02-05,135.09
2021-02-08,136.65
2021-02-09,140.06
2021-02-10,139.33
2021-02-11,137.6
2021-02-12,137.66
2021-02-12,137.66
2021-02-16,140.17
2021-02-17,144.45
2021-02-18,142.55
2021-02-19,141.53
2021-02-22,138.82
2021-02-23,136.64
2021-02-24,138.52
2021-02-25,142.07
2021-02-26,136.23
2021-03-01,141.33
2021-03-02,141.68
2021-03-03,140.53
2021-03-04,137.19
2021-03-05,135.9
2021-03-08,137.01
2021-03-09,134.45
2021-03-10,138.57
2021-03-11,139.61
2021-03-12,140.29
2021-03-15,141.26
2021-03-16,142.56
2021-03-17,143.19
2021-03-18,148.11
2021-03-19,141.47
2021-03-22,146.14
2021-03-23,143.44
2021-03-24,143.7
2021-03-25,140.86
2021-03-26,145.46
2021-03-29,143.67
2021-03-30,142.2
2021-03-31,140.93
2021-04-01,136.29
2021-04-01,136.29
2021-04-05,139.63
2021-04-06,142.44
2021-04-07,140.6
2021-04-08,139.04
2021-04-09,132.88
2021-04-12,134.29
2021-04-13,134.72
2021-04-14,137.67
2021-04-15,139.29
2021-04-16,138.33
2021-04-19,137.15
2021-04-20,134.87
2021-04-21,139.43
2021-04-22,138.09
2021-04-23,140.09
2021-04-26,139.09
2021-04-27,139.13
2021-04-28,139.37
2021-04-29,139.3
2021-04-30,146.32
2021-05-03,143.75
2021-05-04,139.23
2021-05-05,142.12
2021-05-06,144.47
2021-05-07,145.76
2021-05-10,142.72
2021-05-11,140.12
2021-05-12,142.6
2021-05-13,139.26
2021-05-14,139.05
2021-05-17,138.35
2021-05-18,139.46
2021-05-19,143.75
2021-05-20,142.96
2021-05-21,144.51
2021-05-24,144.64
2021-05-25,144.6
2021-05-26,149.82
2021-05-27,149.35
2021-05-28,155.31
2021-05-28,155.31
2021-06-01,149.04
2021-06-02,148.59
2021-06-03,145.21
2021-06-04,147.76
2021-06-07,151.29
2021-06-08,150.7
2021-06-09,150.71
2021-06-10,154.81
2021-06-11,159.28
2021-06-14,160.64
2021-06-15,161.35
2021-06-16,155.97
2021-06-17,161.01
2021-06-18,150.78
2021-06-21,158.36
2021-06-22,160.51
2021-06-23,154.85
2021-06-24,161.04
2021-06-25,170.55
2021-06-28,162.09
2021-06-29,163.84
2021-06-30,161.85
2021-07-01,155.65
2021-07-02,157.94
2021-07-02,157.94
2021-07-06,153.75
2021-07-07,152.15
2021-07-08,152.82
2021-07-09,155.7
2021-07-12,157.93
2021-07-13,154.4
2021-07-14,154.31
2021-07-15,154.15
2021-07-16,151.94
2021-07-19,155.74
2021-07-20,154.5
2021-07-21,155.34
2021-07-22,152.63
2021-07-23,159.44
2021-07-26,153.2
2021-07-27,151.04
2021-07-28,152.23
2021-07-29,149.96
2021-07-30,153.71
2021-08-02,153.3
2021-08-03,152.56
2021-08-04,151.4
2021-08-05,148.27
2021-08-06,148.27
2021-08-09,148.27
2021-08-10,148.27
2021-08-11,154.32
2021-08-12,157.18
2021-08-13,159.66
2021-08-16,152.54
2021-08-17,149.05
2021-08-18,148.54
2021-08-19,151.19
2021-08-20,153.51
2021-08-23,159.02
2021-08-24,157.13
2021-08-25,159.51
2021-08-26,157.25
2021-08-27,162.43
2021-08-30,157.99
2021-08-31,155.91
2021-09-01,154.75
2021-09-02,156.98
2021-09-03,162.27
2021-09-06,162.27
2021-09-07,154.76
2021-09-08,153.39
2021-09-09,149.97
2021-09-10,151.16
2021-09-13,148.5
2021-09-14,146.73
2021-09-15,154.33
2021-09-16,152.88
2021-09-17,149.52
2021-09-20,141.57
2021-09-21,139.98
2021-09-22,144.12
2021-09-23,146.87
2021-09-24,145.67
2021-09-27,144.66
2021-09-28,140.08
2021-09-29,137.99
2021-09-30,135.55
2021-10-01,135.05
2021-10-04,130.87
2021-10-05,131.68
2021-10-06,131.51
2021-10-07,133.32
2021-10-08,134.46
2021-10-11,134.7
2021-10-12,134.1
2021-10-13,135.77
2021-10-14,143.78
2021-10-15,147.27
2021-10-18,143.77
2021-10-19,141.01
2021-10-20,141.23
2021-10-21,140.94
2021-10-22,139.34
2021-10-25,140.94
2021-10-26,141.3
2021-10-27,140.6
2021-10-28,144.73
2021-10-29,148.09
2021-11-01,145.81
2021-11-02,146.68
2021-11-03,149.77
2021-11-04,151.67
2021-11-05,148.83
2021-11-08,149.24
2021-11-09,144.09
2021-11-10,144.89
2021-11-11,144.03
2021-11-12,144.37
2021-11-15,142.38
2021-11-16,139.56
2021-11-17,141.96
2021-11-18,144.8
2021-11-19,148.44
2021-11-22,147.44
2021-11-23,146.99
2021-11-24,148.15
2021-11-25,148.15
2021-11-26,148.27
2021-11-29,149.93
2021-11-30,150.55
2021-12-01,155.21
2021-12-02,151.38
2021-12-03,149.64
2021-12-06,151.64
2021-12-07,151.66
2021-12-08,151.2
2021-12-09,149.66
2021-12-10,147.34
2021-12-13,146.07
2021-12-14,137.76
2021-12-15,141.75
2021-12-16,140.29
2021-12-17,134.94
2021-12-20,131.71
2021-12-21,136.33
2021-12-22,142.04
2021-12-23,150.26
2021-12-24,150.26
2021-12-27,151.87
2021-12-28,153.21
2021-12-29,156.24
2021-12-30,155.27
2021-12-31,154.38
2022-01-03,151.49
2022-01-04,150.36
2022-01-05,143.41
2022-01-06,140.77
2022-01-07,139.14
2022-01-10,139.24
2022-01-11,138.09
2022-01-12,135.73
2022-01-13,133.13
2022-01-14,133.85
2022-01-17,133.85
2022-01-18,129.72
2022-01-19,134.73
2022-01-20,127.58
2022-01-21,136.18
2022-01-24,136.06
2022-01-25,133.9
2022-01-26,133.38
2022-01-27,132.22
2022-01-28,132.96
2022-01-31,131.44
2022-02-01,133.0
2022-02-02,132.05
2022-02-03,132.75
2022-02-04,129.29
2022-02-07,126.25
2022-02-08,127.72
2022-02-09,129.78
2022-02-10,128.11
2022-02-11,126.81
2022-02-14,128.12
2022-02-15,129.76
2022-02-16,132.75
2022-02-17,131.31
2022-02-18,128.36
2022-02-21,128.36
2022-02-22,128.33
2022-02-23,126.88
2022-02-24,130.48
2022-02-25,132.51
2022-02-28,137.36
2022-03-01,134.42
2022-03-02,136.11
2022-03-03,133.28
2022-03-04,134.98
2022-03-07,136.69
2022-03-08,135.25
2022-03-09,134.12
2022-03-10,130.94
2022-03-11,130.7
2022-03-14,131.81
2022-03-15,130.66
2022-03-16,132.0
2022-03-17,134.93
2022-03-18,136.64
2022-03-21,135.73
2022-03-22,139.72
2022-03-23,136.71
2022-03-24,138.39
2022-03-25,140.26
2022-03-28,138.87
2022-03-29,140.0
2022-03-30,139.28
2022-03-31,140.73
2022-04-01,145.51
2022-04-04,146.48
2022-04-05,141.33
2022-04-06,144.27
2022-04-07,139.55
2022-04-08,141.51
2022-04-11,137.91
2022-04-12,137.62
2022-04-13,139.86
2022-04-14,134.39
2022-04-15,134.39
2022-04-18,130.94
2022-04-19,130.94
2022-04-20,134.18
2022-04-21,132.72
2022-04-22,136.22
2022-04-25,133.42
2022-04-26,137.43
2022-04-27,138.09
2022-04-28,136.35
2022-04-29,136.69
2022-05-02,131.4
2022-05-03,129.0
2022-05-04,127.75
2022-05-05,128.65
2022-05-06,126.21
2022-05-09,127.05
2022-05-10,125.86
2022-05-11,124.51
2022-05-12,119.91
2022-05-13,122.09
2022-05-16,117.53
2022-05-17,117.68
2022-05-18,123.46
2022-05-19,122.66
2022-05-20,122.32
2022-05-23,120.55
2022-05-24,122.96
2022-05-25,118.85
2022-05-26,122.28
2022-05-27,121.25
2022-05-30,121.25
2022-05-31,119.1
2022-06-01,119.3
2022-06-02,121.4
2022-06-03,122.25
2022-06-06,122.36
2022-06-07,120.66
2022-06-08,119.13
2022-06-09,120.66
2022-06-10,121.64
2022-06-13,124.14
2022-06-14,125.16
2022-06-15,118.36
2022-06-16,122.48
2022-06-17,121.15
2022-06-20,121.15
2022-06-21,121.38
2022-06-22,119.22
2022-06-23,121.11
2022-06-24,120.43
2022-06-27,119.98
2022-06-28,120.46
2022-06-29,119.26
2022-06-30,119.94
2022-07-01,118.59
2022-07-04,118.59
2022-07-05,118.19
2022-07-06,117.45
2022-07-07,118.76
2022-07-08,118.13
2022-07-11,119.8
2022-07-12,121.33
2022-07-13,120.41
2022-07-14,121.92
2022-07-15,122.48
2022-07-18,120.55
2022-07-19,120.04
2022-07-20,117.24
2022-07-21,118.71
2022-07-22,119.15
2022-07-25,119.46
2022-07-26,121.29
2022-07-27,121.92
2022-07-28,122.67
2022-07-29,122.29
2022-08-01,122.94
2022-08-02,121.78
2022-08-03,121.16
2022-08-04,122.81
2022-08-05,125.97
2022-08-08,123.69
2022-08-09,123.91
2022-08-10,125.04
2022-08-11,126.84
2022-08-12,129.34
2022-08-15,127.62
2022-08-16,126.09
2022-08-17,122.06
2022-08-18,124.22
2022-08-19,123.68
2022-08-22,123.93
2022-08-23,123.83
2022-08-24,122.78
2022-08-25,123.1
2022-08-26,124.57
2022-08-29,121.97
2022-08-30,121.01
2022-08-31,119.71
2022-09-01,120.74
2022-09-02,119.81
2022-09-05,119.81
2022-09-06,119.84
2022-09-07,119.05
2022-09-08,119.08
2022-09-09,119.66
2022-09-12,121.06
2022-09-13,125.46
2022-09-14,120.19
2022-09-15,119.97
2022-09-16,117.71
2022-09-19,116.26
2022-09-20,116.69
2022-09-21,116.21
2022-09-22,115.86
2022-09-23,118.99
2022-09-26,120.01
2022-09-27,120.39
2022-09-28,120.38
2022-09-29,121.54
2022-09-30,123.59
2022-10-03,121.38
2022-10-04,122.46
2022-10-05,121.78
2022-10-06,122.44
2022-10-07,121.81
2022-10-10,120.07
2022-10-11,120.12
2022-10-12,119.99
2022-10-13,117.82
2022-10-14,119.3
2022-10-17,116.97
2022-10-18,116.88
2022-10-19,117.26
2022-10-20,117.41
2022-10-21,116.19
2022-10-24,114.97
2022-10-25,114.64
2022-10-26,113.86
2022-10-27,113.23
2022-10-28,112.06
2022-10-31,111.96
2022-11-01,111.44
2022-11-02,111.99
2022-11-03,110.34
2022-11-04,111.62
2022-11-07,111.67
2022-11-08,113.55
2022-11-09,114.36
2022-11-10,111.42
2022-11-11,114.09
2022-11-14,113.67
2022-11-15,115.94
2022-11-16,115.56
2022-11-17,115.24
2022-11-18,114.97
2022-11-21,114.52
2022-11-22,116.24
2022-11-23,118.65
2022-11-23,118.65
2022-11-25,128.11
2022-11-28,118.47
2022-11-29,120.38
2022-11-30,118.47
2022-12-01,117.79
2022-12-02,118.11
2022-12-05,117.75
2022-12-06,117.11
2022-12-07,117.81
2022-12-08,117.54
2022-12-09,119.24
2022-12-12,121.86
2022-12-13,122.73
2022-12-14,124.23
2022-12-15,124.49
2022-12-16,120.04
2022-12-19,117.09
2022-12-20,115.57
2022-12-21,114.25
2022-12-22,114.42
2022-12-23,114.57
2022-12-23,114.57
2022-12-27,113.44
2022-12-28,112.03
2022-12-29,113.27
2022-12-30,113.57
2022-12-30,113.57
2023-01-03,112.74
2023-01-04,112.14
2023-01-05,112.67
2023-01-06,113.86
2023-01-09,114.42
2023-01-10,114.65
2023-01-11,115.1
2023-01-12,117.39
2023-01-13,121.7
2023-01-13,121.7
2023-01-17,120.01
2023-01-18,119.91
2023-01-19,121.23
2023-01-20,120.19
2023-01-23,120.91
2023-01-24,121.34
2023-01-25,121.04
2023-01-26,121.49
2023-01-27,121.97
2023-01-30,120.69
2023-01-31,123.29
2023-02-01,122.19
2023-02-02,123.88
2023-02-03,123.08
2023-02-06,123.01
2023-02-07,123.36
2023-02-08,121.52
2023-02-09,120.58
2023-02-10,120.88
2023-02-13,122.48
2023-02-14,121.27
2023-02-15,121.36
2023-02-16,123.09
2023-02-17,122.89
2023-02-17,122.89
2023-02-21,124.09
2023-02-22,122.81
2023-02-23,121.85
2023-02-24,121.22
2023-02-27,120.54
2023-02-28,120.01
2023-03-01,118.89
2023-03-02,117.58
2023-03-03,118.14
2023-03-06,120.19
2023-03-07,120.56
2023-03-08,119.32
2023-03-09,122.22
2023-03-10,130.27
2023-03-13,132.14
2023-03-14,132.72
2023-03-15,136.62
2023-03-16,134.53
2023-03-17,131.34
2023-03-20,129.91
2023-03-21,127.46
2023-03-22,123.16
2023-03-23,125.5
2023-03-24,126.88
2023-03-27,126.0
2023-03-28,122.9
2023-03-29,123.76
2023-03-30,126.31
2023-03-31,125.85
2023-04-03,126.21
2023-04-04,127.03
2023-04-05,126.98
2023-04-06,124.42
2023-04-06,124.42
2023-04-10,126.96
2023-04-11,127.42
2023-04-12,130.0
2023-04-13,132.36
2023-04-14,134.65
2023-04-17,135.04
2023-04-18,137.12
2023-04-19,130.48
2023-04-20,133.49
2023-04-21,132.94
2023-04-24,132.4
2023-04-25,130.29
2023-04-26,130.5
2023-04-27,136.6
2023-04-28,138.44
2023-05-01,135.66
2023-05-02,131.09
2023-05-03,130.41
2023-05-04,130.54
2023-05-05,134.32
2023-05-08,132.32
2023-05-09,133.88
2023-05-10,138.63
2023-05-11,138.18
2023-05-12,140.26
2023-05-15,138.57
2023-05-16,137.32
2023-05-17,137.53
2023-05-18,138.06
2023-05-19,135.52
2023-05-22,136.24
2023-05-23,136.42
2023-05-24,138.37
2023-05-25,140.73
2023-05-26,146.46
2023-05-26,146.46
2023-05-30,145.14
2023-05-31,158.3
2023-06-01,151.98
2023-06-02,142.61
2023-06-05,143.18
2023-06-06,146.27
2023-06-07,151.01
2023-06-08,155.53
2023-06-09,152.78
2023-06-12,157.71
2023-06-13,156.44
2023-06-14,150.37
2023-06-15,147.86
2023-06-16,143.07
2023-06-16,143.07
2023-06-20,138.75
2023-06-21,133.72
2023-06-22,136.15
2023-06-23,137.85
2023-06-26,140.09
2023-06-27,140.56
2023-06-28,138.37
2023-06-29,143.05
2023-06-30,149.96
2023-07-03,145.24
2023-07-03,145.24
2023-07-05,144.08
2023-07-06,148.45
2023-07-07,148.13
2023-07-10,142.49
2023-07-11,143.99
2023-07-12,148.32
2023-07-13,147.08
2023-07-14,149.48
2023-07-17,142.24
2023-07-18,141.86
2023-07-19,141.25
2023-07-20,142.82
2023-07-21,142.55
2023-07-24,143.75
2023-07-25,142.18
2023-07-26,143.58
2023-07-27,147.93
2023-07-28,143.48
2023-07-31,145.47
2023-08-01,142.57
2023-08-02,145.75
2023-08-03,147.38
2023-08-04,153.35
2023-08-07,148.54
2023-08-08,142.3
2023-08-09,137.12
2023-08-10,136.58
2023-08-11,135.16
2023-08-14,136.9
2023-08-15,136.69
2023-08-16,132.09
2023-08-17,132.51
2023-08-18,134.77
2023-08-21,133.59
2023-08-22,134.06
2023-08-23,131.82
2023-08-24,132.48
2023-08-25,132.27
2023-08-28,130.19
2023-08-29,135.23
2023-08-30,142.14
2023-08-31,144.7
2023-09-01,144.28
2023-09-01,144.28
2023-09-05,139.62
2023-09-06,137.88
2023-09-07,135.59
2023-09-08,138.18
2023-09-11,138.21
2023-09-12,136.25
2023-09-13,137.42
2023-09-14,144.32
2023-09-15,142.92
2023-09-18,137.65
2023-09-19,137.31
2023-09-20,135.74
2023-09-21,135.94
2023-09-22,137.74
2023-09-25,133.06
2023-09-25,133.06
2023-09-27,135.38
2023-09-28,133.48
2023-09-29,134.5
2023-10-02,129.17
2023-10-03,129.78
2023-10-04,130.68
2023-10-05,129.75
2023-10-06,129.36
2023-10-09,133.64
2023-10-10,135.17
2023-10-11,137.61
2023-10-12,136.13
2023-10-13,144.3
2023-10-16,137.95
2023-10-17,138.72
2023-10-18,137.1
2023-10-19,137.73
2023-10-20,136.74
2023-10-23,133.92
2023-10-24,132.44
2023-10-25,132.29
2023-10-26,133.38
2023-10-27,132.74
2023-10-30,130.13
2023-10-31,128.21
2023-11-01,129.82
2023-11-02,133.8
2023-11-03,140.09
2023-11-06,137.89
2023-11-07,139.52
2023-11-08,139.41
2023-11-09,139.28
2023-11-10,139.81
2023-11-13,135.27
2023-11-14,138.38
2023-11-15,142.98
2023-11-16,154.45
2023-11-17,146.88
2023-11-20,143.78
2023-11-21,140.8
2023-11-22,141.55
2023-11-22,141.55
2023-11-24,144.54
2023-11-27,142.2
2023-11-28,142.68
2023-11-29,139.82
2023-11-30,140.91
2023-12-01,138.04
2023-12-04,136.04
2023-12-05,134.76
2023-12-06,132.5
2023-12-07,130.84
2023-12-08,134.1
2023-12-11,140.9
2023-12-12,148.83
2023-12-13,152.02
2023-12-14,162.51
2023-12-15,153.26
2023-12-18,139.36
2023-12-19,133.18
2023-12-20,136.86
2023-12-21,138.18
2023-12-22,134.46
2023-12-22,134.46
2023-12-26,135.69
2023-12-27,135.64
2023-12-28,136.9
2023-12-29,138.05
2023-12-29,138.05
2024-01-02,134.8
2024-01-03,134.23
2024-01-04,136.6
2024-01-05,132.68
2024-01-08,137.05
2024-01-09,140.95
2024-01-10,137.4
2024-01-11,140.36
2024-01-12,143.81
2024-01-12,143.81
2024-01-16,139.94
2024-01-17,147.76
2024-01-18,148.15
2024-01-19,147.76
2024-01-22,146.01
2024-01-23,148.12
2024-01-24,150.25
2024-01-25,153.05
2024-01-26,151.36
2024-01-29,149.03
2024-01-30,148.73
2024-01-31,150.21
2024-02-01,160.08
2024-02-02,160.02
2024-02-05,155.49
2024-02-06,152.82
2024-02-07,151.41
2024-02-08,150.36
2024-02-09,156.62
2024-02-12,152.8
2024-02-13,170.52
2024-02-14,160.4
2024-02-15,148.9
2024-02-16,142.62
2024-02-16,142.62
2024-02-20,141.45
2024-02-21,142.72
2024-02-22,145.91
2024-02-23,144.0
2024-02-26,143.6
2024-02-27,147.29
2024-02-28,149.09
2024-02-29,149.83
2024-03-01,150.42
2024-03-04,145.94
2024-03-05,144.9
2024-03-06,143.64
2024-03-07,142.94
2024-03-08,141.18
2024-03-11,142.27
2024-03-12,142.23
2024-03-13,144.17
2024-03-14,143.95
2024-03-15,138.91
2024-03-18,139.97
2024-03-19,141.61
2024-03-20,141.19
2024-03-21,154.0
2024-03-22,155.84
2024-03-25,151.6
2024-03-26,157.6
2024-03-27,157.11
2024-03-28,155.44
2024-03-28,155.44
2024-04-01,146.33
2024-04-02,142.14
2024-04-03,138.52
2024-04-04,142.49
2024-04-05,142.64
2024-04-08,140.63
2024-04-09,139.28
2024-04-10,139.94
2024-04-11,136.16
2024-04-12,142.31
2024-04-15,137.72
2024-04-16,135.6
2024-04-17,134.38
2024-04-18,131.8
2024-04-19,133.4
2024-04-22,131.68
2024-04-23,135.61
2024-04-24,135.06
2024-04-25,134.08
2024-04-26,140.86
2024-04-29,138.3
2024-04-30,132.4
2024-05-01,133.35
2024-05-02,132.12
2024-05-03,135.18
2024-05-06,130.08
2024-05-07,133.64
2024-05-08,133.24
2024-05-09,136.46
2024-05-10,137.3
2024-05-13,139.65
2024-05-14,140.18
2024-05-15,140.64
2024-05-16,147.85
2024-05-17,143.05
2024-05-20,144.54
2024-05-21,149.52
2024-05-22,150.14
2024-05-23,153.33
2024-05-24,155.86
2024-05-24,155.86
2024-05-28,152.23
2024-05-29,151.8
2024-05-30,146.61
2024-05-31,148.1
2024-06-03,139.01
2024-06-04,138.18
2024-06-05,141.4
2024-06-06,140.18
2024-06-07,139.61
2024-06-10,141.56
2024-06-11,144.7
2024-06-12,150.66
2024-06-13,162.25
2024-06-14,156.18
2024-06-17,153.84
2024-06-18,142.9
2024-06-18,142.9
2024-06-20,148.6
2024-06-21,151.79
2024-06-24,147.13
2024-06-25,146.64
2024-06-26,143.49
2024-06-27,143.06
2024-06-28,141.79
2024-07-01,145.82
2024-07-02,147.16
2024-07-03,148.83
2024-07-03,148.83
2024-07-05,150.2
2024-07-08,148.53
2024-07-09,151.09
2024-07-10,156.96
2024-07-11,152.23
2024-07-12,150.86
2024-07-15,147.4
2024-07-16,151.53
2024-07-17,146.39
2024-07-18,151.12
2024-07-19,146.99
2024-07-22,141.38
2024-07-23,137.0
2024-07-24,136.84
2024-07-25,134.17
2024-07-26,131.73
2024-07-29,128.93
2024-07-30,127.31
2024-07-31,136.69
2024-08-01,132.23
2024-08-02,139.65
2024-08-05,145.3
2024-08-06,145.43
2024-08-07,146.36
2024-08-08,147.37
2024-08-09,144.52
2024-08-12,140.82
2024-08-13,143.87
2024-08-14,141.82
2024-08-15,143.56
2024-08-16,142.55
2024-08-19,141.5
2024-08-20,146.26
2024-08-21,149.67
2024-08-22,154.16
2024-08-23,153.95
2024-08-26,151.5
2024-08-27,151.83
2024-08-28,151.68
2024-08-29,153.01
2024-08-30,159.0
2024-08-30,159.0
2024-09-03,163.6
2024-09-04,160.9
2024-09-05,156.71
2024-09-06,148.98
2024-09-09,140.33
2024-09-10,139.75
2024-09-11,139.73
2024-09-12,145.88
2024-09-13,149.99
2024-09-16,152.17
2024-09-17,157.54
2024-09-18,167.42
2024-09-19,171.72
2024-09-20,165.75
2024-09-23,165.6
2024-09-24,162.41
2024-09-25,160.48
2024-09-26,158.67
2024-09-27,160.99
2024-09-30,154.3
2024-10-01,158.59
2024-10-02,161.5
2024-10-03,162.78
2024-10-04,156.43
2024-10-07,155.57
2024-10-08,156.28
2024-10-09,156.93
2024-10-10,154.09
2024-10-11,159.43
2024-10-14,153.08
2024-10-15,159.69
2024-10-16,161.85
2024-10-17,165.82
2024-10-18,155.55
2024-10-21,150.97
2024-10-22,146.8
2024-10-23,146.97
2024-10-24,144.71
2024-10-25,148.91
2024-10-28,148.46
2024-10-29,150.74
2024-10-30,153.45
2024-10-31,152.07
2024-11-01,146.66
2024-11-04,148.95
2024-11-05,152.68
2024-11-06,148.11
2024-11-07,152.12
2024-11-08,150.34
2024-11-11,140.32
2024-11-12,141.5
2024-11-13,142.92
2024-11-14,147.98
2024-11-15,149.55
2024-11-18,147.33
2024-11-19,149.46
2024-11-20,153.0
2024-11-21,155.72
2024-11-22,161.64
2024-11-25,167.28
2024-11-26,166.23
2024-11-27,167.94
2024-11-27,167.94
2024-11-27,167.94
2024-12-02,170.65
2024-12-03,170.23
2024-12-04,172.45
2024-12-05,173.93
2024-12-06,168.05
2024-12-09,163.14
2024-12-10,165.12
2024-12-11,169.06
2024-12-12,167.43
2024-12-13,169.91
2024-12-16,166.79
2024-12-17,173.04
2024-12-18,168.92
2024-12-19,163.1
2024-12-20,161.21
2024-12-23,170.65
2024-12-24,180.09
2024-12-24,180.09
2024-12-26,173.72
2024-12-27,167.92
2024-12-30,161.08
2024-12-31,169.16
2024-12-31,169.16
2025-01-02,157.2
2025-01-03,157.32
2025-01-06,152.64
2025-01-07,155.1
2025-01-08,154.34
2025-01-08,154.34
2025-01-10,151.45
2025-01-13,170.55
2025-01-14,167.64
2025-01-15,163.54
2025-01-16,167.41
2025-01-17,165.35
2025-01-17,165.35
2025-01-21,173.0
2025-01-22,179.98
2025-01-23,179.32
2025-01-24,173.16
2025-01-27,168.55
2025-01-28,163.64
2025-01-29,157.43
2025-01-30,156.7
2025-01-31,158.47
2025-02-03,155.45
2025-02-04,159.44
2025-02-05,162.64
2025-02-06,163.57
2025-02-07,166.53
2025-02-10,166.95
2025-02-11,168.81
2025-02-12,166.1
2025-02-13,163.36
2025-02-14,167.97
2025-02-14,167.97
2025-02-18,183.12
2025-02-19,175.76
2025-02-20,178.57
2025-02-21,165.0
2025-02-24,156.93
2025-02-25,157.6
2025-02-26,153.44
2025-02-27,149.32
2025-02-28,157.94
2025-03-03,154.26
2025-03-04,151.38
2025-03-05,138.88
2025-03-06,137.65
2025-03-07,139.94
2025-03-10,146.04
2025-03-11,132.79
2025-03-12,128.69
2025-03-13,128.86
2025-03-14,130.3
2025-03-17,133.9
2025-03-18,136.75
2025-03-19,136.45
2025-03-20,140.79
2025-03-21,141.73
2025-03-24,144.01
2025-03-25,148.68
2025-03-26,144.75
2025-03-27,140.85
2025-03-28,139.04
2025-03-31,148.58
2025-04-01,143.01
2025-04-02,144.27
2025-04-03,139.2
2025-04-04,136.54
2025-04-07,133.82
2025-04-08,135.68
2025-04-09,142.23
2025-04-10,127.54
2025-04-11,128.64
2025-04-14,135.71
2025-04-15,135.76
2025-04-16,131.32
2025-04-17,130.02
2025-04-17,130.02
2025-04-21,125.77
2025-04-22,125.93
2025-04-23,126.67
2025-04-24,129.02
2025-04-25,132.37
2025-04-28,131.28
2025-04-29,134.29
2025-04-30,132.73
2025-05-01,134.07
2025-05-02,134.78
2025-05-05,134.12
2025-05-06,133.24
2025-05-07,132.21
2025-05-08,131.52
2025-05-09,128.4
