,T10-3 yield curve (US)
2005-01,1.91
2005-01,1.96
2005-01,1.96
2005-01,1.98
2005-01,1.97
2005-01,1.93
2005-01,1.92
2005-01,1.91
2005-01,1.85
2005-01,1.86
2005-01,
2005-01,1.82
2005-01,1.83
2005-01,1.82
2005-01,1.8
2005-01,1.77
2005-01,1.81
2005-01,1.8
2005-01,1.78
2005-01,1.7
2005-01,1.63
2005-02,1.64
2005-02,1.64
2005-02,1.7
2005-02,1.62
2005-02,1.56
2005-02,1.56
2005-02,1.49
2005-02,1.56
2005-02,1.55
2005-02,1.49
2005-02,1.51
2005-02,1.59
2005-02,1.61
2005-02,1.66
2005-02,
2005-02,1.62
2005-02,1.6
2005-02,1.6
2005-02,1.53
2005-02,1.6
2005-03,1.63
2005-03,1.64
2005-03,1.63
2005-03,1.56
2005-03,1.55
2005-03,1.63
2005-03,1.76
2005-03,1.73
2005-03,1.8
2005-03,1.72
2005-03,1.73
2005-03,1.72
2005-03,1.68
2005-03,1.7
2005-03,1.68
2005-03,1.74
2005-03,1.78
2005-03,1.76
2005-03,
2005-03,1.8
2005-03,1.76
2005-03,1.73
2005-03,1.71
2005-04,1.66
2005-04,1.67
2005-04,1.69
2005-04,1.68
2005-04,1.72
2005-04,1.71
2005-04,1.69
2005-04,1.62
2005-04,1.61
2005-04,1.59
2005-04,1.48
2005-04,1.37
2005-04,1.3
2005-04,1.35
2005-04,1.44
2005-04,1.33
2005-04,1.33
2005-04,1.37
2005-04,1.36
2005-04,1.31
2005-04,1.31
2005-05,1.28
2005-05,1.3
2005-05,1.33
2005-05,1.38
2005-05,1.41
2005-05,1.38
2005-05,1.33
2005-05,1.34
2005-05,1.3
2005-05,1.29
2005-05,1.24
2005-05,1.24
2005-05,1.21
2005-05,1.24
2005-05,1.23
2005-05,1.1
2005-05,1.1
2005-05,1.13
2005-05,1.14
2005-05,1.11
2005-05,
2005-05,1.01
2005-06,0.94
2005-06,0.92
2005-06,0.97
2005-06,0.94
2005-06,0.9
2005-06,0.93
2005-06,0.99
2005-06,1.04
2005-06,1.06
2005-06,1.12
2005-06,1.12
2005-06,1.11
2005-06,1.1
2005-06,1.09
2005-06,1.04
2005-06,0.92
2005-06,0.89
2005-06,0.83
2005-06,0.75
2005-06,0.83
2005-06,0.86
2005-06,0.81
2005-07,0.89
2005-07,
2005-07,0.89
2005-07,0.89
2005-07,0.9
2005-07,0.94
2005-07,0.92
2005-07,0.94
2005-07,0.95
2005-07,0.96
2005-07,0.92
2005-07,0.92
2005-07,0.89
2005-07,0.87
2005-07,0.93
2005-07,0.85
2005-07,0.81
2005-07,0.81
2005-07,0.87
2005-07,0.79
2005-07,0.86
2005-08,0.84
2005-08,0.85
2005-08,0.84
2005-08,0.85
2005-08,0.88
2005-08,0.88
2005-08,0.89
2005-08,0.89
2005-08,0.81
2005-08,0.72
2005-08,0.73
2005-08,0.69
2005-08,0.76
2005-08,0.71
2005-08,0.69
2005-08,0.69
2005-08,0.67
2005-08,0.66
2005-08,0.64
2005-08,0.65
2005-08,0.66
2005-08,0.62
2005-08,0.5
2005-09,0.54
2005-09,0.57
2005-09,
2005-09,0.57
2005-09,0.66
2005-09,0.67
2005-09,0.65
2005-09,0.67
2005-09,0.67
2005-09,0.75
2005-09,0.77
2005-09,0.76
2005-09,0.67
2005-09,0.65
2005-09,0.78
2005-09,0.72
2005-09,0.77
2005-09,0.78
2005-09,0.81
2005-09,0.8
2005-09,0.75
2005-09,0.79
2005-10,0.78
2005-10,0.75
2005-10,0.78
2005-10,0.76
2005-10,0.72
2005-10,
2005-10,0.66
2005-10,0.75
2005-10,0.73
2005-10,0.7
2005-10,0.64
2005-10,0.64
2005-10,0.61
2005-10,0.61
2005-10,0.52
2005-10,0.53
2005-10,0.61
2005-10,0.7
2005-10,0.69
2005-10,0.65
2005-10,0.59
2005-11,0.62
2005-11,0.67
2005-11,0.71
2005-11,0.68
2005-11,0.69
2005-11,0.61
2005-11,0.65
2005-11,0.58
2005-11,
2005-11,0.59
2005-11,0.55
2005-11,0.49
2005-11,0.45
2005-11,0.49
2005-11,0.46
2005-11,0.5
2005-11,0.52
2005-11,
2005-11,0.48
2005-11,0.43
2005-11,0.5
2005-11,0.54
2005-12,0.55
2005-12,0.53
2005-12,0.53
2005-12,0.45
2005-12,0.49
2005-12,0.53
2005-12,0.6
2005-12,0.66
2005-12,0.63
2005-12,0.56
2005-12,0.54
2005-12,0.52
2005-12,0.49
2005-12,0.52
2005-12,0.51
2005-12,0.46
2005-12,0.39
2005-12,
2005-12,0.36
2005-12,0.43
2005-12,0.36
2005-12,0.31
2006-01,
2006-01,0.21
2006-01,0.17
2006-01,0.16
2006-01,0.16
2006-01,0.15
2006-01,0.14
2006-01,0.16
2006-01,0.1
2006-01,0.03
2006-01,
2006-01,-0.04
2006-01,-0.01
2006-01,0.03
2006-01,0.02
2006-01,-0.02
2006-01,0.0
2006-01,0.07
2006-01,0.08
2006-01,0.07
2006-01,0.06
2006-01,0.06
2006-02,0.1
2006-02,0.09
2006-02,0.06
2006-02,0.07
2006-02,0.08
2006-02,0.06
2006-02,0.02
2006-02,0.06
2006-02,0.03
2006-02,0.07
2006-02,0.06
2006-02,0.04
2006-02,0.0
2006-02,
2006-02,0.01
2006-02,-0.04
2006-02,-0.03
2006-02,-0.02
2006-02,-0.03
2006-02,-0.07
2006-03,-0.01
2006-03,0.02
2006-03,0.06
2006-03,0.14
2006-03,0.14
2006-03,0.15
2006-03,0.14
2006-03,0.14
2006-03,0.16
2006-03,0.12
2006-03,0.1
2006-03,0.03
2006-03,0.04
2006-03,0.0
2006-03,0.02
2006-03,0.01
2006-03,0.06
2006-03,0.02
2006-03,0.07
2006-03,0.14
2006-03,0.18
2006-03,0.25
2006-03,0.23
2006-04,0.21
2006-04,0.19
2006-04,0.17
2006-04,0.22
2006-04,0.28
2006-04,0.28
2006-04,0.23
2006-04,0.28
2006-04,0.35
2006-04,
2006-04,0.29
2006-04,0.27
2006-04,0.31
2006-04,0.31
2006-04,0.26
2006-04,0.24
2006-04,0.28
2006-04,0.33
2006-04,0.31
2006-04,0.3
2006-05,0.32
2006-05,0.31
2006-05,0.33
2006-05,0.36
2006-05,0.29
2006-05,0.25
2006-05,0.25
2006-05,0.25
2006-05,0.32
2006-05,0.34
2006-05,0.29
2006-05,0.27
2006-05,0.33
2006-05,0.25
2006-05,0.23
2006-05,0.21
2006-05,0.23
2006-05,0.21
2006-05,0.25
2006-05,0.22
2006-05,
2006-05,0.25
2006-05,0.26
2006-06,0.28
2006-06,0.19
2006-06,0.17
2006-06,0.15
2006-06,0.16
2006-06,0.13
2006-06,0.1
2006-06,0.06
2006-06,0.08
2006-06,0.15
2006-06,0.25
2006-06,0.25
2006-06,0.21
2006-06,0.23
2006-06,0.24
2006-06,0.28
2006-06,0.25
2006-06,0.22
2006-06,0.16
2006-06,0.24
2006-06,0.21
2006-06,0.14
2006-07,0.07
2006-07,
2006-07,0.22
2006-07,0.19
2006-07,0.12
2006-07,0.07
2006-07,0.05
2006-07,0.04
2006-07,0.03
2006-07,0.01
2006-07,-0.04
2006-07,0.0
2006-07,-0.05
2006-07,-0.05
2006-07,-0.05
2006-07,-0.05
2006-07,-0.06
2006-07,-0.07
2006-07,-0.03
2006-07,-0.07
2006-07,-0.11
2006-08,-0.13
2006-08,-0.14
2006-08,-0.15
2006-08,-0.18
2006-08,-0.19
2006-08,-0.17
2006-08,-0.15
2006-08,-0.12
2006-08,-0.1
2006-08,-0.12
2006-08,-0.17
2006-08,-0.2
2006-08,-0.22
2006-08,-0.26
2006-08,-0.29
2006-08,-0.28
2006-08,-0.27
2006-08,-0.28
2006-08,-0.32
2006-08,-0.3
2006-08,-0.28
2006-08,-0.29
2006-08,-0.31
2006-09,-0.29
2006-09,
2006-09,-0.22
2006-09,-0.17
2006-09,-0.17
2006-09,-0.15
2006-09,-0.13
2006-09,-0.12
2006-09,-0.14
2006-09,-0.16
2006-09,-0.16
2006-09,-0.13
2006-09,-0.2
2006-09,-0.2
2006-09,-0.27
2006-09,-0.33
2006-09,-0.32
2006-09,-0.29
2006-09,-0.28
2006-09,-0.24
2006-09,-0.25
2006-10,-0.26
2006-10,-0.28
2006-10,-0.36
2006-10,-0.33
2006-10,-0.25
2006-10,
2006-10,-0.25
2006-10,-0.24
2006-10,-0.27
2006-10,-0.24
2006-10,-0.3
2006-10,-0.31
2006-10,-0.32
2006-10,-0.31
2006-10,-0.3
2006-10,-0.29
2006-10,-0.3
2006-10,-0.34
2006-10,-0.39
2006-10,-0.43
2006-10,-0.42
2006-10,-0.47
2006-11,-0.5
2006-11,-0.47
2006-11,-0.37
2006-11,-0.38
2006-11,-0.42
2006-11,-0.46
2006-11,-0.47
2006-11,-0.51
2006-11,-0.48
2006-11,-0.52
2006-11,-0.48
2006-11,-0.43
2006-11,-0.48
2006-11,-0.48
2006-11,-0.49
2006-11,-0.48
2006-11,
2006-11,-0.49
2006-11,-0.51
2006-11,-0.53
2006-11,-0.52
2006-11,-0.57
2006-12,-0.6
2006-12,-0.58
2006-12,-0.54
2006-12,-0.51
2006-12,-0.49
2006-12,-0.41
2006-12,-0.41
2006-12,-0.44
2006-12,-0.36
2006-12,-0.36
2006-12,-0.31
2006-12,-0.36
2006-12,-0.36
2006-12,-0.36
2006-12,-0.42
2006-12,-0.36
2006-12,
2006-12,-0.38
2006-12,-0.31
2006-12,-0.3
2006-12,-0.31
2007-01,
2007-01,-0.39
2007-01,-0.38
2007-01,-0.42
2007-01,-0.4
2007-01,-0.42
2007-01,-0.42
2007-01,-0.4
2007-01,-0.37
2007-01,-0.32
2007-01,
2007-01,-0.36
2007-01,-0.33
2007-01,-0.37
2007-01,-0.36
2007-01,-0.37
2007-01,-0.33
2007-01,-0.32
2007-01,-0.27
2007-01,-0.25
2007-01,-0.24
2007-01,-0.25
2007-01,-0.29
2007-02,-0.29
2007-02,-0.31
2007-02,-0.34
2007-02,-0.37
2007-02,-0.41
2007-02,-0.43
2007-02,-0.36
2007-02,-0.38
2007-02,-0.35
2007-02,-0.42
2007-02,-0.47
2007-02,-0.48
2007-02,
2007-02,-0.51
2007-02,-0.49
2007-02,-0.46
2007-02,-0.5
2007-02,-0.56
2007-02,-0.64
2007-02,-0.6
2007-03,-0.59
2007-03,-0.6
2007-03,-0.59
2007-03,-0.61
2007-03,-0.62
2007-03,-0.59
2007-03,-0.51
2007-03,-0.53
2007-03,-0.59
2007-03,-0.53
2007-03,-0.51
2007-03,-0.49
2007-03,-0.48
2007-03,-0.5
2007-03,-0.52
2007-03,-0.46
2007-03,-0.46
2007-03,-0.46
2007-03,-0.46
2007-03,-0.44
2007-03,-0.41
2007-03,-0.39
2007-04,-0.39
2007-04,-0.38
2007-04,-0.41
2007-04,-0.36
2007-04,-0.29
2007-04,-0.27
2007-04,-0.3
2007-04,-0.3
2007-04,-0.29
2007-04,-0.26
2007-04,-0.27
2007-04,-0.32
2007-04,-0.34
2007-04,-0.31
2007-04,-0.31
2007-04,-0.32
2007-04,-0.35
2007-04,-0.31
2007-04,-0.27
2007-04,-0.24
2007-04,-0.28
2007-05,-0.26
2007-05,-0.26
2007-05,-0.22
2007-05,-0.25
2007-05,-0.25
2007-05,-0.27
2007-05,-0.21
2007-05,-0.22
2007-05,-0.2
2007-05,-0.16
2007-05,-0.12
2007-05,-0.04
2007-05,-0.05
2007-05,-0.03
2007-05,-0.09
2007-05,-0.1
2007-05,-0.05
2007-05,-0.05
2007-05,-0.02
2007-05,
2007-05,-0.02
2007-05,0.03
2007-05,0.17
2007-06,0.16
2007-06,0.12
2007-06,0.15
2007-06,0.17
2007-06,0.31
2007-06,0.35
2007-06,0.41
2007-06,0.54
2007-06,0.54
2007-06,0.58
2007-06,0.6
2007-06,0.52
2007-06,0.44
2007-06,0.4
2007-06,0.46
2007-06,0.41
2007-06,0.27
2007-06,0.28
2007-06,0.32
2007-06,0.34
2007-06,0.21
2007-07,0.05
2007-07,0.1
2007-07,
2007-07,0.21
2007-07,0.24
2007-07,0.19
2007-07,0.08
2007-07,0.14
2007-07,0.16
2007-07,0.14
2007-07,0.07
2007-07,0.12
2007-07,0.06
2007-07,0.06
2007-07,-0.01
2007-07,-0.05
2007-07,-0.08
2007-07,-0.07
2007-07,-0.13
2007-07,-0.05
2007-07,-0.14
2007-07,-0.18
2007-08,-0.13
2007-08,-0.12
2007-08,-0.14
2007-08,-0.16
2007-08,-0.17
2007-08,-0.11
2007-08,-0.02
2007-08,0.24
2007-08,0.04
2007-08,0.09
2007-08,0.48
2007-08,0.81
2007-08,0.92
2007-08,1.52
2007-08,1.01
2007-08,0.96
2007-08,0.73
2007-08,0.39
2007-08,-0.03
2007-08,0.13
2007-08,0.59
2007-08,0.67
2007-08,0.53
2007-09,
2007-09,0.09
2007-09,0.12
2007-09,0.22
2007-09,0.31
2007-09,0.38
2007-09,0.26
2007-09,0.38
2007-09,0.41
2007-09,0.46
2007-09,0.33
2007-09,0.49
2007-09,0.6
2007-09,0.9
2007-09,0.9
2007-09,0.79
2007-09,0.84
2007-09,0.9
2007-09,0.87
2007-09,0.77
2007-10,0.64
2007-10,0.58
2007-10,0.59
2007-10,0.58
2007-10,0.65
2007-10,
2007-10,0.61
2007-10,0.59
2007-10,0.54
2007-10,0.5
2007-10,0.39
2007-10,0.41
2007-10,0.56
2007-10,0.76
2007-10,0.55
2007-10,0.42
2007-10,0.43
2007-10,0.51
2007-10,0.43
2007-10,0.45
2007-10,0.38
2007-10,0.44
2007-10,0.54
2007-11,0.55
2007-11,0.7
2007-11,0.64
2007-11,0.62
2007-11,0.85
2007-11,0.9
2007-11,0.96
2007-11,
2007-11,0.76
2007-11,0.87
2007-11,0.87
2007-11,0.75
2007-11,0.67
2007-11,0.81
2007-11,0.91
2007-11,
2007-11,0.78
2007-11,0.7
2007-11,0.79
2007-11,0.98
2007-11,0.95
2007-11,0.82
2007-12,0.83
2007-12,0.82
2007-12,0.85
2007-12,0.93
2007-12,1.0
2007-12,1.1
2007-12,1.04
2007-12,1.17
2007-12,1.31
2007-12,1.36
2007-12,1.13
2007-12,1.1
2007-12,1.15
2007-12,1.12
2007-12,1.18
2007-12,0.9
2007-12,
2007-12,0.98
2007-12,1.04
2007-12,0.93
2007-12,0.68
2008-01,
2008-01,0.65
2008-01,0.67
2008-01,0.68
2008-01,0.59
2008-01,0.61
2008-01,0.6
2008-01,0.67
2008-01,0.73
2008-01,0.62
2008-01,0.55
2008-01,0.6
2008-01,0.59
2008-01,0.8
2008-01,
2008-01,1.17
2008-01,1.3
2008-01,1.31
2008-01,1.31
2008-01,1.27
2008-01,1.41
2008-01,1.57
2008-01,1.71
2008-02,1.52
2008-02,1.41
2008-02,1.42
2008-02,1.51
2008-02,1.57
2008-02,1.41
2008-02,1.31
2008-02,1.35
2008-02,1.42
2008-02,1.54
2008-02,1.55
2008-02,
2008-02,1.61
2008-02,1.68
2008-02,1.57
2008-02,1.59
2008-02,1.71
2008-02,1.74
2008-02,1.87
2008-02,1.81
2008-02,1.68
2008-03,1.84
2008-03,1.97
2008-03,2.17
2008-03,2.23
2008-03,2.11
2008-03,2.11
2008-03,2.12
2008-03,2.01
2008-03,2.21
2008-03,2.26
2008-03,2.23
2008-03,2.56
2008-03,2.77
2008-03,2.71
2008-03,
2008-03,2.32
2008-03,2.22
2008-03,2.22
2008-03,2.26
2008-03,2.14
2008-03,2.07
2008-04,2.17
2008-04,2.19
2008-04,2.21
2008-04,2.15
2008-04,2.12
2008-04,2.17
2008-04,2.18
2008-04,2.28
2008-04,2.3
2008-04,2.45
2008-04,2.5
2008-04,2.6
2008-04,2.52
2008-04,2.42
2008-04,2.41
2008-04,2.47
2008-04,2.51
2008-04,2.61
2008-04,2.57
2008-04,2.43
2008-04,2.39
2008-04,2.34
2008-05,2.33
2008-05,2.39
2008-05,2.35
2008-05,2.3
2008-05,2.2
2008-05,2.13
2008-05,2.08
2008-05,2.01
2008-05,2.07
2008-05,2.1
2008-05,2.0
2008-05,2.01
2008-05,2.01
2008-05,1.92
2008-05,1.95
2008-05,2.06
2008-05,1.99
2008-05,
2008-05,2.04
2008-05,2.14
2008-05,2.18
2008-05,2.17
2008-06,2.13
2008-06,2.07
2008-06,2.14
2008-06,2.21
2008-06,2.09
2008-06,2.13
2008-06,2.09
2008-06,2.14
2008-06,2.23
2008-06,2.28
2008-06,2.18
2008-06,2.24
2008-06,2.23
2008-06,2.31
2008-06,2.29
2008-06,2.32
2008-06,2.27
2008-06,2.31
2008-06,2.33
2008-06,2.31
2008-06,2.09
2008-07,2.14
2008-07,2.17
2008-07,2.15
2008-07,
2008-07,2.08
2008-07,2.05
2008-07,2.03
2008-07,2.16
2008-07,2.34
2008-07,2.38
2008-07,2.48
2008-07,2.6
2008-07,2.64
2008-07,2.63
2008-07,2.61
2008-07,2.59
2008-07,2.57
2008-07,2.38
2008-07,2.38
2008-07,2.33
2008-07,2.37
2008-07,2.37
2008-07,2.31
2008-08,2.31
2008-08,2.23
2008-08,2.29
2008-08,2.42
2008-08,2.26
2008-08,2.24
2008-08,2.12
2008-08,2.05
2008-08,2.09
2008-08,2.0
2008-08,1.99
2008-08,2.0
2008-08,2.03
2008-08,2.08
2008-08,2.12
2008-08,2.17
2008-08,2.05
2008-08,2.08
2008-08,2.1
2008-08,2.05
2008-08,2.11
2008-09,
2008-09,2.02
2008-09,2.01
2008-09,1.95
2008-09,1.98
2008-09,1.95
2008-09,1.96
2008-09,2.0
2008-09,2.03
2008-09,2.25
2008-09,2.45
2008-09,2.64
2008-09,3.38
2008-09,3.31
2008-09,2.79
2008-09,2.55
2008-09,3.05
2008-09,3.31
2008-09,3.12
2008-09,2.98
2008-09,2.67
2008-09,2.93
2008-10,2.92
2008-10,3.03
2008-10,3.12
2008-10,2.94
2008-10,2.68
2008-10,3.04
2008-10,3.24
2008-10,3.64
2008-10,
2008-10,3.74
2008-10,3.82
2008-10,3.53
2008-10,3.15
2008-10,2.67
2008-10,2.66
2008-10,2.6
2008-10,2.65
2008-10,2.87
2008-10,2.95
2008-10,3.12
2008-10,3.31
2008-10,3.59
2008-10,3.55
2008-11,3.47
2008-11,3.33
2008-11,3.33
2008-11,3.43
2008-11,3.52
2008-11,3.53
2008-11,
2008-11,3.57
2008-11,3.62
2008-11,3.57
2008-11,3.56
2008-11,3.41
2008-11,3.31
2008-11,3.07
2008-11,3.18
2008-11,3.22
2008-11,3.01
2008-11,2.94
2008-11,
2008-11,2.92
2008-12,2.65
2008-12,2.62
2008-12,2.65
2008-12,2.53
2008-12,2.65
2008-12,2.74
2008-12,2.64
2008-12,2.69
2008-12,2.63
2008-12,2.58
2008-12,2.5
2008-12,2.33
2008-12,2.15
2008-12,2.08
2008-12,2.11
2008-12,2.15
2008-12,2.16
2008-12,2.2
2008-12,
2008-12,2.13
2008-12,2.07
2008-12,2.01
2008-12,2.14
2009-01,
2009-01,2.38
2009-01,2.35
2009-01,2.37
2009-01,2.41
2009-01,2.38
2009-01,2.36
2009-01,2.22
2009-01,2.22
2009-01,2.12
2009-01,2.12
2009-01,2.24
2009-01,
2009-01,2.27
2009-01,2.45
2009-01,2.52
2009-01,2.54
2009-01,2.56
2009-01,2.46
2009-01,2.52
2009-01,2.64
2009-01,2.63
2009-02,2.49
2009-02,2.57
2009-02,2.65
2009-02,2.66
2009-02,2.77
2009-02,2.75
2009-02,2.59
2009-02,2.48
2009-02,2.46
2009-02,2.6
2009-02,
2009-02,2.32
2009-02,2.43
2009-02,2.55
2009-02,2.51
2009-02,2.49
2009-02,2.48
2009-02,2.65
2009-02,2.71
2009-02,2.76
2009-03,2.63
2009-03,2.66
2009-03,2.75
2009-03,2.63
2009-03,2.62
2009-03,2.66
2009-03,2.75
2009-03,2.72
2009-03,2.67
2009-03,2.69
2009-03,2.73
2009-03,2.78
2009-03,2.3
2009-03,2.41
2009-03,2.43
2009-03,2.46
2009-03,2.47
2009-03,2.62
2009-03,2.61
2009-03,2.64
2009-03,2.55
2009-03,2.5
2009-04,2.46
2009-04,2.55
2009-04,2.7
2009-04,2.75
2009-04,2.73
2009-04,2.68
2009-04,2.78
2009-04,
2009-04,2.7
2009-04,2.63
2009-04,2.67
2009-04,2.73
2009-04,2.84
2009-04,2.74
2009-04,2.79
2009-04,2.84
2009-04,2.86
2009-04,2.93
2009-04,2.82
2009-04,2.92
2009-04,3.01
2009-04,3.02
2009-05,3.05
2009-05,3.0
2009-05,3.01
2009-05,2.99
2009-05,3.11
2009-05,3.1
2009-05,2.98
2009-05,2.98
2009-05,2.94
2009-05,2.94
2009-05,2.97
2009-05,3.03
2009-05,3.07
2009-05,3.01
2009-05,3.16
2009-05,3.27
2009-05,
2009-05,3.32
2009-05,3.54
2009-05,3.52
2009-05,3.33
2009-06,3.58
2009-06,3.51
2009-06,3.42
2009-06,3.58
2009-06,3.64
2009-06,3.72
2009-06,3.67
2009-06,3.8
2009-06,3.69
2009-06,3.62
2009-06,3.59
2009-06,3.5
2009-06,3.51
2009-06,3.68
2009-06,3.6
2009-06,3.52
2009-06,3.45
2009-06,3.53
2009-06,3.37
2009-06,3.32
2009-06,3.31
2009-06,3.34
2009-07,3.38
2009-07,3.34
2009-07,
2009-07,3.33
2009-07,3.28
2009-07,3.15
2009-07,3.25
2009-07,3.14
2009-07,3.2
2009-07,3.32
2009-07,3.45
2009-07,3.4
2009-07,3.5
2009-07,3.42
2009-07,3.31
2009-07,3.39
2009-07,3.53
2009-07,3.52
2009-07,3.56
2009-07,3.53
2009-07,3.5
2009-07,3.49
2009-07,3.34
2009-08,3.47
2009-08,3.52
2009-08,3.62
2009-08,3.62
2009-08,3.7
2009-08,3.61
2009-08,3.53
2009-08,3.55
2009-08,3.42
2009-08,3.37
2009-08,3.3
2009-08,3.33
2009-08,3.28
2009-08,3.25
2009-08,3.39
2009-08,3.31
2009-08,3.28
2009-08,3.29
2009-08,3.32
2009-08,3.31
2009-08,3.25
2009-09,3.24
2009-09,3.15
2009-09,3.18
2009-09,3.31
2009-09,
2009-09,3.33
2009-09,3.34
2009-09,3.22
2009-09,3.2
2009-09,3.28
2009-09,3.34
2009-09,3.38
2009-09,3.32
2009-09,3.41
2009-09,3.38
2009-09,3.35
2009-09,3.33
2009-09,3.3
2009-09,3.24
2009-09,3.2
2009-09,3.18
2009-09,3.17
2009-10,3.11
2009-10,3.14
2009-10,3.16
2009-10,3.19
2009-10,3.12
2009-10,3.21
2009-10,3.33
2009-10,
2009-10,3.27
2009-10,3.38
2009-10,3.42
2009-10,3.36
2009-10,3.33
2009-10,3.27
2009-10,3.35
2009-10,3.38
2009-10,3.44
2009-10,3.51
2009-10,3.41
2009-10,3.37
2009-10,3.47
2009-10,3.36
2009-11,3.39
2009-11,3.44
2009-11,3.52
2009-11,3.53
2009-11,3.48
2009-11,3.45
2009-11,3.43
2009-11,
2009-11,3.38
2009-11,3.37
2009-11,3.26
2009-11,3.27
2009-11,3.32
2009-11,3.33
2009-11,3.34
2009-11,3.32
2009-11,3.27
2009-11,3.23
2009-11,
2009-11,3.18
2009-11,3.15
2009-12,3.22
2009-12,3.27
2009-12,3.33
2009-12,3.42
2009-12,3.4
2009-12,3.37
2009-12,3.42
2009-12,3.47
2009-12,3.52
2009-12,3.52
2009-12,3.55
2009-12,3.57
2009-12,3.46
2009-12,3.5
2009-12,3.61
2009-12,3.68
2009-12,3.7
2009-12,3.77
2009-12,
2009-12,3.74
2009-12,3.72
2009-12,3.75
2009-12,3.79
2010-01,
2010-01,3.77
2010-01,3.7
2010-01,3.79
2010-01,3.8
2010-01,3.78
2010-01,3.81
2010-01,3.69
2010-01,3.74
2010-01,3.71
2010-01,3.64
2010-01,
2010-01,3.67
2010-01,3.63
2010-01,3.56
2010-01,3.56
2010-01,3.6
2010-01,3.58
2010-01,3.58
2010-01,3.6
2010-01,3.55
2010-02,3.58
2010-02,3.57
2010-02,3.63
2010-02,3.53
2010-02,3.49
2010-02,3.5
2010-02,3.55
2010-02,3.61
2010-02,3.62
2010-02,3.59
2010-02,
2010-02,3.56
2010-02,3.64
2010-02,3.69
2010-02,3.67
2010-02,3.69
2010-02,3.57
2010-02,3.58
2010-02,3.51
2010-02,3.48
2010-03,3.48
2010-03,3.48
2010-03,3.49
2010-03,3.47
2010-03,3.54
2010-03,3.56
2010-03,3.55
2010-03,3.58
2010-03,3.57
2010-03,3.56
2010-03,3.54
2010-03,3.5
2010-03,3.5
2010-03,3.52
2010-03,3.54
2010-03,3.52
2010-03,3.55
2010-03,3.7
2010-03,3.77
2010-03,3.72
2010-03,3.73
2010-03,3.72
2010-03,3.68
2010-04,3.73
2010-04,3.8
2010-04,3.83
2010-04,3.81
2010-04,3.72
2010-04,3.74
2010-04,3.74
2010-04,3.71
2010-04,3.68
2010-04,3.72
2010-04,3.7
2010-04,3.63
2010-04,3.67
2010-04,3.66
2010-04,3.62
2010-04,3.64
2010-04,3.68
2010-04,3.67
2010-04,3.55
2010-04,3.64
2010-04,3.59
2010-04,3.53
2010-05,3.55
2010-05,3.47
2010-05,3.43
2010-05,3.3
2010-05,3.32
2010-05,3.41
2010-05,3.4
2010-05,3.4
2010-05,3.39
2010-05,3.28
2010-05,3.31
2010-05,3.21
2010-05,3.19
2010-05,3.08
2010-05,3.03
2010-05,3.06
2010-05,3.01
2010-05,3.04
2010-05,3.17
2010-05,3.15
2010-05,
2010-06,3.13
2010-06,3.19
2010-06,3.25
2010-06,3.06
2010-06,3.05
2010-06,3.06
2010-06,3.1
2010-06,3.23
2010-06,3.16
2010-06,3.21
2010-06,3.23
2010-06,3.17
2010-06,3.12
2010-06,3.13
2010-06,3.14
2010-06,3.05
2010-06,3.0
2010-06,3.01
2010-06,2.99
2010-06,2.88
2010-06,2.82
2010-06,2.79
2010-07,2.79
2010-07,2.83
2010-07,
2010-07,2.78
2010-07,2.84
2010-07,2.89
2010-07,2.91
2010-07,2.92
2010-07,3.0
2010-07,2.92
2010-07,2.85
2010-07,2.81
2010-07,2.82
2010-07,2.82
2010-07,2.74
2010-07,2.8
2010-07,2.86
2010-07,2.87
2010-07,2.93
2010-07,2.88
2010-07,2.88
2010-07,2.79
2010-08,2.83
2010-08,2.78
2010-08,2.82
2010-08,2.79
2010-08,2.71
2010-08,2.71
2010-08,2.64
2010-08,2.57
2010-08,2.58
2010-08,2.53
2010-08,2.42
2010-08,2.47
2010-08,2.48
2010-08,2.42
2010-08,2.47
2010-08,2.44
2010-08,2.34
2010-08,2.38
2010-08,2.34
2010-08,2.51
2010-08,2.4
2010-08,2.33
2010-09,2.45
2010-09,2.49
2010-09,2.58
2010-09,
2010-09,2.47
2010-09,2.52
2010-09,2.63
2010-09,2.67
2010-09,2.59
2010-09,2.53
2010-09,2.59
2010-09,2.61
2010-09,2.59
2010-09,2.55
2010-09,2.44
2010-09,2.4
2010-09,2.4
2010-09,2.47
2010-09,2.38
2010-09,2.32
2010-09,2.36
2010-09,2.37
2010-10,2.38
2010-10,2.37
2010-10,2.38
2010-10,2.28
2010-10,2.28
2010-10,2.29
2010-10,
2010-10,2.31
2010-10,2.33
2010-10,2.38
2010-10,2.45
2010-10,2.37
2010-10,2.36
2010-10,2.37
2010-10,2.44
2010-10,2.46
2010-10,2.45
2010-10,2.53
2010-10,2.61
2010-10,2.56
2010-10,2.51
2010-11,2.53
2010-11,2.5
2010-11,2.54
2010-11,2.4
2010-11,2.45
2010-11,2.47
2010-11,2.59
2010-11,2.52
2010-11,
2010-11,2.63
2010-11,2.78
2010-11,2.7
2010-11,2.75
2010-11,2.75
2010-11,2.74
2010-11,2.65
2010-11,2.62
2010-11,2.77
2010-11,
2010-11,2.71
2010-11,2.66
2010-11,2.64
2010-12,2.81
2010-12,2.85
2010-12,2.89
2010-12,2.8
2010-12,3.01
2010-12,3.11
2010-12,3.09
2010-12,3.19
2010-12,3.14
2010-12,3.34
2010-12,3.39
2010-12,3.34
2010-12,3.22
2010-12,3.22
2010-12,3.21
2010-12,3.22
2010-12,3.27
2010-12,
2010-12,3.19
2010-12,3.35
2010-12,3.22
2010-12,3.26
2010-12,3.18
2011-01,3.21
2011-01,3.22
2011-01,3.36
2011-01,3.29
2011-01,3.2
2011-01,3.17
2011-01,3.22
2011-01,3.25
2011-01,3.19
2011-01,3.2
2011-01,
2011-01,3.23
2011-01,3.21
2011-01,3.31
2011-01,3.28
2011-01,3.27
2011-01,3.19
2011-01,3.29
2011-01,3.27
2011-01,3.21
2011-01,3.27
2011-02,3.33
2011-02,3.36
2011-02,3.44
2011-02,3.53
2011-02,3.52
2011-02,3.6
2011-02,3.51
2011-02,3.58
2011-02,3.52
2011-02,3.49
2011-02,3.48
2011-02,3.5
2011-02,3.49
2011-02,3.49
2011-02,
2011-02,3.34
2011-02,3.37
2011-02,3.33
2011-02,3.29
2011-02,3.27
2011-03,3.27
2011-03,3.33
2011-03,3.45
2011-03,3.37
2011-03,3.4
2011-03,3.45
2011-03,3.38
2011-03,3.29
2011-03,3.32
2011-03,3.27
2011-03,3.23
2011-03,3.12
2011-03,3.17
2011-03,3.21
2011-03,3.24
2011-03,3.24
2011-03,3.27
2011-03,3.33
2011-03,3.37
2011-03,3.36
2011-03,3.4
2011-03,3.37
2011-03,3.38
2011-04,3.39
2011-04,3.39
2011-04,3.43
2011-04,3.5
2011-04,3.54
2011-04,3.55
2011-04,3.54
2011-04,3.47
2011-04,3.43
2011-04,3.44
2011-04,3.36
2011-04,3.33
2011-04,3.33
2011-04,3.37
2011-04,3.36
2011-04,
2011-04,3.32
2011-04,3.27
2011-04,3.33
2011-04,3.3
2011-04,3.28
2011-05,3.26
2011-05,3.25
2011-05,3.22
2011-05,3.16
2011-05,3.17
2011-05,3.14
2011-05,3.2
2011-05,3.16
2011-05,3.2
2011-05,3.15
2011-05,3.11
2011-05,3.08
2011-05,3.13
2011-05,3.12
2011-05,3.1
2011-05,3.07
2011-05,3.06
2011-05,3.07
2011-05,3.02
2011-05,3.02
2011-05,
2011-05,2.99
2011-06,2.91
2011-06,3.0
2011-06,2.95
2011-06,2.96
2011-06,2.96
2011-06,2.94
2011-06,2.96
2011-06,2.94
2011-06,2.95
2011-06,3.06
2011-06,2.93
2011-06,2.88
2011-06,2.9
2011-06,2.94
2011-06,2.96
2011-06,2.99
2011-06,2.92
2011-06,2.86
2011-06,2.93
2011-06,3.02
2011-06,3.12
2011-06,3.15
2011-07,3.2
2011-07,
2011-07,3.14
2011-07,3.11
2011-07,3.14
2011-07,3.0
2011-07,2.91
2011-07,2.89
2011-07,2.91
2011-07,2.97
2011-07,2.92
2011-07,2.92
2011-07,2.88
2011-07,2.94
2011-07,2.98
2011-07,2.94
2011-07,2.98
2011-07,2.92
2011-07,2.93
2011-07,2.91
2011-07,2.72
2011-08,2.67
2011-08,2.6
2011-08,2.62
2011-08,2.45
2011-08,2.57
2011-08,2.35
2011-08,2.17
2011-08,2.15
2011-08,2.31
2011-08,2.22
2011-08,2.27
2011-08,2.2
2011-08,2.16
2011-08,2.07
2011-08,2.05
2011-08,2.09
2011-08,2.14
2011-08,2.27
2011-08,2.22
2011-08,2.18
2011-08,2.26
2011-08,2.18
2011-08,2.21
2011-09,2.13
2011-09,2.0
2011-09,
2011-09,1.96
2011-09,2.03
2011-09,1.98
2011-09,1.92
2011-09,1.93
2011-09,1.99
2011-09,2.02
2011-09,2.08
2011-09,2.07
2011-09,1.96
2011-09,1.94
2011-09,1.87
2011-09,1.72
2011-09,1.83
2011-09,1.89
2011-09,1.99
2011-09,2.01
2011-09,1.97
2011-09,1.9
2011-10,1.78
2011-10,1.8
2011-10,1.92
2011-10,2.0
2011-10,2.09
2011-10,
2011-10,2.16
2011-10,2.22
2011-10,2.17
2011-10,2.24
2011-10,2.14
2011-10,2.15
2011-10,2.15
2011-10,2.17
2011-10,2.21
2011-10,2.23
2011-10,2.13
2011-10,2.21
2011-10,2.4
2011-10,2.33
2011-10,2.16
2011-11,2.0
2011-11,2.02
2011-11,2.08
2011-11,2.05
2011-11,2.03
2011-11,2.09
2011-11,1.99
2011-11,2.03
2011-11,
2011-11,2.03
2011-11,2.05
2011-11,2.0
2011-11,1.94
2011-11,2.0
2011-11,1.95
2011-11,1.92
2011-11,1.87
2011-11,
2011-11,1.95
2011-11,1.94
2011-11,1.98
2011-11,2.07
2011-12,2.1
2011-12,2.03
2011-12,2.03
2011-12,2.07
2011-12,2.0
2011-12,1.98
2011-12,2.06
2011-12,2.02
2011-12,1.95
2011-12,1.91
2011-12,1.92
2011-12,1.86
2011-12,1.81
2011-12,1.93
2011-12,1.97
2011-12,1.96
2011-12,2.02
2011-12,
2011-12,2.0
2011-12,1.92
2011-12,1.89
2011-12,1.87
2012-01,
2012-01,1.95
2012-01,1.98
2012-01,2.0
2012-01,1.96
2012-01,1.97
2012-01,1.98
2012-01,1.91
2012-01,1.91
2012-01,1.86
2012-01,
2012-01,1.84
2012-01,1.89
2012-01,1.96
2012-01,2.0
2012-01,2.05
2012-01,2.04
2012-01,1.97
2012-01,1.91
2012-01,1.87
2012-01,1.82
2012-01,1.77
2012-02,1.81
2012-02,1.78
2012-02,1.89
2012-02,1.85
2012-02,1.92
2012-02,1.92
2012-02,1.95
2012-02,1.87
2012-02,1.88
2012-02,1.8
2012-02,1.82
2012-02,1.89
2012-02,1.92
2012-02,
2012-02,1.97
2012-02,1.92
2012-02,1.9
2012-02,1.88
2012-02,1.8
2012-02,1.84
2012-02,1.9
2012-03,1.95
2012-03,1.92
2012-03,1.92
2012-03,1.88
2012-03,1.9
2012-03,1.95
2012-03,1.95
2012-03,1.95
2012-03,2.06
2012-03,2.2
2012-03,2.21
2012-03,2.22
2012-03,2.29
2012-03,2.28
2012-03,2.22
2012-03,2.21
2012-03,2.17
2012-03,2.17
2012-03,2.11
2012-03,2.12
2012-03,2.11
2012-03,2.16
2012-04,2.14
2012-04,2.22
2012-04,2.17
2012-04,2.11
2012-04,2.0
2012-04,1.97
2012-04,1.92
2012-04,1.96
2012-04,1.99
2012-04,1.93
2012-04,1.92
2012-04,1.95
2012-04,1.93
2012-04,1.91
2012-04,1.91
2012-04,1.88
2012-04,1.91
2012-04,1.92
2012-04,1.89
2012-04,1.87
2012-04,1.85
2012-05,1.89
2012-05,1.88
2012-05,1.87
2012-05,1.84
2012-05,1.82
2012-05,1.79
2012-05,1.78
2012-05,1.79
2012-05,1.74
2012-05,1.68
2012-05,1.67
2012-05,1.66
2012-05,1.6
2012-05,1.63
2012-05,1.66
2012-05,1.7
2012-05,1.64
2012-05,1.67
2012-05,1.66
2012-05,
2012-05,1.65
2012-05,1.56
2012-05,1.52
2012-06,1.4
2012-06,1.45
2012-06,1.49
2012-06,1.57
2012-06,1.57
2012-06,1.56
2012-06,1.51
2012-06,1.57
2012-06,1.51
2012-06,1.53
2012-06,1.51
2012-06,1.49
2012-06,1.55
2012-06,1.56
2012-06,1.54
2012-06,1.6
2012-06,1.53
2012-06,1.56
2012-06,1.56
2012-06,1.51
2012-06,1.58
2012-07,1.51
2012-07,1.56
2012-07,
2012-07,1.54
2012-07,1.49
2012-07,1.44
2012-07,1.44
2012-07,1.44
2012-07,1.4
2012-07,1.42
2012-07,1.4
2012-07,1.43
2012-07,1.43
2012-07,1.45
2012-07,1.4
2012-07,1.37
2012-07,1.34
2012-07,1.33
2012-07,1.34
2012-07,1.47
2012-07,1.42
2012-07,1.4
2012-08,1.46
2012-08,1.42
2012-08,1.51
2012-08,1.49
2012-08,1.55
2012-08,1.57
2012-08,1.58
2012-08,1.55
2012-08,1.54
2012-08,1.62
2012-08,1.71
2012-08,1.74
2012-08,1.72
2012-08,1.71
2012-08,1.69
2012-08,1.6
2012-08,1.57
2012-08,1.58
2012-08,1.54
2012-08,1.54
2012-08,1.54
2012-08,1.53
2012-08,1.48
2012-09,
2012-09,1.49
2012-09,1.49
2012-09,1.57
2012-09,1.56
2012-09,1.58
2012-09,1.6
2012-09,1.67
2012-09,1.65
2012-09,1.77
2012-09,1.74
2012-09,1.72
2012-09,1.68
2012-09,1.69
2012-09,1.66
2012-09,1.63
2012-09,1.59
2012-09,1.53
2012-09,1.57
2012-09,1.55
2012-10,1.55
2012-10,1.55
2012-10,1.55
2012-10,1.6
2012-10,1.64
2012-10,
2012-10,1.64
2012-10,1.62
2012-10,1.6
2012-10,1.58
2012-10,1.59
2012-10,1.66
2012-10,1.72
2012-10,1.76
2012-10,1.69
2012-10,1.73
2012-10,1.68
2012-10,1.69
2012-10,1.75
2012-10,1.66
2012-10,1.6
2012-10,
2012-10,1.61
2012-11,1.66
2012-11,1.66
2012-11,1.61
2012-11,1.68
2012-11,1.58
2012-11,1.52
2012-11,1.52
2012-11,
2012-11,1.48
2012-11,1.49
2012-11,1.5
2012-11,1.52
2012-11,1.52
2012-11,1.58
2012-11,1.59
2012-11,
2012-11,1.6
2012-11,1.56
2012-11,1.54
2012-11,1.53
2012-11,1.53
2012-11,1.54
2012-12,1.53
2012-12,1.52
2012-12,1.5
2012-12,1.49
2012-12,1.55
2012-12,1.54
2012-12,1.58
2012-12,1.65
2012-12,1.68
2012-12,1.68
2012-12,1.73
2012-12,1.78
2012-12,1.77
2012-12,1.75
2012-12,1.71
2012-12,1.73
2012-12,
2012-12,1.68
2012-12,1.66
2012-12,1.72
2012-12,1.73
2013-01,
2013-01,1.78
2013-01,1.84
2013-01,1.86
2013-01,1.85
2013-01,1.82
2013-01,1.82
2013-01,1.85
2013-01,1.82
2013-01,1.81
2013-01,1.77
2013-01,1.76
2013-01,1.82
2013-01,1.79
2013-01,
2013-01,1.78
2013-01,1.78
2013-01,1.8
2013-01,1.9
2013-01,1.93
2013-01,1.96
2013-01,1.96
2013-01,1.95
2013-02,1.98
2013-02,1.93
2013-02,1.97
2013-02,1.93
2013-02,1.92
2013-02,1.92
2013-02,1.9
2013-02,1.93
2013-02,1.95
2013-02,1.89
2013-02,1.91
2013-02,
2013-02,1.91
2013-02,1.9
2013-02,1.86
2013-02,1.84
2013-02,1.76
2013-02,1.74
2013-02,1.8
2013-02,1.78
2013-03,1.75
2013-03,1.77
2013-03,1.82
2013-03,1.85
2013-03,1.9
2013-03,1.96
2013-03,1.97
2013-03,1.93
2013-03,1.95
2013-03,1.94
2013-03,1.92
2013-03,1.89
2013-03,1.85
2013-03,1.89
2013-03,1.88
2013-03,1.86
2013-03,1.85
2013-03,1.85
2013-03,1.78
2013-03,1.8
2013-03,
2013-04,1.78
2013-04,1.81
2013-04,1.77
2013-04,1.71
2013-04,1.65
2013-04,1.69
2013-04,1.72
2013-04,1.77
2013-04,1.75
2013-04,1.69
2013-04,1.66
2013-04,1.69
2013-04,1.67
2013-04,1.67
2013-04,1.68
2013-04,1.67
2013-04,1.69
2013-04,1.67
2013-04,1.69
2013-04,1.65
2013-04,1.65
2013-04,1.65
2013-05,1.6
2013-05,1.61
2013-05,1.73
2013-05,1.76
2013-05,1.78
2013-05,1.77
2013-05,1.77
2013-05,1.86
2013-05,1.87
2013-05,1.91
2013-05,1.9
2013-05,1.84
2013-05,1.91
2013-05,1.92
2013-05,1.9
2013-05,1.99
2013-05,1.97
2013-05,1.97
2013-05,
2013-05,2.1
2013-05,2.08
2013-05,2.09
2013-05,2.12
2013-06,2.08
2013-06,2.1
2013-06,2.05
2013-06,2.03
2013-06,2.13
2013-06,2.17
2013-06,2.15
2013-06,2.2
2013-06,2.14
2013-06,2.09
2013-06,2.14
2013-06,2.15
2013-06,2.28
2013-06,2.36
2013-06,2.47
2013-06,2.51
2013-06,2.54
2013-06,2.49
2013-06,2.43
2013-06,2.48
2013-07,2.46
2013-07,2.45
2013-07,2.47
2013-07,
2013-07,2.69
2013-07,2.6
2013-07,2.61
2013-07,2.66
2013-07,2.56
2013-07,2.57
2013-07,2.53
2013-07,2.52
2013-07,2.49
2013-07,2.53
2013-07,2.47
2013-07,2.46
2013-07,2.51
2013-07,2.58
2013-07,2.59
2013-07,2.55
2013-07,2.58
2013-07,2.59
2013-07,2.56
2013-08,2.7
2013-08,2.59
2013-08,2.62
2013-08,2.63
2013-08,2.56
2013-08,2.53
2013-08,2.52
2013-08,2.55
2013-08,2.65
2013-08,2.66
2013-08,2.72
2013-08,2.79
2013-08,2.82
2013-08,2.78
2013-08,2.83
2013-08,2.87
2013-08,2.79
2013-08,2.75
2013-08,2.67
2013-08,2.75
2013-08,2.73
2013-08,2.75
2013-09,
2013-09,2.84
2013-09,2.88
2013-09,2.96
2013-09,2.92
2013-09,2.88
2013-09,2.94
2013-09,2.91
2013-09,2.91
2013-09,2.89
2013-09,2.86
2013-09,2.85
2013-09,2.68
2013-09,2.75
2013-09,2.74
2013-09,2.7
2013-09,2.65
2013-09,2.61
2013-09,2.66
2013-09,2.62
2013-09,2.62
2013-10,2.64
2013-10,2.61
2013-10,2.59
2013-10,2.63
2013-10,2.62
2013-10,2.61
2013-10,2.63
2013-10,2.66
2013-10,2.62
2013-10,
2013-10,2.61
2013-10,2.59
2013-10,2.56
2013-10,2.56
2013-10,2.59
2013-10,2.5
2013-10,2.47
2013-10,2.5
2013-10,2.49
2013-10,2.5
2013-10,2.49
2013-10,2.51
2013-10,2.53
2013-11,2.61
2013-11,2.58
2013-11,2.64
2013-11,2.62
2013-11,2.58
2013-11,2.71
2013-11,
2013-11,2.72
2013-11,2.67
2013-11,2.61
2013-11,2.63
2013-11,2.58
2013-11,2.63
2013-11,2.72
2013-11,2.72
2013-11,2.68
2013-11,2.66
2013-11,2.64
2013-11,2.67
2013-11,
2013-11,2.69
2013-12,2.76
2013-12,2.73
2013-12,2.78
2013-12,2.82
2013-12,2.82
2013-12,2.79
2013-12,2.74
2013-12,2.79
2013-12,2.82
2013-12,2.81
2013-12,2.82
2013-12,2.78
2013-12,2.82
2013-12,2.88
2013-12,2.82
2013-12,2.87
2013-12,2.92
2013-12,
2013-12,2.93
2013-12,2.95
2013-12,2.92
2013-12,2.97
2014-01,
2014-01,2.93
2014-01,2.94
2014-01,2.93
2014-01,2.92
2014-01,2.96
2014-01,2.93
2014-01,2.83
2014-01,2.81
2014-01,2.84
2014-01,2.86
2014-01,2.82
2014-01,2.79
2014-01,
2014-01,2.81
2014-01,2.83
2014-01,2.75
2014-01,2.71
2014-01,2.73
2014-01,2.72
2014-01,2.65
2014-01,2.7
2014-01,2.65
2014-02,2.56
2014-02,2.58
2014-02,2.63
2014-02,2.66
2014-02,2.63
2014-02,2.63
2014-02,2.7
2014-02,2.75
2014-02,2.7
2014-02,2.73
2014-02,
2014-02,2.66
2014-02,2.67
2014-02,2.71
2014-02,2.68
2014-02,2.7
2014-02,2.65
2014-02,2.62
2014-02,2.61
2014-02,2.61
2014-03,2.55
2014-03,2.65
2014-03,2.64
2014-03,2.69
2014-03,2.74
2014-03,2.74
2014-03,2.72
2014-03,2.68
2014-03,2.61
2014-03,2.6
2014-03,2.64
2014-03,2.63
2014-03,2.72
2014-03,2.73
2014-03,2.69
2014-03,2.68
2014-03,2.7
2014-03,2.66
2014-03,2.65
2014-03,2.69
2014-03,2.68
2014-04,2.73
2014-04,2.8
2014-04,2.78
2014-04,2.71
2014-04,2.68
2014-04,2.66
2014-04,2.67
2014-04,2.61
2014-04,2.59
2014-04,2.61
2014-04,2.6
2014-04,2.61
2014-04,2.7
2014-04,
2014-04,2.69
2014-04,2.7
2014-04,2.68
2014-04,2.69
2014-04,2.65
2014-04,2.67
2014-04,2.69
2014-04,2.64
2014-05,2.6
2014-05,2.58
2014-05,2.6
2014-05,2.58
2014-05,2.59
2014-05,2.58
2014-05,2.59
2014-05,2.63
2014-05,2.58
2014-05,2.51
2014-05,2.47
2014-05,2.49
2014-05,2.51
2014-05,2.49
2014-05,2.5
2014-05,2.53
2014-05,2.5
2014-05,
2014-05,2.48
2014-05,2.4
2014-05,2.41
2014-05,2.44
2014-06,2.5
2014-06,2.56
2014-06,2.57
2014-06,2.55
2014-06,2.56
2014-06,2.58
2014-06,2.6
2014-06,2.61
2014-06,2.54
2014-06,2.56
2014-06,2.57
2014-06,2.62
2014-06,2.58
2014-06,2.62
2014-06,2.61
2014-06,2.6
2014-06,2.56
2014-06,2.54
2014-06,2.49
2014-06,2.51
2014-06,2.49
2014-07,2.56
2014-07,2.62
2014-07,2.64
2014-07,
2014-07,2.59
2014-07,2.55
2014-07,2.54
2014-07,2.53
2014-07,2.51
2014-07,2.52
2014-07,2.54
2014-07,2.53
2014-07,2.45
2014-07,2.48
2014-07,2.46
2014-07,2.45
2014-07,2.45
2014-07,2.49
2014-07,2.45
2014-07,2.46
2014-07,2.45
2014-07,2.53
2014-07,2.55
2014-08,2.49
2014-08,2.47
2014-08,2.46
2014-08,2.46
2014-08,2.4
2014-08,2.41
2014-08,2.4
2014-08,2.43
2014-08,2.39
2014-08,2.36
2014-08,2.31
2014-08,2.36
2014-08,2.37
2014-08,2.39
2014-08,2.39
2014-08,2.37
2014-08,2.35
2014-08,2.36
2014-08,2.33
2014-08,2.31
2014-08,2.32
2014-09,
2014-09,2.39
2014-09,2.38
2014-09,2.42
2014-09,2.43
2014-09,2.46
2014-09,2.48
2014-09,2.52
2014-09,2.52
2014-09,2.6
2014-09,2.58
2014-09,2.58
2014-09,2.6
2014-09,2.61
2014-09,2.57
2014-09,2.56
2014-09,2.53
2014-09,2.55
2014-09,2.51
2014-09,2.53
2014-09,2.48
2014-09,2.5
2014-10,2.4
2014-10,2.43
2014-10,2.44
2014-10,2.41
2014-10,2.34
2014-10,2.34
2014-10,2.33
2014-10,2.3
2014-10,
2014-10,2.19
2014-10,2.13
2014-10,2.14
2014-10,2.2
2014-10,2.18
2014-10,2.21
2014-10,2.23
2014-10,2.28
2014-10,2.28
2014-10,2.25
2014-10,2.28
2014-10,2.31
2014-10,2.31
2014-10,2.34
2014-11,2.34
2014-11,2.32
2014-11,2.33
2014-11,2.36
2014-11,2.29
2014-11,2.36
2014-11,
2014-11,2.35
2014-11,2.33
2014-11,2.3
2014-11,2.31
2014-11,2.3
2014-11,2.35
2014-11,2.32
2014-11,2.3
2014-11,2.28
2014-11,2.25
2014-11,2.22
2014-11,
2014-11,2.16
2014-12,2.19
2014-12,2.25
2014-12,2.28
2014-12,2.23
2014-12,2.29
2014-12,2.23
2014-12,2.18
2014-12,2.15
2014-12,2.16
2014-12,2.08
2014-12,2.08
2014-12,2.04
2014-12,2.11
2014-12,2.18
2014-12,2.13
2014-12,2.12
2014-12,2.23
2014-12,2.26
2014-12,
2014-12,2.24
2014-12,2.19
2014-12,2.17
2014-12,2.13
2015-01,
2015-01,2.1
2015-01,2.01
2015-01,1.94
2015-01,1.93
2015-01,2.0
2015-01,1.96
2015-01,1.89
2015-01,1.88
2015-01,1.82
2015-01,1.74
2015-01,1.8
2015-01,
2015-01,1.79
2015-01,1.84
2015-01,1.87
2015-01,1.79
2015-01,1.8
2015-01,1.81
2015-01,1.71
2015-01,1.74
2015-01,1.66
2015-02,1.66
2015-02,1.77
2015-02,1.8
2015-02,1.81
2015-02,1.93
2015-02,1.95
2015-02,2.0
2015-02,1.99
2015-02,1.97
2015-02,2.01
2015-02,
2015-02,2.12
2015-02,2.05
2015-02,2.09
2015-02,2.11
2015-02,2.04
2015-02,1.97
2015-02,1.94
2015-02,2.0
2015-02,1.98
2015-03,2.06
2015-03,2.1
2015-03,2.11
2015-03,2.09
2015-03,2.23
2015-03,2.18
2015-03,2.12
2015-03,2.08
2015-03,2.07
2015-03,2.1
2015-03,2.05
2015-03,2.01
2015-03,1.9
2015-03,1.95
2015-03,1.92
2015-03,1.89
2015-03,1.86
2015-03,1.89
2015-03,1.98
2015-03,1.91
2015-03,1.92
2015-03,1.91
2015-04,1.84
2015-04,1.9
2015-04,1.83
2015-04,1.89
2015-04,1.87
2015-04,1.89
2015-04,1.94
2015-04,1.94
2015-04,1.91
2015-04,1.88
2015-04,1.89
2015-04,1.88
2015-04,1.86
2015-04,1.87
2015-04,1.89
2015-04,1.96
2015-04,1.93
2015-04,1.9
2015-04,1.92
2015-04,1.98
2015-04,2.05
2015-04,2.04
2015-05,2.11
2015-05,2.14
2015-05,2.18
2015-05,2.23
2015-05,2.17
2015-05,2.15
2015-05,2.26
2015-05,2.25
2015-05,2.25
2015-05,2.22
2015-05,2.12
2015-05,2.21
2015-05,2.25
2015-05,2.24
2015-05,2.17
2015-05,2.19
2015-05,
2015-05,2.12
2015-05,2.13
2015-05,2.12
2015-05,2.11
2015-06,2.17
2015-06,2.26
2015-06,2.36
2015-06,2.29
2015-06,2.38
2015-06,2.37
2015-06,2.4
2015-06,2.48
2015-06,2.38
2015-06,2.37
2015-06,2.34
2015-06,2.31
2015-06,2.31
2015-06,2.34
2015-06,2.25
2015-06,2.36
2015-06,2.41
2015-06,2.37
2015-06,2.39
2015-06,2.48
2015-06,2.31
2015-06,2.34
2015-07,2.42
2015-07,2.39
2015-07,
2015-07,2.28
2015-07,2.25
2015-07,2.2
2015-07,2.29
2015-07,2.41
2015-07,2.42
2015-07,2.4
2015-07,2.34
2015-07,2.34
2015-07,2.31
2015-07,2.34
2015-07,2.32
2015-07,2.29
2015-07,2.25
2015-07,2.23
2015-07,2.18
2015-07,2.21
2015-07,2.23
2015-07,2.21
2015-07,2.12
2015-08,2.08
2015-08,2.15
2015-08,2.2
2015-08,2.19
2015-08,2.12
2015-08,2.12
2015-08,2.05
2015-08,2.04
2015-08,2.09
2015-08,2.11
2015-08,2.06
2015-08,2.13
2015-08,2.07
2015-08,2.07
2015-08,2.02
2015-08,1.95
2015-08,2.05
2015-08,2.12
2015-08,2.12
2015-08,2.13
2015-08,2.13
2015-09,2.14
2015-09,2.17
2015-09,2.16
2015-09,2.11
2015-09,
2015-09,2.14
2015-09,2.18
2015-09,2.21
2015-09,2.16
2015-09,2.11
2015-09,2.21
2015-09,2.24
2015-09,2.2
2015-09,2.13
2015-09,2.19
2015-09,2.14
2015-09,2.15
2015-09,2.12
2015-09,2.17
2015-09,2.09
2015-09,2.04
2015-09,2.06
2015-10,2.05
2015-10,1.99
2015-10,2.06
2015-10,2.05
2015-10,2.08
2015-10,2.12
2015-10,2.11
2015-10,
2015-10,2.05
2015-10,1.99
2015-10,2.03
2015-10,2.03
2015-10,2.02
2015-10,2.06
2015-10,2.03
2015-10,2.04
2015-10,2.08
2015-10,2.05
2015-10,2.02
2015-10,2.06
2015-10,2.12
2015-10,2.08
2015-11,2.12
2015-11,2.17
2015-11,2.2
2015-11,2.21
2015-11,2.26
2015-11,2.22
2015-11,2.19
2015-11,
2015-11,2.18
2015-11,2.14
2015-11,2.12
2015-11,2.11
2015-11,2.15
2015-11,2.13
2015-11,2.14
2015-11,2.11
2015-11,2.08
2015-11,2.04
2015-11,
2015-11,2.04
2015-11,1.99
2015-12,1.94
2015-12,1.97
2015-12,2.12
2015-12,2.05
2015-12,1.94
2015-12,1.97
2015-12,1.96
2015-12,2.0
2015-12,1.9
2015-12,1.97
2015-12,2.03
2015-12,2.03
2015-12,2.01
2015-12,2.0
2015-12,1.96
2015-12,2.03
2015-12,2.07
2015-12,2.05
2015-12,
2015-12,2.01
2015-12,2.09
2015-12,2.1
2015-12,2.11
2016-01,
2016-01,2.02
2016-01,2.05
2016-01,1.97
2016-01,1.96
2016-01,1.93
2016-01,1.96
2016-01,1.91
2016-01,1.86
2016-01,1.85
2016-01,1.79
2016-01,
2016-01,1.8
2016-01,1.75
2016-01,1.74
2016-01,1.76
2016-01,1.72
2016-01,1.7
2016-01,1.7
2016-01,1.65
2016-01,1.61
2016-02,1.62
2016-02,1.53
2016-02,1.55
2016-02,1.58
2016-02,1.56
2016-02,1.43
2016-02,1.44
2016-02,1.4
2016-02,1.35
2016-02,1.44
2016-02,
2016-02,1.48
2016-02,1.51
2016-02,1.45
2016-02,1.45
2016-02,1.44
2016-02,1.42
2016-02,1.42
2016-02,1.39
2016-02,1.43
2016-02,1.41
2016-03,1.5
2016-03,1.48
2016-03,1.55
2016-03,1.59
2016-03,1.59
2016-03,1.54
2016-03,1.6
2016-03,1.61
2016-03,1.65
2016-03,1.63
2016-03,1.63
2016-03,1.63
2016-03,1.62
2016-03,1.58
2016-03,1.61
2016-03,1.64
2016-03,1.58
2016-03,1.61
2016-03,
2016-03,1.6
2016-03,1.58
2016-03,1.63
2016-03,1.57
2016-04,1.56
2016-04,1.55
2016-04,1.5
2016-04,1.53
2016-04,1.47
2016-04,1.49
2016-04,1.5
2016-04,1.57
2016-04,1.54
2016-04,1.58
2016-04,1.54
2016-04,1.56
2016-04,1.58
2016-04,1.62
2016-04,1.65
2016-04,1.66
2016-04,1.66
2016-04,1.7
2016-04,1.63
2016-04,1.62
2016-04,1.61
2016-05,1.66
2016-05,1.6
2016-05,1.6
2016-05,1.56
2016-05,1.6
2016-05,1.53
2016-05,1.53
2016-05,1.47
2016-05,1.48
2016-05,1.42
2016-05,1.47
2016-05,1.48
2016-05,1.57
2016-05,1.54
2016-05,1.52
2016-05,1.49
2016-05,1.51
2016-05,1.54
2016-05,1.52
2016-05,1.53
2016-05,
2016-05,1.5
2016-06,1.55
2016-06,1.52
2016-06,1.41
2016-06,1.45
2016-06,1.44
2016-06,1.47
2016-06,1.42
2016-06,1.38
2016-06,1.35
2016-06,1.35
2016-06,1.34
2016-06,1.3
2016-06,1.35
2016-06,1.39
2016-06,1.44
2016-06,1.42
2016-06,1.43
2016-06,1.3
2016-06,1.19
2016-06,1.2
2016-06,1.24
2016-06,1.23
2016-07,1.18
2016-07,
2016-07,1.09
2016-07,1.11
2016-07,1.11
2016-07,1.09
2016-07,1.12
2016-07,1.24
2016-07,1.17
2016-07,1.21
2016-07,1.28
2016-07,1.27
2016-07,1.25
2016-07,1.27
2016-07,1.25
2016-07,1.24
2016-07,1.26
2016-07,1.26
2016-07,1.21
2016-07,1.27
2016-07,1.18
2016-08,1.22
2016-08,1.26
2016-08,1.27
2016-08,1.25
2016-08,1.31
2016-08,1.28
2016-08,1.26
2016-08,1.22
2016-08,1.29
2016-08,1.22
2016-08,1.24
2016-08,1.3
2016-08,1.26
2016-08,1.23
2016-08,1.28
2016-08,1.26
2016-08,1.25
2016-08,1.25
2016-08,1.25
2016-08,1.28
2016-08,1.24
2016-08,1.24
2016-08,1.25
2016-09,1.24
2016-09,1.27
2016-09,
2016-09,1.23
2016-09,1.2
2016-09,1.26
2016-09,1.32
2016-09,1.31
2016-09,1.37
2016-09,1.37
2016-09,1.42
2016-09,1.4
2016-09,1.4
2016-09,1.39
2016-09,1.44
2016-09,1.45
2016-09,1.44
2016-09,1.34
2016-09,1.3
2016-09,1.3
2016-09,1.3
2016-09,1.31
2016-10,1.31
2016-10,1.36
2016-10,1.4
2016-10,1.42
2016-10,1.4
2016-10,
2016-10,1.42
2016-10,1.42
2016-10,1.45
2016-10,1.48
2016-10,1.43
2016-10,1.41
2016-10,1.41
2016-10,1.41
2016-10,1.4
2016-10,1.44
2016-10,1.43
2016-10,1.46
2016-10,1.55
2016-10,1.56
2016-10,1.5
2016-11,1.48
2016-11,1.44
2016-11,1.44
2016-11,1.41
2016-11,1.42
2016-11,1.45
2016-11,1.62
2016-11,1.67
2016-11,
2016-11,1.68
2016-11,1.72
2016-11,1.75
2016-11,1.85
2016-11,1.9
2016-11,1.87
2016-11,1.82
2016-11,1.85
2016-11,
2016-11,1.87
2016-11,1.84
2016-11,1.82
2016-11,1.89
2016-12,1.97
2016-12,1.91
2016-12,1.9
2016-12,1.9
2016-12,1.82
2016-12,1.89
2016-12,1.93
2016-12,1.98
2016-12,1.94
2016-12,1.99
2016-12,2.09
2016-12,2.09
2016-12,2.02
2016-12,2.05
2016-12,2.03
2016-12,2.04
2016-12,2.03
2016-12,
2016-12,2.06
2016-12,1.98
2016-12,2.02
2016-12,1.94
2017-01,
2017-01,1.92
2017-01,1.93
2017-01,1.85
2017-01,1.89
2017-01,1.88
2017-01,1.86
2017-01,1.86
2017-01,1.84
2017-01,1.87
2017-01,
2017-01,1.78
2017-01,1.89
2017-01,1.95
2017-01,1.98
2017-01,1.9
2017-01,1.96
2017-01,2.03
2017-01,2.0
2017-01,1.97
2017-01,1.98
2017-01,1.93
2017-02,1.97
2017-02,1.96
2017-02,1.98
2017-02,1.89
2017-02,1.87
2017-02,1.8
2017-02,1.86
2017-02,1.86
2017-02,1.91
2017-02,1.93
2017-02,1.97
2017-02,1.92
2017-02,1.89
2017-02,
2017-02,1.9
2017-02,1.9
2017-02,1.87
2017-02,1.79
2017-02,1.86
2017-02,1.83
2017-03,1.83
2017-03,1.82
2017-03,1.78
2017-03,1.75
2017-03,1.76
2017-03,1.84
2017-03,1.87
2017-03,1.83
2017-03,1.83
2017-03,1.82
2017-03,1.78
2017-03,1.8
2017-03,1.77
2017-03,1.71
2017-03,1.66
2017-03,1.63
2017-03,1.65
2017-03,1.62
2017-03,1.6
2017-03,1.64
2017-03,1.61
2017-03,1.64
2017-03,1.64
2017-04,1.56
2017-04,1.57
2017-04,1.54
2017-04,1.55
2017-04,1.56
2017-04,1.55
2017-04,1.5
2017-04,1.47
2017-04,1.43
2017-04,
2017-04,1.43
2017-04,1.36
2017-04,1.4
2017-04,1.45
2017-04,1.45
2017-04,1.47
2017-04,1.53
2017-04,1.49
2017-04,1.49
2017-04,1.49
2017-05,1.5
2017-05,1.47
2017-05,1.48
2017-05,1.5
2017-05,1.46
2017-05,1.48
2017-05,1.51
2017-05,1.51
2017-05,1.5
2017-05,1.45
2017-05,1.44
2017-05,1.43
2017-05,1.32
2017-05,1.3
2017-05,1.31
2017-05,1.32
2017-05,1.37
2017-05,1.33
2017-05,1.31
2017-05,1.31
2017-05,
2017-05,1.28
2017-05,1.23
2017-06,1.23
2017-06,1.17
2017-06,1.22
2017-06,1.17
2017-06,1.18
2017-06,1.18
2017-06,1.2
2017-06,1.23
2017-06,1.21
2017-06,1.14
2017-06,1.14
2017-06,1.13
2017-06,1.17
2017-06,1.15
2017-06,1.17
2017-06,1.19
2017-06,1.18
2017-06,1.15
2017-06,1.21
2017-06,1.2
2017-06,1.23
2017-06,1.28
2017-07,1.29
2017-07,
2017-07,1.28
2017-07,1.33
2017-07,1.34
2017-07,1.34
2017-07,1.32
2017-07,1.28
2017-07,1.3
2017-07,1.29
2017-07,1.24
2017-07,1.2
2017-07,1.16
2017-07,1.12
2017-07,1.08
2017-07,1.09
2017-07,1.15
2017-07,1.16
2017-07,1.21
2017-07,1.22
2017-07,1.23
2017-08,1.18
2017-08,1.19
2017-08,1.16
2017-08,1.19
2017-08,1.24
2017-08,1.23
2017-08,1.18
2017-08,1.15
2017-08,1.16
2017-08,1.2
2017-08,1.23
2017-08,1.21
2017-08,1.19
2017-08,1.17
2017-08,1.18
2017-08,1.22
2017-08,1.17
2017-08,1.17
2017-08,1.14
2017-08,1.18
2017-08,1.1
2017-08,1.12
2017-08,1.11
2017-09,1.14
2017-09,
2017-09,1.04
2017-09,1.03
2017-09,1.0
2017-09,1.02
2017-09,1.09
2017-09,1.14
2017-09,1.16
2017-09,1.15
2017-09,1.15
2017-09,1.18
2017-09,1.2
2017-09,1.24
2017-09,1.23
2017-09,1.23
2017-09,1.17
2017-09,1.18
2017-09,1.24
2017-09,1.25
2017-09,1.27
2017-10,1.33
2017-10,1.26
2017-10,1.25
2017-10,1.28
2017-10,1.3
2017-10,
2017-10,1.27
2017-10,1.25
2017-10,1.24
2017-10,1.19
2017-10,1.2
2017-10,1.21
2017-10,1.25
2017-10,1.23
2017-10,1.28
2017-10,1.29
2017-10,1.3
2017-10,1.32
2017-10,1.35
2017-10,1.32
2017-10,1.25
2017-10,1.23
2017-11,1.19
2017-11,1.18
2017-11,1.16
2017-11,1.13
2017-11,1.1
2017-11,1.09
2017-11,1.09
2017-11,1.17
2017-11,1.16
2017-11,1.12
2017-11,1.08
2017-11,1.1
2017-11,1.06
2017-11,1.07
2017-11,1.06
2017-11,1.03
2017-11,
2017-11,1.05
2017-11,1.05
2017-11,1.04
2017-11,1.08
2017-11,1.15
2017-12,1.1
2017-12,1.08
2017-12,1.06
2017-12,1.03
2017-12,1.08
2017-12,1.1
2017-12,1.06
2017-12,1.06
2017-12,1.06
2017-12,1.03
2017-12,1.04
2017-12,1.01
2017-12,1.09
2017-12,1.11
2017-12,1.13
2017-12,1.15
2017-12,
2017-12,1.0
2017-12,0.98
2017-12,1.04
2017-12,1.01
2018-01,
2018-01,1.02
2018-01,1.03
2018-01,1.05
2018-01,1.08
2018-01,1.04
2018-01,1.11
2018-01,1.13
2018-01,1.11
2018-01,1.12
2018-01,
2018-01,1.09
2018-01,1.13
2018-01,1.17
2018-01,1.2
2018-01,1.22
2018-01,1.19
2018-01,1.22
2018-01,1.21
2018-01,1.25
2018-01,1.26
2018-01,1.29
2018-01,1.26
2018-02,1.3
2018-02,1.36
2018-02,1.26
2018-02,1.27
2018-02,1.29
2018-02,1.3
2018-02,1.28
2018-02,1.24
2018-02,1.24
2018-02,1.33
2018-02,1.32
2018-02,1.25
2018-02,
2018-02,1.22
2018-02,1.3
2018-02,1.29
2018-02,1.24
2018-02,1.2
2018-02,1.24
2018-02,1.22
2018-03,1.18
2018-03,1.21
2018-03,1.18
2018-03,1.2
2018-03,1.21
2018-03,1.19
2018-03,1.23
2018-03,1.16
2018-03,1.11
2018-03,1.05
2018-03,1.05
2018-03,1.07
2018-03,1.05
2018-03,1.08
2018-03,1.15
2018-03,1.11
2018-03,1.08
2018-03,1.06
2018-03,1.01
2018-03,1.04
2018-03,1.01
2018-03,
2018-04,0.96
2018-04,1.04
2018-04,1.08
2018-04,1.11
2018-04,1.04
2018-04,1.02
2018-04,1.06
2018-04,1.06
2018-04,1.08
2018-04,1.06
2018-04,1.04
2018-04,1.02
2018-04,1.06
2018-04,1.1
2018-04,1.15
2018-04,1.11
2018-04,1.13
2018-04,1.18
2018-04,1.18
2018-04,1.14
2018-04,1.08
2018-05,1.12
2018-05,1.13
2018-05,1.1
2018-05,1.11
2018-05,1.09
2018-05,1.1
2018-05,1.12
2018-05,1.07
2018-05,1.05
2018-05,1.07
2018-05,1.16
2018-05,1.17
2018-05,1.19
2018-05,1.15
2018-05,1.13
2018-05,1.13
2018-05,1.09
2018-05,1.07
2018-05,1.03
2018-05,
2018-05,0.84
2018-05,0.9
2018-05,0.9
2018-06,0.97
2018-06,1.0
2018-06,0.98
2018-06,1.02
2018-06,0.99
2018-06,1.0
2018-06,1.02
2018-06,1.04
2018-06,1.04
2018-06,1.0
2018-06,0.99
2018-06,0.98
2018-06,0.95
2018-06,0.99
2018-06,0.96
2018-06,0.97
2018-06,0.94
2018-06,0.95
2018-06,0.9
2018-06,0.91
2018-06,0.92
2018-07,0.89
2018-07,0.85
2018-07,
2018-07,0.88
2018-07,0.85
2018-07,0.88
2018-07,0.88
2018-07,0.88
2018-07,0.87
2018-07,0.85
2018-07,0.84
2018-07,0.84
2018-07,0.88
2018-07,0.84
2018-07,0.9
2018-07,0.97
2018-07,0.93
2018-07,0.93
2018-07,0.99
2018-07,0.96
2018-07,0.94
2018-07,0.93
2018-08,0.97
2018-08,0.96
2018-08,0.94
2018-08,0.89
2018-08,0.92
2018-08,0.9
2018-08,0.87
2018-08,0.82
2018-08,0.82
2018-08,0.81
2018-08,0.79
2018-08,0.8
2018-08,0.82
2018-08,0.76
2018-08,0.77
2018-08,0.73
2018-08,0.74
2018-08,0.73
2018-08,0.73
2018-08,0.75
2018-08,0.76
2018-08,0.75
2018-08,0.75
2018-09,
2018-09,0.77
2018-09,0.76
2018-09,0.75
2018-09,0.8
2018-09,0.8
2018-09,0.83
2018-09,0.81
2018-09,0.82
2018-09,0.83
2018-09,0.83
2018-09,0.88
2018-09,0.92
2018-09,0.9
2018-09,0.89
2018-09,0.86
2018-09,0.89
2018-09,0.86
2018-09,0.88
2018-09,0.86
2018-10,0.86
2018-10,0.82
2018-10,0.92
2018-10,0.97
2018-10,1.0
2018-10,
2018-10,0.96
2018-10,0.95
2018-10,0.87
2018-10,0.87
2018-10,0.85
2018-10,0.86
2018-10,0.88
2018-10,0.85
2018-10,0.89
2018-10,0.86
2018-10,0.84
2018-10,0.76
2018-10,0.8
2018-10,0.75
2018-10,0.74
2018-10,0.79
2018-10,0.81
2018-11,0.82
2018-11,0.89
2018-11,0.84
2018-11,0.87
2018-11,0.85
2018-11,0.89
2018-11,0.83
2018-11,
2018-11,0.76
2018-11,0.74
2018-11,0.74
2018-11,0.72
2018-11,0.68
2018-11,0.67
2018-11,0.65
2018-11,
2018-11,0.64
2018-11,0.66
2018-11,0.65
2018-11,0.66
2018-11,0.66
2018-11,0.64
2018-12,0.6
2018-12,0.49
2018-12,
2018-12,0.46
2018-12,0.45
2018-12,0.44
2018-12,0.48
2018-12,0.48
2018-12,0.48
2018-12,0.47
2018-12,0.46
2018-12,0.43
2018-12,0.37
2018-12,0.4
2018-12,0.4
2018-12,0.29
2018-12,
2018-12,0.37
2018-12,0.36
2018-12,0.32
2018-12,0.24
2019-01,
2019-01,0.24
2019-01,0.15
2019-01,0.25
2019-01,0.25
2019-01,0.27
2019-01,0.29
2019-01,0.31
2019-01,0.28
2019-01,0.26
2019-01,0.27
2019-01,0.3
2019-01,0.33
2019-01,0.38
2019-01,
2019-01,0.31
2019-01,0.35
2019-01,0.35
2019-01,0.37
2019-01,0.33
2019-01,0.3
2019-01,0.28
2019-01,0.22
2019-02,0.3
2019-02,0.31
2019-02,0.29
2019-02,0.28
2019-02,0.23
2019-02,0.2
2019-02,0.2
2019-02,0.25
2019-02,0.27
2019-02,0.23
2019-02,0.23
2019-02,
2019-02,0.2
2019-02,0.2
2019-02,0.24
2019-02,0.19
2019-02,0.2
2019-02,0.19
2019-02,0.24
2019-02,0.28
2019-03,0.32
2019-03,0.26
2019-03,0.26
2019-03,0.22
2019-03,0.19
2019-03,0.16
2019-03,0.18
2019-03,0.15
2019-03,0.16
2019-03,0.18
2019-03,0.14
2019-03,0.16
2019-03,0.15
2019-03,0.06
2019-03,0.05
2019-03,-0.02
2019-03,-0.03
2019-03,-0.05
2019-03,-0.05
2019-03,-0.04
2019-03,0.01
2019-04,0.06
2019-04,0.06
2019-04,0.08
2019-04,0.07
2019-04,0.06
2019-04,0.09
2019-04,0.09
2019-04,0.05
2019-04,0.08
2019-04,0.12
2019-04,0.12
2019-04,0.17
2019-04,0.15
2019-04,0.15
2019-04,
2019-04,0.15
2019-04,0.12
2019-04,0.09
2019-04,0.11
2019-04,0.09
2019-04,0.1
2019-04,0.08
2019-05,0.09
2019-05,0.08
2019-05,0.11
2019-05,0.07
2019-05,0.02
2019-05,0.06
2019-05,0.02
2019-05,0.04
2019-05,-0.01
2019-05,0.01
2019-05,-0.05
2019-05,0.0
2019-05,0.0
2019-05,0.02
2019-05,0.04
2019-05,0.01
2019-05,-0.06
2019-05,-0.03
2019-05,
2019-05,-0.11
2019-05,-0.12
2019-05,-0.16
2019-05,-0.21
2019-06,-0.28
2019-06,-0.23
2019-06,-0.23
2019-06,-0.21
2019-06,-0.19
2019-06,-0.14
2019-06,-0.12
2019-06,-0.11
2019-06,-0.09
2019-06,-0.11
2019-06,-0.14
2019-06,-0.16
2019-06,-0.15
2019-06,-0.13
2019-06,-0.04
2019-06,-0.11
2019-06,-0.12
2019-06,-0.1
2019-06,-0.13
2019-06,-0.12
2019-07,-0.18
2019-07,-0.22
2019-07,-0.25
2019-07,
2019-07,-0.19
2019-07,-0.21
2019-07,-0.19
2019-07,-0.13
2019-07,-0.04
2019-07,-0.02
2019-07,-0.07
2019-07,-0.02
2019-07,-0.08
2019-07,-0.01
2019-07,-0.01
2019-07,-0.04
2019-07,0.02
2019-07,-0.05
2019-07,-0.02
2019-07,-0.04
2019-07,-0.06
2019-07,-0.02
2019-07,-0.06
2019-08,-0.17
2019-08,-0.2
2019-08,-0.3
2019-08,-0.32
2019-08,-0.31
2019-08,-0.3
2019-08,-0.26
2019-08,-0.35
2019-08,-0.32
2019-08,-0.37
2019-08,-0.39
2019-08,-0.32
2019-08,-0.34
2019-08,-0.39
2019-08,-0.38
2019-08,-0.38
2019-08,-0.45
2019-08,-0.47
2019-08,-0.49
2019-08,-0.52
2019-08,-0.49
2019-08,-0.49
2019-09,
2019-09,-0.51
2019-09,-0.5
2019-09,-0.4
2019-09,-0.41
2019-09,-0.33
2019-09,-0.23
2019-09,-0.21
2019-09,-0.16
2019-09,-0.06
2019-09,-0.15
2019-09,-0.18
2019-09,-0.15
2019-09,-0.14
2019-09,-0.17
2019-09,-0.22
2019-09,-0.28
2019-09,-0.16
2019-09,-0.13
2019-09,-0.11
2019-09,-0.2
2019-10,-0.17
2019-10,-0.19
2019-10,-0.16
2019-10,-0.19
2019-10,-0.19
2019-10,-0.18
2019-10,-0.1
2019-10,-0.01
2019-10,0.08
2019-10,
2019-10,0.1
2019-10,0.09
2019-10,0.1
2019-10,0.1
2019-10,0.13
2019-10,0.13
2019-10,0.12
2019-10,0.1
2019-10,0.14
2019-10,0.2
2019-10,0.21
2019-10,0.16
2019-10,0.15
2019-11,0.21
2019-11,0.26
2019-11,0.3
2019-11,0.25
2019-11,0.36
2019-11,0.39
2019-11,
2019-11,0.33
2019-11,0.31
2019-11,0.25
2019-11,0.27
2019-11,0.24
2019-11,0.22
2019-11,0.16
2019-11,0.19
2019-11,0.19
2019-11,0.15
2019-11,0.14
2019-11,0.15
2019-11,
2019-11,0.19
2019-12,0.23
2019-12,0.15
2019-12,0.22
2019-12,0.26
2019-12,0.31
2019-12,0.29
2019-12,0.29
2019-12,0.22
2019-12,0.34
2019-12,0.25
2019-12,0.32
2019-12,0.33
2019-12,0.36
2019-12,0.35
2019-12,0.34
2019-12,0.34
2019-12,0.32
2019-12,
2019-12,0.32
2019-12,0.31
2019-12,0.33
2019-12,0.37
2020-01,
2020-01,0.34
2020-01,0.28
2020-01,0.25
2020-01,0.29
2020-01,0.33
2020-01,0.31
2020-01,0.29
2020-01,0.28
2020-01,0.25
2020-01,0.22
2020-01,0.26
2020-01,0.28
2020-01,
2020-01,0.22
2020-01,0.22
2020-01,0.19
2020-01,0.16
2020-01,0.06
2020-01,0.08
2020-01,0.04
2020-01,0.0
2020-01,-0.04
2020-02,-0.03
2020-02,0.04
2020-02,0.09
2020-02,0.08
2020-02,0.03
2020-02,-0.02
2020-02,0.02
2020-02,0.04
2020-02,0.02
2020-02,0.01
2020-02,
2020-02,-0.03
2020-02,-0.02
2020-02,-0.06
2020-02,-0.1
2020-02,-0.15
2020-02,-0.2
2020-02,-0.2
2020-02,-0.15
2020-02,-0.14
2020-03,-0.03
2020-03,0.07
2020-03,0.3
2020-03,0.3
2020-03,0.29
2020-03,0.21
2020-03,0.32
2020-03,0.4
2020-03,0.55
2020-03,0.66
2020-03,0.49
2020-03,0.83
2020-03,1.16
2020-03,1.08
2020-03,0.87
2020-03,0.74
2020-03,0.83
2020-03,0.88
2020-03,0.83
2020-03,0.69
2020-03,0.58
2020-03,0.59
2020-04,0.53
2020-04,0.54
2020-04,0.52
2020-04,0.52
2020-04,0.61
2020-04,0.55
2020-04,0.48
2020-04,
2020-04,0.5
2020-04,0.56
2020-04,0.49
2020-04,0.47
2020-04,0.53
2020-04,0.51
2020-04,0.47
2020-04,0.51
2020-04,0.5
2020-04,0.48
2020-04,0.55
2020-04,0.51
2020-04,0.53
2020-04,0.55
2020-05,0.52
2020-05,0.51
2020-05,0.53
2020-05,0.6
2020-05,0.52
2020-05,0.57
2020-05,0.61
2020-05,0.56
2020-05,0.51
2020-05,0.51
2020-05,0.52
2020-05,0.6
2020-05,0.57
2020-05,0.56
2020-05,0.56
2020-05,0.54
2020-05,
2020-05,0.55
2020-05,0.53
2020-05,0.55
2020-05,0.51
2020-06,0.52
2020-06,0.53
2020-06,0.61
2020-06,0.67
2020-06,0.76
2020-06,0.71
2020-06,0.65
2020-06,0.58
2020-06,0.49
2020-06,0.55
2020-06,0.53
2020-06,0.58
2020-06,0.57
2020-06,0.55
2020-06,0.55
2020-06,0.55
2020-06,0.56
2020-06,0.54
2020-06,0.52
2020-06,0.5
2020-06,0.5
2020-06,0.5
2020-07,0.55
2020-07,0.54
2020-07,
2020-07,0.54
2020-07,0.5
2020-07,0.52
2020-07,0.49
2020-07,0.52
2020-07,0.5
2020-07,0.48
2020-07,0.48
2020-07,0.51
2020-07,0.53
2020-07,0.49
2020-07,0.48
2020-07,0.47
2020-07,0.47
2020-07,0.48
2020-07,0.51
2020-07,0.48
2020-07,0.47
2020-07,0.46
2020-07,0.46
2020-08,0.46
2020-08,0.43
2020-08,0.45
2020-08,0.45
2020-08,0.47
2020-08,0.48
2020-08,0.53
2020-08,0.58
2020-08,0.61
2020-08,0.61
2020-08,0.59
2020-08,0.58
2020-08,0.57
2020-08,0.54
2020-08,0.54
2020-08,0.53
2020-08,0.58
2020-08,0.58
2020-08,0.63
2020-08,0.64
2020-08,0.61
2020-09,0.56
2020-09,0.54
2020-09,0.52
2020-09,0.61
2020-09,
2020-09,0.56
2020-09,0.59
2020-09,0.56
2020-09,0.56
2020-09,0.57
2020-09,0.57
2020-09,0.57
2020-09,0.6
2020-09,0.6
2020-09,0.58
2020-09,0.58
2020-09,0.57
2020-09,0.57
2020-09,0.56
2020-09,0.56
2020-09,0.57
2020-09,0.59
2020-10,0.59
2020-10,0.61
2020-10,0.68
2020-10,0.66
2020-10,0.71
2020-10,0.69
2020-10,0.69
2020-10,
2020-10,0.63
2020-10,0.61
2020-10,0.63
2020-10,0.65
2020-10,0.67
2020-10,0.71
2020-10,0.73
2020-10,0.78
2020-10,0.75
2020-10,0.7
2020-10,0.69
2020-10,0.69
2020-10,0.76
2020-10,0.79
2020-11,0.78
2020-11,0.8
2020-11,0.68
2020-11,0.69
2020-11,0.73
2020-11,0.85
2020-11,0.88
2020-11,
2020-11,0.78
2020-11,0.8
2020-11,0.82
2020-11,0.78
2020-11,0.79
2020-11,0.79
2020-11,0.76
2020-11,0.78
2020-11,0.79
2020-11,0.79
2020-11,
2020-11,0.75
2020-11,0.76
2020-12,0.83
2020-12,0.86
2020-12,0.84
2020-12,0.88
2020-12,0.86
2020-12,0.83
2020-12,0.87
2020-12,0.84
2020-12,0.82
2020-12,0.81
2020-12,0.84
2020-12,0.83
2020-12,0.86
2020-12,0.87
2020-12,0.86
2020-12,0.84
2020-12,0.87
2020-12,0.85
2020-12,
2020-12,0.83
2020-12,0.84
2020-12,0.85
2020-12,0.84
2021-01,
2021-01,0.84
2021-01,0.87
2021-01,0.95
2021-01,0.99
2021-01,1.05
2021-01,1.07
2021-01,1.06
2021-01,1.01
2021-01,1.06
2021-01,1.02
2021-01,
2021-01,1.01
2021-01,1.02
2021-01,1.03
2021-01,1.02
2021-01,0.96
2021-01,0.98
2021-01,0.96
2021-01,1.0
2021-01,1.05
2021-02,1.02
2021-02,1.05
2021-02,1.11
2021-02,1.11
2021-02,1.16
2021-02,1.14
2021-02,1.14
2021-02,1.1
2021-02,1.11
2021-02,1.16
2021-02,
2021-02,1.26
2021-02,1.25
2021-02,1.26
2021-02,1.3
2021-02,1.34
2021-02,1.33
2021-02,1.35
2021-02,1.5
2021-02,1.4
2021-03,1.4
2021-03,1.38
2021-03,1.42
2021-03,1.5
2021-03,1.52
2021-03,1.54
2021-03,1.5
2021-03,1.49
2021-03,1.5
2021-03,1.6
2021-03,1.58
2021-03,1.6
2021-03,1.61
2021-03,1.7
2021-03,1.73
2021-03,1.66
2021-03,1.62
2021-03,1.6
2021-03,1.61
2021-03,1.65
2021-03,1.7
2021-03,1.71
2021-03,1.71
2021-04,1.67
2021-04,1.7
2021-04,1.7
2021-04,1.65
2021-04,1.66
2021-04,1.63
2021-04,1.65
2021-04,1.67
2021-04,1.61
2021-04,1.62
2021-04,1.54
2021-04,1.57
2021-04,1.59
2021-04,1.55
2021-04,1.54
2021-04,1.54
2021-04,1.55
2021-04,1.55
2021-04,1.62
2021-04,1.62
2021-04,1.64
2021-04,1.64
2021-05,1.59
2021-05,1.59
2021-05,1.57
2021-05,1.56
2021-05,1.58
2021-05,1.61
2021-05,1.63
2021-05,1.67
2021-05,1.64
2021-05,1.62
2021-05,1.62
2021-05,1.62
2021-05,1.67
2021-05,1.62
2021-05,1.62
2021-05,1.59
2021-05,1.54
2021-05,1.56
2021-05,1.59
2021-05,1.57
2021-05,
2021-06,1.6
2021-06,1.57
2021-06,1.61
2021-06,1.54
2021-06,1.55
2021-06,1.51
2021-06,1.47
2021-06,1.42
2021-06,1.44
2021-06,1.48
2021-06,1.48
2021-06,1.53
2021-06,1.48
2021-06,1.4
2021-06,1.45
2021-06,1.44
2021-06,1.45
2021-06,1.44
2021-06,1.48
2021-06,1.44
2021-06,1.45
2021-06,1.4
2021-07,1.43
2021-07,1.39
2021-07,
2021-07,1.32
2021-07,1.28
2021-07,1.24
2021-07,1.31
2021-07,1.33
2021-07,1.37
2021-07,1.31
2021-07,1.26
2021-07,1.26
2021-07,1.14
2021-07,1.18
2021-07,1.25
2021-07,1.22
2021-07,1.25
2021-07,1.24
2021-07,1.2
2021-07,1.21
2021-07,1.22
2021-07,1.18
2021-08,1.15
2021-08,1.14
2021-08,1.14
2021-08,1.18
2021-08,1.25
2021-08,1.27
2021-08,1.31
2021-08,1.3
2021-08,1.3
2021-08,1.23
2021-08,1.2
2021-08,1.19
2021-08,1.2
2021-08,1.18
2021-08,1.21
2021-08,1.2
2021-08,1.24
2021-08,1.29
2021-08,1.29
2021-08,1.26
2021-08,1.24
2021-08,1.26
2021-09,1.26
2021-09,1.24
2021-09,1.28
2021-09,
2021-09,1.33
2021-09,1.3
2021-09,1.26
2021-09,1.3
2021-09,1.27
2021-09,1.24
2021-09,1.27
2021-09,1.3
2021-09,1.33
2021-09,1.27
2021-09,1.3
2021-09,1.29
2021-09,1.38
2021-09,1.44
2021-09,1.44
2021-09,1.5
2021-09,1.51
2021-09,1.48
2021-10,1.44
2021-10,1.45
2021-10,1.5
2021-10,1.49
2021-10,1.53
2021-10,1.56
2021-10,
2021-10,1.53
2021-10,1.51
2021-10,1.47
2021-10,1.54
2021-10,1.53
2021-10,1.6
2021-10,1.6
2021-10,1.62
2021-10,1.6
2021-10,1.58
2021-10,1.57
2021-10,1.48
2021-10,1.51
2021-10,1.5
2021-11,1.53
2021-11,1.51
2021-11,1.55
2021-11,1.49
2021-11,1.4
2021-11,1.45
2021-11,1.42
2021-11,1.51
2021-11,
2021-11,1.53
2021-11,1.58
2021-11,1.58
2021-11,1.55
2021-11,1.54
2021-11,1.49
2021-11,1.58
2021-11,1.61
2021-11,1.58
2021-11,
2021-11,1.42
2021-11,1.46
2021-11,1.38
2021-12,1.37
2021-12,1.39
2021-12,1.29
2021-12,1.38
2021-12,1.42
2021-12,1.45
2021-12,1.43
2021-12,1.42
2021-12,1.37
2021-12,1.39
2021-12,1.42
2021-12,1.39
2021-12,1.36
2021-12,1.36
2021-12,1.41
2021-12,1.38
2021-12,1.43
2021-12,
2021-12,1.42
2021-12,1.43
2021-12,1.5
2021-12,1.47
2021-12,1.46
2022-01,1.55
2022-01,1.58
2022-01,1.62
2022-01,1.63
2022-01,1.66
2022-01,1.65
2022-01,1.64
2022-01,1.62
2022-01,1.58
2022-01,1.65
2022-01,
2022-01,1.71
2022-01,1.66
2022-01,1.66
2022-01,1.58
2022-01,1.56
2022-01,1.59
2022-01,1.66
2022-01,1.61
2022-01,1.59
2022-01,1.57
2022-02,1.62
2022-02,1.59
2022-02,1.62
2022-02,1.7
2022-02,1.65
2022-02,1.71
2022-02,1.68
2022-02,1.63
2022-02,1.56
2022-02,1.55
2022-02,1.65
2022-02,1.65
2022-02,1.61
2022-02,1.57
2022-02,
2022-02,1.57
2022-02,1.65
2022-02,1.64
2022-02,1.64
2022-02,1.48
2022-03,1.4
2022-03,1.52
2022-03,1.48
2022-03,1.4
2022-03,1.4
2022-03,1.5
2022-03,1.56
2022-03,1.59
2022-03,1.6
2022-03,1.69
2022-03,1.69
2022-03,1.75
2022-03,1.8
2022-03,1.72
2022-03,1.78
2022-03,1.87
2022-03,1.82
2022-03,1.82
2022-03,1.93
2022-03,1.87
2022-03,1.86
2022-03,1.8
2022-03,1.8
2022-04,1.86
2022-04,1.76
2022-04,1.89
2022-04,1.94
2022-04,1.98
2022-04,2.02
2022-04,2.02
2022-04,1.98
2022-04,1.95
2022-04,2.04
2022-04,
2022-04,2.04
2022-04,2.12
2022-04,2.03
2022-04,2.07
2022-04,2.07
2022-04,1.9
2022-04,1.94
2022-04,2.0
2022-04,2.03
2022-04,2.04
2022-05,2.09
2022-05,2.06
2022-05,2.04
2022-05,2.2
2022-05,2.27
2022-05,2.13
2022-05,2.1
2022-05,2.0
2022-05,1.88
2022-05,1.9
2022-05,1.81
2022-05,1.92
2022-05,1.86
2022-05,1.79
2022-05,1.75
2022-05,1.79
2022-05,1.7
2022-05,1.69
2022-05,1.68
2022-05,1.66
2022-05,
2022-05,1.69
2022-06,1.79
2022-06,1.75
2022-06,1.75
2022-06,1.78
2022-06,1.72
2022-06,1.75
2022-06,1.74
2022-06,1.76
2022-06,1.7
2022-06,1.66
2022-06,1.59
2022-06,1.69
2022-06,1.62
2022-06,
2022-06,1.61
2022-06,1.55
2022-06,1.44
2022-06,1.4
2022-06,1.41
2022-06,1.41
2022-06,1.32
2022-06,1.26
2022-07,1.15
2022-07,
2022-07,0.92
2022-07,1.03
2022-07,1.06
2022-07,1.11
2022-07,0.81
2022-07,0.74
2022-07,0.52
2022-07,0.56
2022-07,0.56
2022-07,0.46
2022-07,0.49
2022-07,0.53
2022-07,0.43
2022-07,0.28
2022-07,0.19
2022-07,0.26
2022-07,0.34
2022-07,0.26
2022-07,0.26
2022-08,0.04
2022-08,0.19
2022-08,0.21
2022-08,0.18
2022-08,0.25
2022-08,0.12
2022-08,0.13
2022-08,0.13
2022-08,0.25
2022-08,0.21
2022-08,0.07
2022-08,0.12
2022-08,0.21
2022-08,0.17
2022-08,0.24
2022-08,0.21
2022-08,0.25
2022-08,0.29
2022-08,0.15
2022-08,0.15
2022-08,0.15
2022-08,0.14
2022-08,0.19
2022-09,0.29
2022-09,0.26
2022-09,
2022-09,0.29
2022-09,0.2
2022-09,0.23
2022-09,0.25
2022-09,0.2
2022-09,0.14
2022-09,0.17
2022-09,0.23
2022-09,0.25
2022-09,0.12
2022-09,0.22
2022-09,0.2
2022-09,0.41
2022-09,0.45
2022-09,0.49
2022-09,0.62
2022-09,0.32
2022-09,0.4
2022-09,0.5
2022-10,0.21
2022-10,0.17
2022-10,0.3
2022-10,0.37
2022-10,0.44
2022-10,
2022-10,0.26
2022-10,0.21
2022-10,0.18
2022-10,0.19
2022-10,0.05
2022-10,-0.03
2022-10,0.07
2022-10,0.15
2022-10,0.12
2022-10,0.09
2022-10,-0.04
2022-10,-0.07
2022-10,-0.17
2022-10,-0.16
2022-10,-0.12
2022-11,-0.16
2022-11,-0.12
2022-11,-0.11
2022-11,-0.04
2022-11,-0.07
2022-11,-0.14
2022-11,-0.17
2022-11,-0.46
2022-11,
2022-11,-0.46
2022-11,-0.51
2022-11,-0.65
2022-11,-0.55
2022-11,-0.52
2022-11,-0.58
2022-11,-0.64
2022-11,-0.69
2022-11,
2022-11,-0.73
2022-11,-0.72
2022-11,-0.63
2022-11,-0.69
2022-12,-0.8
2022-12,-0.83
2022-12,-0.76
2022-12,-0.86
2022-12,-0.87
2022-12,-0.8
2022-12,-0.74
2022-12,-0.77
2022-12,-0.84
2022-12,-0.84
2022-12,-0.9
2022-12,-0.83
2022-12,-0.8
2022-12,-0.66
2022-12,-0.65
2022-12,-0.68
2022-12,-0.59
2022-12,
2022-12,-0.62
2022-12,-0.58
2022-12,-0.62
2022-12,-0.54
2023-01,
2023-01,-0.74
2023-01,-0.86
2023-01,-0.95
2023-01,-1.12
2023-01,-1.17
2023-01,-1.12
2023-01,-1.18
2023-01,-1.23
2023-01,-1.18
2023-01,
2023-01,-1.18
2023-01,-1.32
2023-01,-1.32
2023-01,-1.24
2023-01,-1.21
2023-01,-1.26
2023-01,-1.26
2023-01,-1.22
2023-01,-1.21
2023-01,-1.17
2023-01,-1.18
2023-02,-1.27
2023-02,-1.26
2023-02,-1.17
2023-02,-1.08
2023-02,-1.04
2023-02,-1.09
2023-02,-1.1
2023-02,-1.05
2023-02,-1.09
2023-02,-1.03
2023-02,-0.98
2023-02,-0.98
2023-02,-1.02
2023-02,
2023-02,-0.91
2023-02,-0.91
2023-02,-0.96
2023-02,-0.91
2023-02,-0.97
2023-02,-0.96
2023-03,-0.89
2023-03,-0.83
2023-03,-0.94
2023-03,-0.95
2023-03,-1.07
2023-03,-1.08
2023-03,-1.12
2023-03,-1.31
2023-03,-1.32
2023-03,-1.24
2023-03,-1.24
2023-03,-1.18
2023-03,-1.13
2023-03,-1.34
2023-03,-1.19
2023-03,-1.31
2023-03,-1.35
2023-03,-1.36
2023-03,-1.38
2023-03,-1.25
2023-03,-1.23
2023-03,-1.42
2023-03,-1.37
2023-04,-1.47
2023-04,-1.53
2023-04,-1.56
2023-04,-1.61
2023-04,-1.56
2023-04,-1.67
2023-04,-1.61
2023-04,-1.61
2023-04,-1.65
2023-04,-1.62
2023-04,-1.61
2023-04,-1.62
2023-04,-1.56
2023-04,-1.58
2023-04,-1.57
2023-04,-1.68
2023-04,-1.72
2023-04,-1.73
2023-04,-1.65
2023-04,-1.66
2023-05,-1.68
2023-05,-1.8
2023-05,-1.88
2023-05,-1.89
2023-05,-1.82
2023-05,-1.79
2023-05,-1.76
2023-05,-1.81
2023-05,-1.81
2023-05,-1.79
2023-05,-1.71
2023-05,-1.69
2023-05,-1.69
2023-05,-1.66
2023-05,-1.59
2023-05,-1.68
2023-05,-1.64
2023-05,-1.64
2023-05,-1.55
2023-05,-1.54
2023-05,
2023-05,-1.86
2023-05,-1.88
2023-06,-1.89
2023-06,-1.81
2023-06,-1.77
2023-06,-1.74
2023-06,-1.63
2023-06,-1.65
2023-06,-1.62
2023-06,-1.67
2023-06,-1.52
2023-06,-1.53
2023-06,-1.61
2023-06,-1.57
2023-06,
2023-06,-1.65
2023-06,-1.68
2023-06,-1.6
2023-06,-1.67
2023-06,-1.78
2023-06,-1.67
2023-06,-1.73
2023-06,-1.61
2023-06,-1.62
2023-07,-1.58
2023-07,
2023-07,-1.49
2023-07,-1.41
2023-07,-1.4
2023-07,-1.47
2023-07,-1.5
2023-07,-1.61
2023-07,-1.71
2023-07,-1.66
2023-07,-1.68
2023-07,-1.69
2023-07,-1.74
2023-07,-1.64
2023-07,-1.66
2023-07,-1.65
2023-07,-1.6
2023-07,-1.65
2023-07,-1.5
2023-07,-1.56
2023-07,-1.58
2023-08,-1.49
2023-08,-1.45
2023-08,-1.34
2023-08,-1.49
2023-08,-1.47
2023-08,-1.55
2023-08,-1.55
2023-08,-1.45
2023-08,-1.38
2023-08,-1.37
2023-08,-1.35
2023-08,-1.28
2023-08,-1.26
2023-08,-1.29
2023-08,-1.23
2023-08,-1.23
2023-08,-1.38
2023-08,-1.35
2023-08,-1.36
2023-08,-1.38
2023-08,-1.44
2023-08,-1.44
2023-08,-1.47
2023-09,-1.35
2023-09,
2023-09,-1.28
2023-09,-1.25
2023-09,-1.26
2023-09,-1.29
2023-09,-1.26
2023-09,-1.29
2023-09,-1.3
2023-09,-1.26
2023-09,-1.23
2023-09,-1.23
2023-09,-1.17
2023-09,-1.21
2023-09,-1.08
2023-09,-1.12
2023-09,-1.03
2023-09,-1.02
2023-09,-0.97
2023-09,-0.97
2023-09,-0.96
2023-10,-0.93
2023-10,-0.81
2023-10,-0.88
2023-10,-0.89
2023-10,-0.85
2023-10,
2023-10,-0.95
2023-10,-1.03
2023-10,-0.93
2023-10,-0.99
2023-10,-0.9
2023-10,-0.79
2023-10,-0.7
2023-10,-0.62
2023-10,-0.65
2023-10,-0.72
2023-10,-0.75
2023-10,-0.64
2023-10,-0.73
2023-10,-0.75
2023-10,-0.72
2023-10,-0.71
2023-11,-0.8
2023-11,-0.87
2023-11,-0.96
2023-11,-0.89
2023-11,-0.97
2023-11,-1.05
2023-11,-0.92
2023-11,-0.92
2023-11,-0.92
2023-11,-1.08
2023-11,-1.0
2023-11,-1.06
2023-11,-1.06
2023-11,-1.12
2023-11,-1.12
2023-11,-1.12
2023-11,
2023-11,-1.07
2023-11,-1.1
2023-11,-1.13
2023-11,-1.18
2023-11,-1.08
2023-12,-1.21
2023-12,-1.18
2023-12,-1.27
2023-12,-1.33
2023-12,-1.3
2023-12,-1.21
2023-12,-1.24
2023-12,-1.26
2023-12,-1.4
2023-12,-1.51
2023-12,-1.53
2023-12,-1.51
2023-12,-1.5
2023-12,-1.58
2023-12,-1.53
2023-12,-1.54
2023-12,
2023-12,-1.56
2023-12,-1.65
2023-12,-1.61
2023-12,-1.52
2024-01,
2024-01,-1.51
2024-01,-1.57
2024-01,-1.49
2024-01,-1.42
2024-01,-1.48
2024-01,-1.45
2024-01,-1.42
2024-01,-1.48
2024-01,-1.49
2024-01,
2024-01,-1.38
2024-01,-1.37
2024-01,-1.31
2024-01,-1.3
2024-01,-1.35
2024-01,-1.31
2024-01,-1.26
2024-01,-1.3
2024-01,-1.29
2024-01,-1.34
2024-01,-1.36
2024-01,-1.43
2024-02,-1.55
2024-02,-1.4
2024-02,-1.25
2024-02,-1.35
2024-02,-1.34
2024-02,-1.29
2024-02,-1.27
2024-02,-1.26
2024-02,-1.14
2024-02,-1.16
2024-02,-1.19
2024-02,-1.14
2024-02,
2024-02,-1.17
2024-02,-1.12
2024-02,-1.12
2024-02,-1.2
2024-02,-1.19
2024-02,-1.14
2024-02,-1.18
2024-02,-1.2
2024-03,-1.23
2024-03,-1.26
2024-03,-1.34
2024-03,-1.36
2024-03,-1.38
2024-03,-1.37
2024-03,-1.38
2024-03,-1.32
2024-03,-1.29
2024-03,-1.19
2024-03,-1.17
2024-03,-1.14
2024-03,-1.18
2024-03,-1.2
2024-03,-1.21
2024-03,-1.24
2024-03,-1.21
2024-03,-1.22
2024-03,-1.25
2024-03,-1.26
2024-03,
2024-04,-1.11
2024-04,-1.06
2024-04,-1.06
2024-04,-1.1
2024-04,-1.04
2024-04,-1.01
2024-04,-1.07
2024-04,-0.9
2024-04,-0.89
2024-04,-0.95
2024-04,-0.82
2024-04,-0.78
2024-04,-0.86
2024-04,-0.82
2024-04,-0.83
2024-04,-0.8
2024-04,-0.84
2024-04,-0.81
2024-04,-0.77
2024-04,-0.79
2024-04,-0.82
2024-04,-0.77
2024-05,-0.83
2024-05,-0.88
2024-05,-0.95
2024-05,-0.96
2024-05,-0.98
2024-05,-0.97
2024-05,-1.01
2024-05,-0.97
2024-05,-0.97
2024-05,-0.99
2024-05,-1.09
2024-05,-1.07
2024-05,-1.04
2024-05,-1.01
2024-05,-1.04
2024-05,-1.02
2024-05,-0.99
2024-05,-1.0
2024-05,
2024-05,-0.92
2024-05,-0.85
2024-05,-0.91
2024-05,-0.95
2024-06,-1.11
2024-06,-1.19
2024-06,-1.22
2024-06,-1.23
2024-06,-1.09
2024-06,-1.05
2024-06,-1.13
2024-06,-1.2
2024-06,-1.27
2024-06,-1.31
2024-06,-1.24
2024-06,-1.28
2024-06,
2024-06,-1.25
2024-06,-1.24
2024-06,-1.25
2024-06,-1.26
2024-06,-1.18
2024-06,-1.2
2024-06,-1.12
2024-07,-0.99
2024-07,-1.04
2024-07,-1.11
2024-07,
2024-07,-1.18
2024-07,-1.18
2024-07,-1.16
2024-07,-1.18
2024-07,-1.24
2024-07,-1.25
2024-07,-1.2
2024-07,-1.26
2024-07,-1.27
2024-07,-1.23
2024-07,-1.18
2024-07,-1.17
2024-07,-1.16
2024-07,-1.12
2024-07,-1.12
2024-07,-1.18
2024-07,-1.24
2024-07,-1.25
2024-07,-1.32
2024-08,-1.38
2024-08,-1.49
2024-08,-1.57
2024-08,-1.44
2024-08,-1.38
2024-08,-1.35
2024-08,-1.39
2024-08,-1.43
2024-08,-1.47
2024-08,-1.49
2024-08,-1.42
2024-08,-1.44
2024-08,-1.45
2024-08,-1.47
2024-08,-1.47
2024-08,-1.42
2024-08,-1.44
2024-08,-1.42
2024-08,-1.4
2024-08,-1.37
2024-08,-1.35
2024-08,-1.3
2024-09,
2024-09,-1.35
2024-09,-1.41
2024-09,-1.42
2024-09,-1.41
2024-09,-1.41
2024-09,-1.41
2024-09,-1.45
2024-09,-1.38
2024-09,-1.31
2024-09,-1.33
2024-09,-1.3
2024-09,-1.14
2024-09,-1.07
2024-09,-1.02
2024-09,-0.97
2024-09,-0.95
2024-09,-0.9
2024-09,-0.89
2024-09,-0.93
2024-09,-0.92
2024-10,-0.97
2024-10,-0.9
2024-10,-0.83
2024-10,-0.75
2024-10,-0.74
2024-10,-0.71
2024-10,-0.69
2024-10,-0.66
2024-10,-0.65
2024-10,
2024-10,-0.7
2024-10,-0.7
2024-10,-0.65
2024-10,-0.65
2024-10,-0.54
2024-10,-0.52
2024-10,-0.49
2024-10,-0.49
2024-10,-0.48
2024-10,-0.42
2024-10,-0.42
2024-10,-0.38
2024-10,-0.36
2024-11,-0.24
2024-11,-0.34
2024-11,-0.38
2024-11,-0.22
2024-11,-0.32
2024-11,-0.33
2024-11,
2024-11,-0.2
2024-11,-0.16
2024-11,-0.18
2024-11,-0.17
2024-11,-0.21
2024-11,-0.23
2024-11,-0.21
2024-11,-0.2
2024-11,-0.22
2024-11,-0.35
2024-11,-0.31
2024-11,-0.35
2024-11,
2024-11,-0.4
2024-12,-0.32
2024-12,-0.26
2024-12,-0.28
2024-12,-0.29
2024-12,-0.27
2024-12,-0.22
2024-12,-0.19
2024-12,-0.12
2024-12,-0.03
2024-12,0.06
2024-12,0.02
2024-12,0.02
2024-12,0.14
2024-12,0.22
2024-12,0.18
2024-12,0.23
2024-12,0.19
2024-12,
2024-12,0.23
2024-12,0.31
2024-12,0.18
2024-12,0.21
2025-01,
2025-01,0.21
2025-01,0.26
2025-01,0.27
2025-01,0.32
2025-01,0.32
2025-01,0.33
2025-01,0.41
2025-01,0.42
2025-01,0.42
2025-01,0.31
2025-01,0.27
2025-01,0.27
2025-01,
2025-01,0.21
2025-01,0.24
2025-01,0.29
2025-01,0.28
2025-01,0.21
2025-01,0.24
2025-01,0.24
2025-01,0.22
2025-01,0.27
2025-02,0.2
2025-02,0.19
2025-02,0.1
2025-02,0.11
2025-02,0.14
2025-02,0.16
2025-02,0.19
2025-02,0.27
2025-02,0.18
2025-02,0.13
2025-02,
2025-02,0.21
2025-02,0.19
2025-02,0.17
2025-02,0.1
2025-02,0.09
2025-02,0.0
2025-02,-0.06
2025-02,-0.03
2025-02,-0.08
2025-03,-0.19
2025-03,-0.12
2025-03,-0.07
2025-03,-0.05
2025-03,-0.02
2025-03,-0.11
2025-03,-0.06
2025-03,-0.03
2025-03,-0.07
2025-03,-0.02
2025-03,-0.03
2025-03,-0.05
2025-03,-0.08
2025-03,-0.09
2025-03,-0.08
2025-03,0.01
2025-03,-0.02
2025-03,0.02
2025-03,0.05
2025-03,-0.06
2025-03,-0.09
2025-04,-0.15
2025-04,-0.12
2025-04,-0.25
2025-04,-0.27
2025-04,-0.14
2025-04,-0.05
2025-04,-0.01
2025-04,0.06
2025-04,0.14
2025-04,0.05
2025-04,0.02
2025-04,-0.04
2025-04,0.0
2025-04,
2025-04,0.08
2025-04,0.08
2025-04,0.07
2025-04,0.0
2025-04,-0.03
2025-04,-0.09
2025-04,-0.12
2025-04,-0.14
2025-05,-0.06
2025-05,0.0
2025-05,0.03
2025-05,-0.03
2025-05,-0.08
2025-05,0.03
2025-05,0.03
2025-05,0.03
2025-05,0.08
2025-05,0.12
2025-05,0.07
2025-05,0.06
2025-05,0.07
2025-05,0.1
2025-05,0.22
2025-05,0.17
2025-05,0.15
2025-05,
2025-05,0.08
2025-05,0.12
