Date,GPR,GEPU_current, New Orders,UMich Sentiment,Unemployment Rate,Citi Suprise,MOVE,VIX,VXN NASDAQ,2-10 Spread,Term Spread,High Yield Spread,BKK Leading Index,National Activity Index,Equity Vol Measure,St Louis Stress Index
2005-01-01,-8.928389663946215,-12.36206907641122,0,-1.5999999999999943,-0.1000000000000005,-17.2,79.29,12.82,18.43,0.85,1.63,3.29,-1.1212277967843771,0.38,0.26127,-0.747075
2005-02-01,7.423865650701917,-6.421031399120143,0.7706609406096155,-1.4000000000000057,0.1000000000000005,-20.0,90.05,12.08,18.07,0.77,1.6,2.83,-1.0531867123371894,0.45,0.1106,-0.920875
2005-03-01,-20.53686819124912,-0.4735020448544824,-1.9319777280710653,-1.5,-0.2000000000000001,-7.8,87.7,14.02,17.65,0.7,1.71,3.52,-1.0585830032845052,-0.15,0.28851,-0.86265
2005-04-01,-3.881407609425053,21.296418157731697,2.8039953301336102,-4.899999999999992,0.0,6.3,82.53,15.31,18.54,0.55,1.31,4.15,-1.0118348064278213,0.5,0.51126,-0.70762
2005-05-01,11.3776808856894,0.932108627403745,2.6434900332393743,-0.7999999999999972,-0.1000000000000005,17.2,75.0,13.29,16.08,0.4,1.01,4.13,-0.8876139077669765,0.08,0.46083,-0.682725
2005-06-01,-21.05652805411633,0.9183071085711352,1.1460502464382556,9.099999999999994,-0.0999999999999996,-7.0,75.6,12.04,14.46,0.28,0.81,3.85,-0.808873523280914,0.44,0.36583,-0.7267
2005-07-01,51.10119541435917,-13.97937735934349,-3.5996792467472,0.5,0.0,25.0,74.8,11.57,13.87,0.26,0.86,3.25,-0.955821198701783,0.07,0.2365,-0.85006
2005-08-01,-42.73875503210147,0.1169563097847582,3.662466015594824,-7.400000000000006,-0.0999999999999996,7.4,72.22,12.6,14.71,0.18,0.5,3.66,-1.1524075199304744,0.17,0.34252,-0.867325
2005-09-01,-11.964432888994317,33.81055860121316,0.7093830569535375,-12.199999999999989,0.0999999999999996,2.3,76.71,11.92,13.31,0.16,0.79,3.54,-1.2317628012291575,-0.85,0.28744,-0.80108
2005-10-01,-19.234416066504924,-43.60424258016806,1.3023612471213983,-2.700000000000003,0.0,8.4,80.08,15.32,17.99,0.17,0.59,3.61,-0.936884108022494,0.91,0.27243,-0.757275
2005-11-01,-4.290524235135332,4.016106406741928,2.846832397754611,7.399999999999991,0.0,73.5,73.99,12.06,15.31,0.07,0.54,3.67,-0.7231561690872672,0.9,0.10356,-0.820025
2005-12-01,12.449002812346672,-11.13814306030858,0.3534437717060577,9.900000000000006,-0.0999999999999996,43.4,72.09,12.07,14.26,-0.02,0.31,3.65,-0.5843040445315971,0.42,0.2798,-0.7098
2006-01-01,-0.8890410480078766,11.764121546135236,-1.721160875755127,-0.2999999999999971,-0.2000000000000001,-20.3,75.65,12.95,18.58,-0.01,0.06,3.42,-0.5362958093599917,0.65,0.39768,-0.924425
2006-02-01,1.4064265290813622,-18.04372461017817,1.2468117243049917,-4.5,0.0999999999999996,-55.4,56.86,12.34,15.99,-0.14,-0.07,3.37,-0.6115241904873627,0.17,0.05057,-1.038875
2006-03-01,-3.298112251986941,0.245660427621887,2.1797763771991163,2.200000000000003,-0.0999999999999996,-25.9,68.6,11.39,16.31,0.04,0.23,3.13,-0.6733913168452643,0.37,0.13958,-1.03836
2006-04-01,-4.248484184115523,19.96950197594232,-2.8263959390862943,-1.5,0.0,37.2,63.0,11.59,15.51,0.2,0.3,3.0,-0.7930361946317619,0.03,0.24338,-1.03435
2006-05-01,-4.467875454907269,-15.499458036387656,1.1445857105074242,-8.300000000000011,-0.1000000000000005,46.6,68.7,16.44,21.46,0.08,0.26,3.12,-0.9131785754631352,-0.21,0.36913,-0.9795
2006-06-01,16.928460570029884,14.095250614927991,0.9283174246677895,5.800000000000011,0.0,43.8,67.2,13.08,17.89,-0.01,0.14,3.35,-0.8258643150288015,0.04,0.11395,-0.83178
2006-07-01,25.20297603231593,-8.020034000873169,-2.540728177349592,-0.2000000000000028,0.1000000000000005,-1.8,63.4,14.95,20.33,0.02,-0.11,3.45,-0.7726794641250232,-0.22,0.17287,-0.8774
2006-08-01,6.762451463351173,-18.6167711910418,0.4561096000324769,-2.700000000000003,0.0,-7.6,59.8,12.31,17.39,-0.05,-0.31,3.49,-0.5889960194868454,0.03,0.33504,-0.96005
2006-09-01,-31.64653567534708,3.23655167290736,3.904987883683361,3.4000000000000057,-0.2000000000000001,-47.9,63.1,11.98,17.68,-0.07,-0.25,3.42,-0.2255892902011482,-0.18,0.34501,-0.89108
2006-10-01,1.2472157352515858,1.2893576212249922,-4.804736915521479,8.199999999999989,-0.0999999999999996,-52.6,60.9,11.1,17.28,-0.1,-0.47,3.29,-0.0812672271054764,-0.33,0.14396,-0.96595
2006-11-01,-27.434863834108604,-4.964513827409308,2.4980595660462748,-1.5,0.0999999999999996,-54.9,62.9,10.91,16.53,-0.16,-0.57,3.2,-0.1790651733489939,-0.23,0.2627,-0.95905
2006-12-01,2.01711302550701,-0.5914234008598744,2.613189493347705,-0.3999999999999915,-0.0999999999999996,21.3,65.9,11.56,16.23,-0.11,-0.31,2.82,-0.3524555552945208,0.89,0.37621,-0.92544
2007-01-01,7.46883262836265,13.239264554231015,-2.334396653462801,5.200000000000003,0.1999999999999993,73.1,61.9,10.42,17.19,-0.11,-0.29,2.72,-0.4683347324192086,-0.69,0.22553,-1.029025
2007-02-01,-1.820420448532396,-19.94234313273361,0.5820032062452081,-5.6000000000000085,-0.0999999999999996,25.5,70.3,15.42,20.53,-0.09,-0.6,2.82,-0.6415574100714908,0.29,0.25404,-1.1076
2007-03-01,-10.113589409619836,14.615677644241805,2.65696877586745,-2.8999999999999915,-0.0999999999999996,-8.8,68.2,14.64,18.24,0.07,-0.39,2.8,-0.8014265398111321,0.23,0.64355,-0.8642800000000002
2007-04-01,-13.996408437512978,-5.738009194472396,0.993739308009924,-1.3000000000000114,0.0999999999999996,-26.8,57.9,14.22,17.26,0.03,-0.28,2.74,-0.8734411239895694,-0.12,0.58589,-1.0101
2007-05-01,17.26379853430932,-6.723313149666324,-0.1581103902074722,1.2000000000000028,-0.0999999999999996,-2.1,57.6,13.05,16.86,-0.02,0.17,2.46,-0.8829925628863039,-0.14,0.27342,-0.952225
2007-06-01,5.483923243109976,0.3819378868179356,0.1451161040804946,-3.0,0.1999999999999993,36.9,75.5,16.23,17.86,0.16,0.21,2.89,-0.883915553000089,-0.31,0.41938,-0.7476
2007-07-01,12.794320417280334,-15.637251449593665,0.8713237905803793,5.1000000000000085,0.1000000000000005,66.5,96.4,23.52,23.55,0.22,-0.18,4.19,-0.8735167988571684,-0.42,0.10333,-0.5837749999999999
2007-08-01,-35.07505908723408,36.507462170718426,0.4715000950070482,-7.0,-0.1000000000000005,59.3,111.0,23.38,24.53,0.39,0.53,4.55,-0.8359643512939109,-0.57,0.93733,0.71216
2007-09-01,11.975660575485604,22.36637452518785,-0.8837958866155633,0.0,0.1000000000000005,-14.0,103.7,18.0,21.01,0.62,0.77,4.16,-0.8032341582174958,-0.17,0.50047,1.1044
2007-10-01,6.882762012894311,-25.01899539422533,2.2387978392136096,-2.5,0.0,-50.3,90.18,18.53,23.11,0.54,0.54,4.36,-0.7455959439971009,-0.73,0.29289,0.6172
2007-11-01,-13.00463080142694,5.580578866452941,1.291217655030006,-4.800000000000011,0.0,-39.9,131.5,22.87,28.65,0.93,0.82,5.75,-0.5792396124412756,-0.06,0.33594,1.33726
2007-12-01,5.4461192815084765,11.41839242667906,3.4001421227824484,-0.5999999999999943,0.2999999999999998,24.6,145.4,22.5,25.9,0.99,0.68,5.92,-0.3087306282692483,-0.58,0.36001,1.726275
2008-01-01,-16.524779905535723,29.29338379708549,-0.5427470773550377,2.9000000000000057,0.0,-20.4,153.7,26.2,31.08,1.5,1.71,6.95,-0.0899536671144616,-0.5,0.47989,1.35625
2008-02-01,-0.9267444022517972,-32.226372993736,-1.0474674592686726,-7.600000000000008,-0.0999999999999996,-64.6,155.2,26.54,28.44,1.88,1.68,7.67,0.1406575580347316,-1.15,0.4632,1.2449
2008-03-01,-4.0127265101429614,13.562760933478746,0.0242703591380012,-1.2999999999999972,0.1999999999999993,-89.9,152.4,25.61,29.04,1.83,2.07,8.21,0.3393369105066547,-1.14,0.23716,2.10475
2008-04-01,-7.970719938561485,-28.44732721798673,0.8493621936520691,-6.899999999999999,-0.0999999999999996,-73.2,119.1,20.79,24.41,1.48,2.34,6.86,0.4599865808838127,-1.28,0.14045,1.778625
2008-05-01,0.921808003517096,-17.777115589862063,-0.0380987469280268,-2.8000000000000043,0.4000000000000003,-11.0,130.2,17.83,20.85,1.4,2.17,6.57,0.5631959618246065,-1.35,0.18976,1.09378
2008-06-01,17.10439090671344,11.818336355435232,1.5059483309622483,-3.3999999999999986,0.1999999999999993,9.3,126.0,23.95,29.76,1.36,2.09,7.35,0.7136146497203921,-1.28,0.0443,1.3704
2008-07-01,2.441672982725809,6.27091157495204,-1.524935894081323,4.800000000000004,0.2000000000000001,23.4,131.7,22.94,26.24,1.47,2.31,8.0,0.9441848200320696,-1.74,0.22541,1.6225
2008-08-01,-1.3386877050708523,-4.768164258019463,-2.973730894166996,1.7999999999999972,0.2999999999999998,72.5,103.0,20.65,24.02,1.47,2.11,8.28,1.3074360778651175,-2.27,0.18307,1.59266
2008-09-01,-0.0130455949575414,46.21210467574137,-2.515550939685556,7.299999999999997,0.0,27.0,208.5,39.39,42.58,1.85,2.93,10.96,1.5655605466871216,-3.47,0.18676,3.0935750000000004
2008-10-01,-38.00317329589337,18.539203058665247,-7.821974435033296,-12.699999999999996,0.4000000000000003,-71.4,207.2,59.89,60.3,2.45,3.55,16.17,1.923855775253922,-1.85,0.36627,8.40354
2008-11-01,18.86822196480353,-43.60730674004542,-8.5283645305676,-2.3000000000000043,0.2999999999999998,-117.6,214.0,55.84,56.05,1.93,2.92,19.78,2.118979146150973,-3.26,0.30058,6.6377
2008-12-01,14.383430333718165,1.663421703282093,-5.812197324140196,4.800000000000004,0.5,-112.6,190.0,40.0,40.79,1.49,2.14,18.12,1.8979686968523448,-3.85,0.17817,6.016675
2009-01-01,-8.196086204733202,0.2787999415571119,-6.383474163098624,1.1000000000000014,0.5,-69.2,162.9,44.84,44.93,1.93,2.63,16.22,1.5440179266682768,-4.34,0.17876,4.119059999999999
2009-02-01,-26.562032548454912,1.0413598352063749,-0.1191898586623925,-4.900000000000006,0.5000000000000009,-54.0,166.6,46.35,45.28,2.02,2.76,17.39,1.1839108071679028,-2.07,0.1925,3.83255
2009-03-01,7.14705058227144,-11.730022260656952,-2.91484595013661,1.0,0.3999999999999986,-11.2,117.3,44.14,44.2,1.9,2.5,17.03,0.8850774077245501,-3.47,0.17958,3.775425
2009-04-01,15.222435602873846,-27.72861433314685,0.3043812360030976,7.799999999999997,0.3000000000000007,31.4,124.2,36.5,36.64,2.25,3.02,13.45,0.6170428290388148,-2.53,0.27625,2.7803
2009-05-01,4.4517446287214,0.0395239330689901,1.5796737655855948,3.6000000000000085,0.4000000000000003,59.9,165.4,28.92,29.44,2.55,3.33,11.76,0.1203812260293742,-2.24,0.11837,1.74864
2009-06-01,-10.567522224216354,5.665421915057271,1.5391346424090702,2.0999999999999943,0.0999999999999996,44.7,162.5,26.35,26.69,2.42,3.34,10.55,-0.4232854991406716,-1.72,0.0,1.3341500000000002
2009-07-01,2.792477148744061,-8.48913953811971,1.0833770410049612,-4.799999999999997,0.0,34.1,139.1,25.92,26.16,2.39,3.34,9.22,-0.7039228333776055,-0.27,0.10949,0.96618
2009-08-01,-13.721525810702486,-3.0503640166047776,1.9301470588235288,-0.2999999999999971,0.0999999999999996,66.6,130.7,26.01,27.17,2.43,3.25,9.12,-0.9630902957749132,-0.65,0.10952,0.5902499999999999
2009-09-01,20.969529834806824,1.1677862508741808,0.9501961362959336,7.799999999999997,0.200000000000001,50.4,113.8,25.61,26.5,2.36,3.17,7.93,-1.1877666013994186,-0.55,0.20979,0.292675
2009-10-01,-2.499092404584557,-15.115541426752818,1.8992579402036909,-2.9000000000000057,0.1999999999999993,37.7,113.3,30.69,29.81,2.51,3.36,7.66,-1.3670315787866922,-0.81,0.31943,0.26378
2009-11-01,-10.322117093919084,13.161697446233427,0.8937730920705383,-3.1999999999999886,-0.0999999999999996,-21.4,86.1,24.51,24.73,2.54,3.15,7.65,-1.5144571931410906,-0.15,0.11493,0.158575
2009-12-01,11.668115985093005,-1.0473195225653975,0.524243925555747,5.099999999999994,0.0,8.3,102.6,21.68,21.65,2.71,3.79,6.39,-1.5819696925027174,-0.34,0.20215,-0.11085
2010-01-01,-1.491455806822359,12.943661729047012,5.6648056612496,1.9000000000000057,-0.0999999999999996,-0.3,88.8,24.62,25.8,2.81,3.55,6.46,-1.5034425478960567,0.04,0.35236,-0.22482
2010-02-01,-13.447654504361376,-1.5326190893543754,0.1321613840163362,-0.8000000000000114,0.0,20.1,81.2,19.5,19.78,2.8,3.48,6.66,-1.4693908249197571,-0.39,0.05547,-0.1257
2010-03-01,-8.916198370791513,-3.507662265064592,1.6083502429746992,0.0,0.0999999999999996,40.7,86.2,17.59,18.32,2.82,3.68,5.84,-1.412625041366706,0.49,0.05365,-0.44115
2010-04-01,16.498847617507,-3.61987922313954,0.0456538985435657,-1.3999999999999917,0.0,20.3,79.9,22.05,22.06,2.72,3.53,5.61,-1.4197049160370327,0.34,0.05695,-0.403
2010-05-01,0.2215952732745363,29.310176327435244,0.8724682839973291,1.3999999999999917,-0.3000000000000007,20.7,111.5,32.07,31.61,2.55,3.15,6.98,-1.4574540092883022,0.1,0.55079,0.658275
2010-06-01,7.770554893189012,-9.710167267459273,-0.9350413355165942,2.4000000000000057,-0.1999999999999993,-35.9,89.7,34.54,35.14,2.36,2.79,7.13,-1.5527432765822609,-0.54,0.3409,0.68665
2010-07-01,-21.50670525444521,5.694655822112842,0.423040022270497,-8.200000000000003,0.0,-37.4,78.8,23.5,24.52,2.39,2.79,6.57,-1.558937369362188,0.2,0.28986,0.4774
2010-08-01,1.9908764370252228,-17.25896014302876,1.4761701856722351,1.1000000000000083,0.0999999999999996,-59.6,109.7,26.05,27.45,2.0,2.33,6.92,-1.4939920311690262,-0.53,0.31893,0.34975
2010-09-01,-13.805701504812715,8.735577977746551,3.2448838878897948,-0.7000000000000028,0.0,-8.3,85.6,23.7,24.96,2.11,2.37,6.26,-1.599798024549527,-0.31,0.15589,0.075625
2010-10-01,-7.844311273403282,-7.991887535846394,-1.0097408036761362,-0.5,-0.0999999999999996,-4.8,98.7,21.2,22.24,2.29,2.51,5.82,-1.7915381429487562,-0.36,0.09925,-0.10378
2010-11-01,30.31854971113,3.686300419539092,2.016054330518471,3.899999999999992,0.4000000000000003,25.1,101.9,23.54,25.39,2.36,2.64,6.22,-1.9722302864482404,-0.2,0.51183,-0.114425
2010-12-01,2.570602625018749,2.193975486072578,0.7764726687205071,2.9000000000000057,-0.5,6.5,111.3,17.75,19.48,2.69,3.18,5.41,-2.115088802501735,0.45,0.43904,-0.22626
2011-01-01,-22.3897232935797,-18.01993621760477,3.582854348108962,-0.2999999999999971,-0.200000000000001,35.7,96.2,19.53,21.79,2.84,3.27,5.08,-2.263417375751231,0.17,0.34358,-0.33085
2011-02-01,11.767964056757288,-17.631568727926755,-1.539723218862122,3.299999999999997,-0.0999999999999996,74.5,90.5,18.35,20.55,2.73,3.27,4.78,-2.240066671967356,-0.23,0.21823,-0.336825
2011-03-01,34.24238266114613,26.206445862236706,5.216212189587009,-10.0,0.0,50.3,91.8,17.74,19.74,2.67,3.38,4.77,-2.049145078026281,0.32,0.11747,-0.2064
2011-04-01,-50.397342605513,-9.821058034055024,-1.9126795337568567,2.299999999999997,0.0999999999999996,11.7,77.4,14.75,16.54,2.71,3.28,4.71,-1.8642568542517093,-0.45,0.22166,-0.4379799999999999
2011-05-01,13.600227524084447,-30.065511489054053,0.8930596507144476,4.5,-0.0999999999999996,-59.8,73.9,15.45,16.44,2.6,2.99,5.09,-1.6782040332872543,-0.37,0.23767,-0.344875
2011-06-01,-24.82831299595856,24.11761297332497,-0.833432289673796,-2.799999999999997,0.0999999999999996,-93.6,89.4,16.52,17.86,2.73,3.15,5.42,-1.5788963084638648,-0.46,0.11851,-0.1758
2011-07-01,-6.92696039546726,25.08371643960425,1.0296489269321425,-7.799999999999997,-0.0999999999999996,-83.2,86.8,25.25,26.08,2.46,2.72,5.51,-1.4453481827941077,-0.06,0.33523,-0.2907
2011-08-01,9.231356974114751,27.05703637440047,2.0194179726067127,-7.900000000000006,0.0,-67.8,99.2,31.62,31.37,2.03,2.21,7.3,-1.311113831136006,-0.43,1.36789,0.733025
2011-09-01,-4.320456644494096,-12.814287571498673,-2.4252855236402,3.700000000000003,0.0,-29.5,104.5,42.96,44.98,1.67,1.9,8.41,-1.1026315990775852,-0.22,0.38065,0.8538600000000001
2011-10-01,-9.183284316214186,-14.518810098648403,1.1407262818325898,1.2999999999999972,-0.1999999999999993,18.0,108.1,29.96,28.82,1.92,2.16,7.07,-0.8464674438572016,-0.13,0.48082,0.6762
2011-11-01,8.198571274306875,16.01440361224587,1.7964452775457065,2.9000000000000057,-0.200000000000001,61.8,99.7,27.8,27.77,1.83,2.07,7.79,-0.6798219982872968,-0.37,0.18169,0.946125
2011-12-01,2.5587219147605844,-8.419726781234788,1.419968185020203,6.200000000000003,-0.0999999999999996,68.5,94.1,23.4,23.13,1.64,1.87,7.38,-0.5359511591984862,0.17,0.13511,0.6765000000000001
2012-01-01,-7.165636048961886,-12.83504423893271,0.6487856037714298,5.099999999999994,-0.1999999999999993,65.4,72.1,19.44,19.89,1.61,1.77,6.61,-0.4207160204596874,0.22,0.60438,0.439575
2012-02-01,13.857686093630477,-13.570280187428828,1.1132879885652325,0.2999999999999971,0.0,58.3,72.3,18.43,19.83,1.68,1.9,5.98,-0.3569204285104507,-0.09,0.21354,0.141
2012-03-01,-4.152597209476955,-5.889778191089901,-1.413941980268543,0.9000000000000057,-0.1000000000000014,24.2,75.2,15.5,17.19,1.9,2.16,5.95,-0.3918117323388268,-0.29,0.48967,-0.03112
2012-04-01,7.557755405817626,-5.600704249064957,-1.2588099827490942,0.2000000000000028,0.0,4.2,64.1,17.15,18.77,1.68,1.85,6.04,-0.3640808581562032,0.11,0.11767,0.072925
2012-05-01,-22.82878767915441,20.494442258662623,-0.2261640048361051,2.8999999999999915,0.0,-30.0,73.0,24.06,25.89,1.32,1.52,6.96,-0.3030388645562253,-0.45,0.1337,0.189375
2012-06-01,-0.4481026224414828,15.224024671065148,-2.3080000432493213,-6.099999999999994,0.0,-60.9,77.7,17.08,18.65,1.34,1.58,6.36,-0.3163898223914178,-0.15,0.41068,0.22964
2012-07-01,6.0206583621811065,-18.06289846450621,2.163909593092753,-0.9000000000000057,0.0,-53.8,62.8,18.93,20.3,1.28,1.4,6.16,-0.3083687680366312,-0.13,0.58809,0.040075
2012-08-01,-10.59006225103052,-30.31905626058841,-3.694871451732149,2.0,-0.0999999999999996,-3.4,74.0,17.47,18.35,1.35,1.48,5.98,-0.4218690904046058,-0.87,0.30882,-0.1488799999999999
2012-09-01,-8.07997370256923,19.160573293913195,4.112173911214236,4.0,-0.2999999999999998,28.9,60.47342,15.73,17.01,1.42,1.55,5.72,-0.3831778325356919,0.0,0.0,-0.3718
2012-10-01,15.163605142836856,4.675857948494178,0.6557897794598616,4.299999999999997,0.0,51.7,71.43392,18.6,20.33,1.42,1.61,5.63,-0.4257379291247138,-0.56,0.1119,-0.47985
2012-11-01,-0.3366828513532603,8.175443203092907,-0.5410436785086945,0.1000000000000085,-0.0999999999999996,43.9,51.8,15.87,16.96,1.37,1.54,5.65,-0.4605681471398655,0.1,0.54412,-0.38948
2012-12-01,-8.763792624263356,-3.1079576071344293,2.5719760243686745,-9.799999999999995,0.2000000000000001,54.3,54.4,18.02,20.56,1.53,1.73,5.34,-0.4645944575648623,0.02,0.40792,-0.526925
2013-01-01,17.456841940848424,-0.36544376006986,-0.6666515545242663,0.8999999999999915,0.0999999999999996,-27.9,62.4,14.28,14.83,1.75,1.95,4.95,-0.5006103377358017,-0.32,0.72831,-0.6536
2013-02-01,-11.113034270513534,-33.744683546674366,3.184224124687513,3.799999999999997,-0.2999999999999998,-29.8,55.8764745,15.51,16.3,1.64,1.78,4.98,-0.371383040359297,0.44,0.19654,-0.6154999999999999
2013-03-01,-7.501788059531952,11.313088588634807,-5.470472871740484,1.0,-0.2000000000000001,30.2,57.6686265,12.7,13.28,1.62,1.8,4.8,-0.2688057568505629,-0.23,0.21899,-0.66676
2013-04-01,20.19932810732314,-5.973389497743732,1.3355977386397373,-2.1999999999999886,0.0999999999999996,-6.2,49.2,13.52,15.34,1.48,1.65,4.55,-0.1757364072598529,-0.53,0.25229,-0.628575
2013-05-01,-13.605974156921228,-25.69570266945113,2.5701761660965725,8.099999999999994,-0.0999999999999996,-17.8,57.74,16.3,15.99,1.86,2.12,4.62,-0.1459179359204407,-0.3,0.0994,-0.60834
2013-06-01,-0.8970489280523691,11.039971706019344,1.4630169642198672,-0.4000000000000057,0.0,-8.1,97.1,16.86,16.47,2.16,2.48,5.16,-0.1414194131182304,-0.13,0.24405,-0.100225
2013-07-01,-12.162343064129113,-10.212902823794112,-4.235029159455579,1.0,-0.2000000000000001,4.0,99.0,13.45,14.25,2.29,2.56,4.71,-0.2362641930315115,-0.15,0.41934,-0.386825
2013-08-01,18.66924042116501,8.42578692316034,0.7511928769676799,-3.0,-0.0999999999999996,25.4,94.9,17.01,17.53,2.39,2.75,4.76,-0.2647569365536745,0.14,0.05156,-0.32646
2013-09-01,9.45913032978024,10.79568867587422,2.384029178391565,-4.599999999999994,0.0,56.8,82.7,16.6,16.73,2.31,2.62,4.83,-0.3101642998991507,0.14,0.4001,-0.365675
2013-10-01,-37.70395470205272,16.405747453875506,-0.9813446942749472,-4.299999999999997,0.0,11.4,60.6,13.75,14.88,2.26,2.53,4.36,-0.4279702734853591,-0.18,1.0034,-0.46855
2013-11-01,6.204635528510439,-64.7084938787645,2.291292215723464,1.899999999999992,-0.2999999999999998,0.0,67.8,13.7,13.93,2.47,2.69,4.23,-0.4392092098544864,0.6,0.39647,-0.5871000000000001
2013-12-01,-10.524755192049144,19.24636286854296,-0.6050107195591494,7.400000000000006,-0.2000000000000001,52.2,70.5,13.72,15.44,2.66,2.97,4.0,-0.4661626776878421,0.16,0.1708,-0.572425
2014-01-01,9.68155813768127,-7.492760594898624,-2.7831230040970563,-1.2999999999999972,-0.1000000000000005,52.0,70.5,18.41,18.97,2.33,2.65,4.21,-0.4987984014926815,-0.39,0.34287,-0.5616399999999999
2014-02-01,-12.915927261308893,-13.029933362836193,1.971698853902228,0.3999999999999915,0.1000000000000005,-13.4,56.8,14.0,15.01,2.33,2.61,3.81,-0.4280176016102631,0.14,0.26646,-0.594375
2014-03-01,42.41959514954628,13.528182704577652,0.2530176369357556,-1.5999999999999943,0.0,-31.7,58.34,13.88,18.12,2.29,2.68,3.77,-0.2337148383018391,0.2,0.11911,-0.631525
2014-04-01,-28.55242613514624,-11.682895242430712,0.7191046180591552,4.099999999999994,-0.5,-32.5,58.34,13.41,17.68,2.25,2.64,3.71,-0.0841984166797971,-0.32,0.30609,-0.6419250000000001
2014-05-01,-11.73776909347778,2.369285185928436,-1.2783055535925212,-2.1999999999999886,0.0999999999999996,-2.9,55.2,11.4,13.77,2.11,2.44,3.75,0.0834586482439707,0.21,0.11696,-0.71994
2014-06-01,15.529714261260311,-20.20297477305582,0.7828949081781266,0.5999999999999943,-0.2000000000000001,-3.2,53.25,11.57,12.21,2.06,2.49,3.53,0.2772123336894103,0.12,0.54557,-0.8175749999999999
2014-07-01,28.81852829404779,7.021742958081354,10.749604412698128,-0.7000000000000028,0.1000000000000005,-5.2,56.4578,16.95,16.82,2.05,2.55,4.04,0.4115331766778897,0.39,0.17867,-0.732
2014-08-01,-1.6917841875586692,6.315705018223055,-12.910421848250914,0.7000000000000028,-0.1000000000000005,32.9,60.4894,11.98,12.71,1.87,2.32,3.8,0.5412045447451127,-0.21,0.05561,-0.62478
2014-09-01,-3.716217352569918,19.473353000739102,-0.4931904818903133,2.0999999999999943,-0.1999999999999993,20.8,61.3464,16.31,18.26,1.94,2.5,4.4,0.6297190479585225,0.47,0.0,-0.5254
2014-10-01,-57.24967546279894,-3.589036307054004,-1.55972168136761,2.300000000000012,-0.2000000000000001,20.8,69.55747,14.03,15.81,1.85,2.34,4.3,0.7248782507226371,0.14,0.12185,-0.2981
2014-11-01,0.8521534897994206,-4.5869113959107,-2.004817109566124,1.899999999999992,0.0999999999999996,6.2,66.5461,13.33,14.74,1.71,2.16,4.64,0.7710640311022294,0.73,0.12866,-0.416925
2014-12-01,2.4803712846078865,-2.257344946891072,-2.338186362336079,4.799999999999997,-0.2000000000000001,31.5,70.0776,19.2,19.64,1.5,2.13,5.04,0.7792212394314241,-0.05,0.06081,-0.1992
2015-01-01,22.73457577089381,18.114621150889825,-1.530381612709505,4.5,0.1000000000000005,19.0,86.4,20.97,21.59,1.21,1.66,5.37,0.7641133480721933,0.13,0.74402,0.0116
2015-02-01,-0.0544982568056018,-20.483958434303133,-1.1801124211196157,-2.6999999999999886,-0.2000000000000001,-47.1,98.5,13.34,14.62,1.37,1.98,4.43,0.6936693145097188,-0.11,0.12186,-0.250075
2015-03-01,-7.376994764800281,-8.744232527877568,2.302850284510374,-2.4000000000000057,-0.0999999999999996,-58.6,85.0,15.29,17.29,1.38,1.91,4.82,0.6410827872508582,-0.42,0.11623,-0.20215
2015-04-01,-2.0009463718629363,-1.7735923181959683,-0.6437260069217383,2.9000000000000057,0.0,-66.8,71.60494,14.55,16.51,1.47,2.04,4.59,0.6415869877370699,-0.15,0.0,-0.344425
2015-05-01,-33.99864904016223,4.007120539998333,-2.063492415456902,-5.200000000000003,0.1999999999999993,-72.4,85.355,13.84,14.75,1.51,2.11,4.52,0.6560885756488787,-0.17,0.29142,-0.3177999999999999
2015-06-01,11.2258075517233,9.350521642502844,2.7674588578734376,5.399999999999992,-0.2999999999999998,-38.0,83.324057,18.23,19.34,1.71,2.34,5.0,0.6702176691535008,0.08,0.11662,-0.243675
2015-07-01,19.570224202433995,8.752263507545166,-0.912922112252868,-3.0,-0.0999999999999996,-16.3,69.71283148,12.12,14.59,1.53,2.12,5.36,0.6570941326966676,0.34,0.21427,-0.1343
2015-08-01,-29.498745031046308,1.6953966824675075,-1.9409056228818824,-1.1999999999999886,-0.1000000000000005,-9.2,80.47075,28.43,29.92,1.47,2.13,5.7,0.6886133641448371,-0.41,1.23444,0.137625
2015-09-01,16.4921987682656,24.983871034033204,-1.6333578284410744,-4.700000000000003,-0.0999999999999996,-27.5,80.47075,24.5,26.82,1.42,2.06,6.62,0.6766611727893567,-0.37,0.29327,0.242975
2015-10-01,-7.4354738907935936,-39.30466727286564,1.6153999689516756,2.799999999999997,0.0,-10.1,80.47075,15.07,17.3,1.41,2.08,5.88,0.7254020504067302,-0.04,0.13184,0.16394
2015-11-01,39.003186695657,-22.934530961515936,-1.567972897787809,1.2999999999999972,0.0999999999999996,0.6,80.47075,16.13,18.1,1.27,1.99,6.4,0.686943599115547,-0.3,0.21094,0.023725
2015-12-01,-1.6723260426406907,9.911854640616,-1.7837122766634037,1.2999999999999972,-0.0999999999999996,-31.8,70.560387,18.21,19.63,1.21,2.11,6.95,0.7336498973068217,-0.22,0.22347,0.34805
2016-01-01,-25.400087555507167,24.4298847705018,1.549098033550624,-0.5999999999999943,-0.2000000000000001,-45.7,74.0039,20.2,23.64,1.18,1.61,7.74,0.6631166771597083,0.28,0.50688,0.65334
2016-02-01,-13.938836977781804,4.01941774203011,-2.744923422295197,-0.2999999999999971,0.1000000000000005,-44.8,83.3856,20.55,23.55,0.96,1.41,7.75,0.5351753073996556,-0.29,0.9174,0.7444
2016-03-01,5.4416936265242,6.255412475018914,1.237293803453062,-0.7000000000000028,0.0999999999999996,-0.2,68.8027,13.95,16.85,1.05,1.57,7.05,0.4550482751029522,-0.44,0.34453,0.184725
2016-04-01,-28.747269731299856,-14.94824195453135,2.643532321112803,-2.0,0.0999999999999996,-27.8,64.921,15.7,19.3,1.06,1.61,6.24,0.4636575115270261,0.1,0.29223,0.15028
2016-05-01,3.521888714428264,-8.864945316813781,-1.4179649602087825,5.700000000000003,-0.2999999999999998,-22.8,67.9149,14.19,15.25,0.97,1.5,5.97,0.3962433400381988,-0.51,0.29125,0.1089
2016-06-01,2.035873028739562,45.43458100321968,-2.77087628207065,-1.2000000000000028,0.1000000000000005,-16.0,72.6386,15.63,17.58,0.91,1.23,6.21,0.3525934488339269,0.16,0.38359,0.2547999999999999
2016-07-01,21.32643368780156,-2.88084008876347,1.2045730608233622,-3.5,-0.1000000000000005,27.9,64.1468,11.87,13.97,0.79,1.18,5.61,0.275182246983722,0.27,0.44788,0.1846
2016-08-01,-16.074748503904118,-64.8584434108023,0.7864060196966003,-0.2000000000000028,0.1000000000000005,13.5,69.0806,13.42,15.34,0.78,1.25,5.1,0.1290225862566733,-0.55,0.30714,0.2392999999999999
2016-09-01,5.554284945316879,3.732659933324433,-0.0453550916218433,1.4000000000000057,0.0999999999999996,-1.4,60.556,13.29,15.45,0.83,1.31,4.97,0.007547151593501,-0.14,0.0,0.3247799999999999
2016-10-01,-21.92177795904914,-11.135387652183317,3.897036920219384,-4.0,-0.0999999999999996,-1.4,65.465,17.06,19.32,0.98,1.5,4.91,-0.1200696593783396,-0.08,0.29737,0.131975
2016-11-01,-3.411813060096554,46.64108250021704,-4.370726488399367,6.599999999999994,-0.2000000000000001,5.6,80.9553,13.33,15.13,1.26,1.89,4.67,-0.2398105956131357,-0.27,0.11478,0.0606499999999999
2016-12-01,18.850678541130232,-13.03935137566324,2.352166439716945,4.400000000000006,0.0,24.5,71.6297,14.04,16.68,1.25,1.94,4.21,-0.2875612027665629,0.14,0.69831,-0.13074
2017-01-01,2.8714180702557206,16.347262707458547,0.2176203427130597,0.2999999999999971,0.0,39.8,72.5153,11.99,14.29,1.26,1.93,4.0,-0.4498016564890996,-0.05,0.41486,-0.1341999999999999
2017-02-01,7.884961016098596,-31.552934993544763,0.8125932062966033,-2.200000000000003,-0.1000000000000005,42.4,70.8911,12.92,13.6,1.14,1.83,3.74,-0.4685248007915313,0.34,0.44212,-0.216525
2017-03-01,-18.182149771463667,14.166771644836606,-0.1072676604591498,0.6000000000000085,-0.1999999999999993,52.5,60.6987,12.37,11.75,1.13,1.64,3.92,-0.4197888658280986,0.08,0.6651,-0.37912
2017-04-01,19.10602546926778,-29.906446918487145,0.4662548595731941,0.0999999999999943,0.0,7.1,60.1925,10.82,11.53,1.01,1.49,3.75,-0.5515610170941883,0.49,0.35497,-0.379925
2017-05-01,-16.45541536593921,-9.20100818776791,-0.8926370216707127,0.0999999999999943,0.0,-38.9,53.9509,10.41,12.94,0.93,1.23,3.74,-0.6517740383985471,-0.26,0.38684,-0.575425
2017-06-01,19.093967021071087,2.1764706199905945,3.0718523685275603,-2.0999999999999943,-0.1000000000000005,-72.6,55.2201,11.18,17.61,0.93,1.28,3.77,-0.7516689842780827,0.13,0.0,-0.6335200000000001
2017-07-01,-23.319471123628528,-13.686271058313851,-3.954685936930021,-1.5999999999999943,0.0,-44.4,48.1375,10.26,15.87,0.96,1.23,3.61,-0.9302304373393973,-0.01,0.2208,-0.659675
2017-08-01,25.783395793809056,-5.854845674656921,1.4833596066715906,3.3999999999999915,0.1000000000000005,-21.2,51.1311,10.59,14.33,0.79,1.11,3.85,-1.1076228350359385,-0.31,0.47176,-0.509275
2017-09-01,-19.90503278307791,10.417138164577116,1.6420282909417376,-1.7000000000000028,-0.1000000000000005,-21.2,52.8752,9.51,13.85,0.86,1.27,3.54,-1.1730494441411252,0.17,0.17242,-0.61198
2017-10-01,-26.32020834746199,-4.569249989335321,0.5870305695684043,5.6000000000000085,-0.0999999999999996,0.2,51.1485,10.18,15.06,0.78,1.23,3.51,-1.1993050679475226,0.65,0.08946,-0.7332
2017-11-01,1.2251555091583453,3.405055123654153,1.4849676756178165,-2.200000000000003,0.0,59.4,46.8271,11.28,15.93,0.64,1.15,3.61,-1.2665818558562714,0.15,0.61453,-0.73925
2017-12-01,-11.94145349120881,-4.236612350624674,2.275557474222525,-2.5999999999999943,-0.1000000000000005,75.7,46.5962,11.04,15.68,0.51,1.01,3.58,-1.3476265429041134,0.27,0.81821,-0.66536
2018-01-01,10.504026393355964,1.416248078630858,-2.384645788089096,-0.2000000000000028,-0.0999999999999996,37.5,57.1957,13.54,19.65,0.58,1.26,3.29,-1.4172268480590184,0.12,0.36036,-0.6696249999999999
2018-02-01,-43.31651921036913,-21.508254612297254,1.799803430164497,4.0,0.0999999999999996,33.5,62.9735,19.85,22.01,0.62,1.22,3.47,-1.3422423717676355,0.88,0.49085,-0.259325
2018-03-01,42.39902741524057,25.93212930750766,1.5034920478322171,1.7000000000000028,-0.0999999999999996,48.7,58.5414,19.97,26.68,0.47,1.01,3.79,-1.3236135773281967,0.1,0.0,0.06454
2018-04-01,9.168310495104423,-6.8567045940768026,-0.0767235545426309,-2.6000000000000085,0.0,41.7,50.3548,15.93,21.06,0.46,1.08,3.46,-1.284032395894865,0.34,0.52005,0.0841
2018-05-01,1.9123175812583728,10.378906165300684,0.8166654425865628,-0.7999999999999972,-0.2000000000000001,9.8,60.5438,15.43,16.78,0.43,0.9,3.63,-1.2223197225826294,-0.15,0.38271,-0.1937249999999999
2018-06-01,-20.869792126449028,1.3681761262841323,-0.1035418670620454,0.2000000000000028,0.2000000000000001,9.8,51.1681,16.09,20.88,0.33,0.92,3.61,-1.1027481651319069,0.43,0.79303,-0.20956
2018-07-01,5.507519738038224,20.28562251782248,-1.4587136383509076,-0.2999999999999971,-0.2000000000000001,9.8,46.5038,12.83,19.17,0.29,0.93,3.46,-0.9821191815219728,0.13,0.5877,-0.419975
2018-08-01,2.406613721417436,-24.334342534721188,2.381713296331656,-1.7000000000000028,0.0,-17.9,50.7097,12.86,16.04,0.24,0.75,3.49,-0.7764614753469172,0.18,0.338,-0.55174
2018-09-01,-50.21427265923969,8.164398920665205,0.4331951109974362,3.899999999999992,-0.0999999999999996,-17.9,46.1634,12.12,16.58,0.24,0.86,3.24,-0.5812883156675296,0.17,0.46224,-0.737075
2018-10-01,18.4342742561346,11.63153262608853,-1.8217647987630696,-1.5,0.0999999999999996,-17.9,60.1285,21.23,29.12,0.28,0.81,3.81,-0.3417702940731215,0.24,1.06977,-0.494325
2018-11-01,-14.437561241701562,10.319617816924652,-2.073883675806016,-1.0999999999999943,0.0,9.9,52.4322,18.07,24.02,0.21,0.64,4.29,-0.078329601041491,0.22,1.52087,-0.1738
2018-12-01,11.257414874612332,8.707857196353979,0.6155478354933328,0.7999999999999972,0.1,-16.2,66.5828,25.42,31.44,0.21,0.24,5.33,0.1794989284210688,0.27,1.9621,0.39485
2019-01-01,-3.641516619640432,-2.8621801403063656,-1.2639295569926905,-7.099999999999994,0.1,-16.2,49.8117,16.57,20.24,0.18,0.22,4.37,0.5500753610930074,-0.43,1.33096,-0.0525499999999999
2019-02-01,9.685996561576388,-28.02525993237024,-0.6782436077978927,2.5999999999999943,-0.2000000000000001,-18.3,47.2183,14.78,17.17,0.21,0.28,3.92,0.792961813921031,-0.29,0.1254,-0.339975
2019-03-01,-17.578246702278026,18.056575080485302,1.8801490801107903,4.6000000000000085,0.0,-33.9,58.5478,13.71,16.62,0.14,0.01,3.99,1.0063330147724845,-0.15,0.88387,-0.51384
2019-04-01,-3.87976096823345,-31.02013527359096,-1.46020847452975,-1.2000000000000028,-0.0999999999999996,-58.7,49.4711,13.12,16.6,0.24,0.08,3.73,1.0674000909610704,-0.45,1.088,-0.694225
2019-05-01,25.563977174566126,20.66073170070917,-2.004858697197204,2.799999999999997,-0.1,-33.1,72.681,18.71,23.23,0.19,-0.21,4.59,1.0542585526299388,-0.05,0.75587,-0.42596
2019-06-01,0.1093497978134754,23.72200666727994,-1.2062216099810803,-1.7999999999999972,0.0,-68.3,70.4339,15.08,19.76,0.25,-0.12,4.07,0.9878096063697158,-0.02,1.10714,-0.34185
2019-07-01,-13.972438284884245,-20.735171034288346,1.2581946220035554,0.2000000000000028,0.1,-41.5,55.2468,16.12,18.78,0.13,-0.06,3.93,0.879544136305251,-0.36,1.36189,-0.47055
2019-08-01,9.557776691705358,17.499712848171953,0.0726925492287707,-8.600000000000009,-0.1,-41.5,86.8897,18.98,22.39,0.0,-0.49,4.09,0.7370066040703179,0.1,3.95173,-0.0076999999999999
2019-09-01,-14.425938391246795,-16.0631812940947,-1.4431982057653752,3.4000000000000057,-0.1,43.0,77.2005,16.24,20.03,0.05,-0.2,4.02,0.3662876747409584,-0.45,0.58535,-0.139925
2019-10-01,7.633883815972592,-5.96762092472137,-0.4999155844298221,2.299999999999997,0.1,15.3,65.88,13.22,17.36,0.17,0.15,4.15,-0.056280967607997,-0.71,1.38185,0.0416
2019-11-01,-33.87916517461446,-1.9536429677051304,-1.8890981432953324,1.2999999999999972,0.0,15.3,56.57,12.62,15.84,0.17,0.19,4.01,-0.6235763534008991,0.56,1.50018,-0.11888
2019-12-01,1.6175408129035147,4.74472081990865,0.7298541622312114,2.5,0.0,-10.3,58.28,13.78,16.89,0.34,0.37,3.6,-1.299164051571271,-0.35,2.04638,-0.24275
2020-01-01,46.337678600857295,-16.698238653334503,1.825402354908381,0.5,0.0,-10.3,72.98,18.84,21.33,0.18,-0.04,4.03,-1.958295979562673,-0.25,0.52741,-0.34192
2020-02-01,-82.2393863502794,1.0933574187750923,0.5359799554324547,1.2000000000000028,-0.1,56.2,109.67,40.11,43.13,0.27,-0.14,5.04,-2.5444597141076577,0.16,0.66969,-0.22165
2020-03-01,6.848749697664072,35.42554392677135,-11.3441710631649,-11.900000000000006,0.9000000000000004,73.8,83.87,53.54,51.29,0.47,0.59,8.77,-3.427760534948677,-4.19,1.63731,3.901175
2020-04-01,-17.59552284690003,0.5447415385245621,-16.589825476790214,-17.299999999999997,10.4,-144.6,53.59,34.15,35.28,0.44,0.55,7.63,-4.243476987162463,-16.74,0.35154,2.4898
2020-05-01,-1.214738927351093,16.854778172552507,5.427185111332668,0.5,-1.6000000000000014,-75.3,51.55,27.51,27.96,0.49,0.51,6.71,-1.960737692963495,2.61,0.20901,0.72516
2020-06-01,3.819631965713715,-31.304339316522245,6.704385917044108,5.799999999999997,-2.2,181.2,54.13,30.43,30.75,0.5,0.5,6.44,-0.6938721898646353,4.11,0.18618,0.272
2020-07-01,-7.152614559797521,6.673865080155944,6.3952003492006,-5.599999999999994,-0.8000000000000007,246.8,41.98,24.46,27.93,0.44,0.46,5.16,-0.0239045192092539,1.18,0.15555,0.0461599999999999
2020-08-01,-1.538557280317398,-16.793391434276746,1.490120376109585,1.5999999999999943,-1.799999999999999,210.8,47.02,26.41,34.55,0.58,0.61,5.02,0.4194728001932185,0.79,0.16303,-0.21325
2020-09-01,18.55165110869973,-4.012201252192122,0.6729141818594877,6.300000000000011,-0.6000000000000005,172.9,39.21,26.37,35.42,0.56,0.59,5.41,0.5027815498739802,0.27,0.30779,0.000275
2020-10-01,-5.644102963256589,5.763314193518332,1.97726776735092,1.3999999999999917,-0.8999999999999995,128.9,61.91,38.02,41.3,0.74,0.79,5.25,0.3473808043576777,0.83,0.3439,-0.01372
2020-11-01,-8.585584115128645,16.465935506489306,1.171494155734115,-4.899999999999992,-0.2000000000000001,80.0,40.84,20.57,26.68,0.68,0.76,4.33,0.0280942252907822,0.27,0.45887,-0.28565
2020-12-01,-9.365427128401697,-24.62230688797485,2.0745555524425487,3.799999999999997,0.0,66.7,48.98,22.75,26.93,0.8,0.84,3.86,-0.2027650363643453,0.52,0.50881,-0.422725
2021-01-01,17.24571674545185,-5.36505769761013,3.977459682175724,-1.7000000000000028,-0.2999999999999998,56.3,47.41,33.09,37.44,1.0,1.05,3.79,-0.3922237083540863,0.66,0.0,-0.4622799999999999
2021-02-01,-4.680974153638056,-30.235724450952542,0.791861706495853,-2.200000000000003,-0.2000000000000001,85.0,75.66,27.95,34.06,1.3,1.4,3.52,-0.616343894112798,-1.09,0.0,-0.6197
2021-03-01,5.929836611750402,-0.0613581041509322,1.126405469430342,8.100000000000009,-0.1000000000000005,28.1,71.27,19.4,24.89,1.58,1.71,3.36,-0.3968651476060686,1.71,0.0,-0.530675
2021-04-01,10.828925929569978,-7.990309168655409,0.6028848889364167,3.3999999999999915,0.0,38.7,58.13,18.61,22.9,1.49,1.64,3.28,-0.6458980195646077,0.24,0.16128,-0.7725
2021-05-01,5.204882339560602,-4.756432031644485,1.40016512319583,-5.399999999999992,-0.2999999999999998,38.7,52.04,16.76,21.44,1.44,1.57,3.34,-0.7111031082907262,0.29,0.46012,-0.7775000000000001
2021-06-01,-25.46977714056931,-6.391924735712553,1.4844315003655222,2.5999999999999943,0.1000000000000005,38.7,57.27,15.83,20.14,1.2,1.4,3.04,-0.7435874133563629,0.09,0.0,-0.812125
2021-07-01,-26.88487771254904,13.004230102602133,1.4577704301272556,-4.299999999999997,-0.5,38.7,61.19,18.24,20.81,1.05,1.18,3.26,-0.7744836477206375,0.53,0.12134,-0.74562
2021-08-01,34.715586706352305,4.998742350796658,1.6620198735869698,-10.900000000000006,-0.3000000000000007,-49.5,60.14,16.48,19.48,1.1,1.26,3.21,-0.8724917252194487,0.29,0.51687,-0.73915
2021-09-01,-10.892083690511768,-5.363189219427652,-1.0218686804732138,2.5,-0.3999999999999994,-60.5,61.07,23.14,26.65,1.24,1.48,3.15,-0.9720200917217356,-0.13,0.0,-0.68185
2021-10-01,-2.110272509972467,-5.224803181707896,2.626387176325524,-1.0999999999999943,-0.2000000000000001,-22.1,75.45,16.26,19.64,1.07,1.5,3.08,-1.0735317028317464,0.76,0.0,-0.75186
2021-11-01,8.709695983648592,14.380596200680085,1.7462319167800169,-4.299999999999997,-0.2999999999999998,32.0,84.04,27.19,27.39,0.91,1.38,3.67,-1.21483980111809,0.37,0.0,-0.6713
2021-12-01,17.823532798588626,14.30171469986412,0.8927012079755494,3.1999999999999886,-0.3000000000000002,32.0,77.62,17.22,21.2,0.79,1.46,3.1,-1.4305316927174323,-0.15,0.0,-0.55718
2022-01-01,24.034303147244493,-14.685758383437271,2.1158839095237925,-3.3999999999999915,0.1,0.0001,85.14,24.83,30.16,0.61,1.57,3.63,-1.6517267537323237,0.69,0.0,-0.504625
2022-02-01,35.84584486577449,-20.941946478287928,0.1294705578971705,-4.400000000000006,-0.2000000000000001,0.0001,93.34,30.15,32.72,0.39,1.48,3.77,-1.5701415045253788,0.51,0.0,-0.339075
2022-03-01,32.228978286879936,41.87621893459637,2.055768065048808,-3.3999999999999986,-0.0999999999999996,55.4,106.88,20.56,26.99,0.04,1.8,3.43,-1.4867737832387256,0.44,0.53604,-0.1435999999999999
2022-04-01,-66.86709102773158,-8.947836524943414,0.569985607473722,5.800000000000004,0.0,66.9,128.4,33.4,38.25,0.19,2.04,3.93,-1.3120861877955103,0.47,0.0,-0.2903799999999999
2022-05-01,-34.36323212613205,-3.99106689095237,1.0349301790645178,-6.800000000000004,-0.1,-39.6,107.12,26.19,33.01,0.32,1.69,4.22,-1.2276835900757408,0.01,0.0,0.309975
2022-06-01,-8.837425950279213,-5.770553853091149,1.1098888246670588,-8.399999999999999,0.0,-66.9,135.5,28.71,36.21,0.06,1.26,5.87,-1.0100655948289652,-0.19,0.66283,0.01345
2022-07-01,-11.5471319540794,13.197374872574724,-0.9420613452006372,1.5,-0.1,-61.8,116.36,21.33,27.25,-0.22,0.26,4.77,-0.5839832323862301,0.27,0.79661,0.10186
2022-08-01,11.806468899055565,-23.40718808797209,-0.368010715757659,6.700000000000003,0.1,-61.8,124.84,25.87,32.19,-0.3,0.19,5.03,-0.235571832602384,0.0,0.21756,-0.385125
2022-09-01,-0.6647301344558838,8.822701378025124,-0.7876850436766251,0.3999999999999986,-0.1,-26.6,141.89,31.62,36.61,-0.39,0.5,5.43,0.0590890723055761,0.1,0.36655,-0.0776999999999999
2022-10-01,7.80689835703259,6.403100885212375,2.141883251611155,1.2999999999999972,0.1,-26.6,147.92,25.88,31.16,-0.41,-0.12,4.63,0.3653650926621579,-0.05,0.2898,-0.023575
2022-11-01,-22.658473652879085,9.355529774662283,-2.176031122748299,-3.199999999999996,0.0,14.2,127.27,20.58,26.46,-0.7,-0.69,4.55,0.6598565707027402,-0.51,0.54907,-0.30345
2022-12-01,-4.96452270561935,-26.18728081487275,-0.2877557998066586,3.0999999999999943,-0.1,17.5,121.61,21.67,27.6,-0.53,-0.54,4.79,0.963354304422298,-0.49,0.0,-0.0163
2023-01-01,-6.6453346835947045,-6.508992922907623,1.5756559111865762,5.1000000000000085,0.0,-15.2,99.54,19.4,25.79,-0.69,-1.18,4.3,1.2743190006038725,0.23,1.05738,-0.377
2023-02-01,13.82488464733694,-1.643597044923098,-1.7971662678760223,2.0,0.1,-15.2,123.6,20.7,26.4,-0.89,-0.96,4.22,1.503876544091904,-0.19,0.0,-0.480275
2023-03-01,-14.817239105485504,21.68538256129812,0.0898210354958138,-4.900000000000006,-0.1,59.2,141.24,18.7,23.6,-0.58,-1.37,4.58,1.621527111135146,-0.19,0.1677,0.09972
2023-04-01,1.3385305671420678,-34.11536965275116,0.8838996972733942,1.7000000000000028,-0.1,28.4,122.46,15.78,20.12,-0.6,-1.66,4.5,1.6967534834287847,0.07,0.15942,-0.3902249999999999
2023-05-01,1.528591392491677,-1.3726531645074596,-0.5111039186941494,-4.700000000000003,0.2000000000000001,28.4,136.02,17.94,22.12,-0.76,-1.88,4.69,1.6929957075995294,-0.15,0.16999,-0.41285
2023-06-01,1.8649087991164648,0.582340332811473,1.3151849201238666,5.200000000000003,0.0,28.4,110.64,13.59,19.55,-1.06,-1.62,4.05,1.6003324374176422,-0.32,0.19217,-0.6159399999999999
2023-07-01,-2.866632768907959,-1.5006980193210573,-1.0197408719388363,7.299999999999997,-0.1,79.6,112.03,13.63,19.32,-0.91,-1.58,3.79,1.4719707319641746,0.12,0.34819,-0.7368
2023-08-01,-6.236432882592805,-7.304097318707606,0.9861087145563792,-2.0999999999999943,0.2000000000000001,74.4,107.93,13.57,18.74,-0.76,-1.47,3.85,1.3486647437324175,-0.16,0.0,-0.67655
2023-09-01,-2.541060816991473,13.540284715586168,1.445988426031159,-1.6000000000000083,0.0999999999999996,62.2,115.24,17.52,21.28,-0.44,-0.96,4.03,1.3265753174675723,0.02,0.3764,-0.6721
2023-10-01,50.155994541636815,-8.043667866691253,-3.045639481925516,-4.0,0.1,59.7,126.86,18.14,22.46,-0.19,-0.71,4.42,1.332209888083176,-0.49,0.0,-0.418725
2023-11-01,-26.28710134091741,8.415688897951279,3.5687097934565286,-2.5,-0.1999999999999997,59.7,115.32,12.92,16.72,-0.36,-1.08,3.84,1.404350632102479,0.03,0.0,-0.6711750000000001
2023-12-01,-10.13264407560915,0.5967869679876351,-2.1290592667902635,8.400000000000006,0.0999999999999996,59.7,114.62,12.45,16.2,-0.35,-1.52,3.34,1.4402577670101715,-0.15,0.0,-0.49334
2024-01-01,11.166855283962953,3.5361127510240555,-2.3752005135946908,9.299999999999995,-0.0999999999999996,59.7,107.28,14.35,18.25,-0.28,-1.43,3.59,1.3954331812879728,-0.3,0.53117,-0.72705
2024-02-01,-9.325794118783564,-36.81258806287679,1.3816577132348629,-2.0999999999999943,0.1999999999999997,47.2,108.71,13.4,17.21,-0.39,-1.2,3.29,1.3953747115132644,0.05,0.0,-0.66905
2024-03-01,-10.13811806437174,1.5278686026870614,0.7341344252020283,2.5,0.0,47.2,86.38,13.01,16.66,-0.39,-1.26,3.12,1.3133343767570131,0.15,0.0,-0.87454
2024-04-01,18.761516687052247,-1.400798237362677,0.3686996045137976,-2.200000000000003,0.0,47.2,107.46,15.65,18.43,-0.35,-0.77,3.18,1.3193373817553409,-0.23,0.0,-0.72965
2024-05-01,-25.554872239855044,7.144709280745258,-0.4824275672895594,-8.100000000000009,0.1,47.2,91.09,12.92,16.7,-0.38,-0.95,3.2,1.2932695555948448,0.18,0.0,-0.8943999999999999
2024-06-01,-15.52848983670273,-5.431885632455064,-3.4271204953437406,-0.8999999999999915,0.0999999999999996,47.2,98.59,12.44,16.24,-0.35,-1.12,3.18,1.196716500304749,0.05,0.0,-0.84025
2024-07-01,-22.172803646722578,20.219789973761504,4.677136926935792,-1.7999999999999972,0.1000000000000005,47.2,99.41,16.36,22.29,-0.2,-1.32,3.25,1.134123074476454,-0.34,0.0,-0.733
2024-08-01,34.30369313379644,-15.282215112505565,-0.7871923246618957,1.5,0.0,47.2,107.77,15.0,19.29,0.0,-1.3,3.13,0.9766838174303824,0.12,0.31524,-0.50322
2024-09-01,-8.12244319078294,4.791954616341806,-0.2479630992655032,2.1999999999999886,-0.1000000000000005,47.2,94.61,16.73,20.19,0.15,-0.92,3.03,0.7521211482266318,-0.28,0.0,-0.3515
2024-10-01,0.4767682173512949,4.599500167164823,0.4522033010840979,0.4000000000000057,0.0,47.2,135.18,23.16,24.86,0.12,-0.36,2.88,0.5653408538503026,-0.4,0.0,-0.5342
2024-11-01,-1.807662967679484,29.50558838943662,-0.7781541197452754,1.2999999999999972,0.1000000000000005,47.2,95.22,13.51,16.07,0.05,-0.4,2.72,0.3453559415019491,-0.12,0.19479,-0.57756
2024-12-01,9.591537384468085,10.013377707484208,-0.6082804743519029,2.200000000000003,-0.1000000000000005,19.3,96.95,17.35,19.92,0.33,0.21,2.92,0.146273759147301,0.15,0.0,-0.56305
2025-01-01,-26.35606212742534,0.6057617117506577,1.732919370383356,-2.299999999999997,-0.0999999999999996,9.4,90.54,16.43,20.11,0.36,0.27,2.68,-0.1351835221226846,-0.03,0.18497,-0.8032
2025-02-01,17.589121153788266,8.00296676023303,0.4666539663058303,-7.0,0.0999999999999996,9.4,104.46,19.63,22.66,0.25,-0.08,2.87,-0.288261602316025,0.18,0.0,-0.7101999999999999
2025-03-01,21.92231339714549,26.954634419948725,4.14877681054501,-7.700000000000003,0.1000000000000005,9.4,101.35,22.28,25.37,0.34,-0.09,3.55,-0.2631352721612954,-0.03,1.05229,-0.467075
2025-04-01,-27.92944697849454,26.954634419948725,4.14877681054501,-7.700000000000003,0.1000000000000005,-0.4,112.27,24.7,27.8,0.57,-0.14,3.94,-0.2631352721612954,-0.03,1.05229,-0.467075
2025-05-01,-27.92944697849454,26.954634419948725,4.14877681054501,-7.700000000000003,0.1000000000000005,-0.4,98.66,21.9,25.5,0.49,0.03,3.53,-0.2631352721612954,-0.03,1.05229,-0.467075
