,AAL,AAL,AAL,AAL,AAL,AAL,AAL,CAR,CAR,CAR,CAR,CAR,CAR,CAR,GNRC,GNRC,GNRC,GNRC,GNRC,GNRC,GNRC,ALB,ALB,ALB,ALB,ALB,ALB,ALB,BA,BA,BA,BA,BA,BA,BA
,CapEx,Assets,Variable Costs,Revenue,Net Income,CapEx / Sales,Operating Leverage (DOL),CapEx,Assets,Variable Costs,Revenue,Net Income,CapEx / Sales,Operating Leverage (DOL),CapEx,Assets,Variable Costs,Revenue,Net Income,CapEx / Sales,Operating Leverage (DOL),CapEx,Assets,Variable Costs,Revenue,Net Income,CapEx / Sales,Operating Leverage (DOL),CapEx,Assets,Variable Costs,Revenue,Net Income,CapEx / Sales,Operating Leverage (DOL)
Date,,,,,,,,,,,,,,,,,,,,,,,,,,,,,,,,,,,
2000-03-31,781.0,24314.0,4077.0,4577.0,132.0,0.17063578763382128,0.10924186148131965,49.0,15042.0,368.0,1128.0,69.0,0.04343971631205674,0.6737588652482269,,,,,,,,13.509,914.308,142.728,235.48,28.548,0.0573679293358247,0.39388483098352295,205.0,36560.0,8255.0,9910.0,418.0,0.020686175580221997,0.16700302724520685
2000-06-30,1917.0,25473.0,4200.0,5011.0,321.0,0.3825583715825185,0.16184394332468569,115.0,15125.0,360.0,1137.0,174.0,0.1011433597185576,0.683377308707124,,,,,,,,27.781,969.394,142.161,226.206,33.813,0.12281283431916042,0.3715418689159438,452.0,37477.0,12665.0,14841.0,620.0,0.030456168721784246,0.1466208476517755
2000-09-30,2792.0,25899.0,4377.0,5256.0,313.0,0.5312024353120244,0.16723744292237444,147.0,14586.0,351.0,1225.0,214.0,0.12,0.713469387755102,,,,,,,,40.219,976.935,150.091,237.053,23.706,0.169662480542326,0.3668462326990166,617.0,39447.0,9698.0,11877.0,609.0,0.05194914540708933,0.18346383766944516
2000-12-31,3678.0,26213.0,4466.0,4859.0,47.0,0.7569458736365507,0.08088083967894628,246.0,15072.0,347.0,1169.0,145.0,0.21043627031650983,0.7031650983746792,,,,,,,,52.248,981.803,137.356,218.81,15.709,0.23878250536995566,0.3722590375211371,932.0,42028.0,11835.0,14693.0,481.0,0.06343156605186143,0.19451439460967807
2001-03-31,847.0,26534.0,4451.0,4760.0,-43.0,0.17794117647058824,0.06491596638655463,219.0,27594.0,,1411.0,239.0,0.1552090715804394,,,,,,,,,14.469,971.694,146.51,224.41,22.545,0.06447573637538434,0.34713248072724034,240.0,43798.0,10768.0,13293.0,1237.0,0.018054615211013314,0.18994959753253593
2001-06-30,2124.0,29002.0,5306.0,5583.0,-507.0,0.38044062332079526,0.049614902382231776,1220.0,29287.0,1104.0,2319.0,242.0,0.5260888313928418,0.5239327296248383,,,,,,,,28.558,999.122,143.981,211.286,14.805,0.13516276516191322,0.3185492649773293,470.0,44697.0,12669.0,15516.0,840.0,0.030291312193864398,0.18348801237432327
2001-09-30,3059.0,31840.0,5183.0,4816.0,-414.0,0.6351744186046512,-0.07620431893687708,1539.0,30895.0,790.0,2389.0,211.0,0.644202595228129,0.6693177061532022,,,,,,,,37.928,1166.461,166.889,242.017,16.761,0.15671626373353936,0.31042447431378783,712.0,47905.0,11197.0,13687.0,650.0,0.05202016512018704,0.18192445386132827
2001-12-31,3640.0,32841.0,4479.0,3804.0,-798.0,0.9568874868559412,-0.1774447949526814,1911.0,33544.0,867.0,2494.0,-307.0,0.7662389735364876,0.6523656776263032,,,,,,,,49.903,1129.475,160.574,239.186,14.056,0.20863679312334332,0.3286647211793332,1068.0,48343.0,12772.0,15702.0,100.0,0.06801681314482232,0.18660043306585147
2002-03-31,619.0,31614.0,4551.0,4163.0,-1563.0,0.14869084794619264,-0.09320201777564256,407.0,31346.0,1467.0,2616.0,342.0,0.15558103975535167,0.43922018348623854,,,,,,,,8.182,1130.91,155.793,231.822,16.798,0.035294320642561966,0.32796283355332967,223.0,46551.0,11353.0,13821.0,-1249.0,0.01613486723102525,0.17856884451197452
2002-06-30,1113.0,31538.0,4771.0,4508.0,-495.0,0.2468944099378882,-0.05834072759538598,1319.0,32129.0,2647.0,3784.0,7.0,0.34857293868921774,0.30047568710359407,,,,,,,,19.267,1161.966,172.045,252.706,20.694,0.07624274849034056,0.31918909721177974,463.0,47228.0,11320.0,13857.0,779.0,0.03341271559500614,0.18308436169445047
2002-09-30,1537.0,31502.0,4797.0,4524.0,-924.0,0.33974358974358976,-0.0603448275862069,2089.0,32130.0,2768.0,3911.0,250.0,0.534134492457172,0.2922526208130913,,,,,,,,27.906,1155.49,186.119,271.714,20.352,0.10270357802689592,0.3150187329324216,586.0,48320.0,10785.0,12690.0,372.0,0.04617809298660362,0.15011820330969267
2002-12-31,1881.0,30267.0,4522.0,4190.0,-529.0,0.44892601431980905,-0.079236276849642,2426.0,35897.0,2740.0,3876.0,247.0,0.6259029927760578,0.2930856553147575,,,,,,,,38.382,1192.956,179.038,255.192,16.901,0.15040440139189315,0.29841844571930154,1001.0,52342.0,11144.0,13701.0,590.0,0.07306036055762354,0.18662871323261077
2003-03-31,393.0,29086.0,3943.0,4120.0,-1043.0,0.09538834951456311,0.04296116504854369,750.0,36167.0,,3965.0,309.0,0.18915510718789408,,,,,,,,,8.857,1225.773,188.059,266.739,21.567,0.033204743213403366,0.29496998939037783,130.0,51227.0,10516.0,12199.0,-478.0,0.010656611197639151,0.13796212804328223
2003-06-30,847.0,29220.0,3589.0,4324.0,-75.0,0.19588344125809437,0.16998149861239592,1768.0,36942.0,4138.0,4591.0,382.0,0.38510128512306685,0.09867131343933784,,,,,,,,19.278,1249.182,190.95,271.823,23.734,0.07092115089598747,0.29752081317622125,303.0,51651.0,11621.0,12717.0,-192.0,0.023826374144845484,0.08618384839191633
2003-09-30,491.0,29943.0,3525.0,4605.0,1.0,0.10662323561346362,0.23452768729641693,2130.0,41072.0,2327.0,5085.0,193.0,0.41887905604719766,0.5423795476892822,,,,,,,,30.307,1326.251,199.557,276.551,9.856,0.1095891896973795,0.2784079609186009,478.0,52255.0,10427.0,12184.0,256.0,0.03923177938279711,0.14420551543007223
2003-12-31,680.0,29330.0,3373.0,4391.0,-111.0,0.1548622181735368,0.23183785014803007,2219.0,39037.0,2143.0,4344.0,288.0,0.5108195211786372,0.5066758747697975,,,,,,,,41.058,1387.291,209.147,295.124,16.788,0.13912118296038276,0.29132500237188447,741.0,53035.0,11228.0,13156.0,1132.0,0.05632411067193676,0.1465491030708422
2004-03-31,213.0,29950.0,3562.0,4512.0,-166.0,0.04720744680851064,0.21054964539007093,1917.0,39757.0,2049.0,3508.0,441.0,0.5464652223489168,0.41590649942987457,,,,,,,,8.398,1385.163,239.659,322.009,13.607,0.02608001639705722,0.2557381936529725,182.0,53800.0,10375.0,12903.0,623.0,0.014105246841819732,0.19592342866000154
2004-06-30,514.0,30001.0,3745.0,4830.0,6.0,0.10641821946169772,0.2246376811594203,3534.0,42403.0,2568.0,4395.0,691.0,0.8040955631399317,0.4156996587030717,,,,,,,,19.634,1381.081,238.935,326.759,20.768,0.06008709783051117,0.2687730100777638,294.0,54283.0,10531.0,13088.0,607.0,0.022463325183374083,0.195369804400978
2004-09-30,773.0,29261.0,3897.0,4762.0,-214.0,0.1623267534649307,0.18164636707265855,2706.0,41609.0,,4720.0,593.0,0.5733050847457627,,,,,,,,,37.602,2429.14,301.619,413.904,0.827,0.09084715296300591,0.2712827128996095,626.0,55388.0,10838.0,13152.0,456.0,0.04759732360097323,0.1759428223844282
2004-12-31,1027.0,28773.0,3916.0,4541.0,-387.0,0.22616163840563752,0.13763488218454084,3354.0,42555.0,5256.0,3913.0,357.0,0.8571428571428571,-0.3432149246102735,,,,,,,,57.652,2442.745,327.456,451.065,19.637,0.1278130646359172,0.27403810980679055,978.0,53963.0,11422.0,13314.0,186.0,0.07345651194231635,0.14210605377797808
2005-03-31,242.0,29167.0,3820.0,4750.0,-162.0,0.05094736842105263,0.1957894736842105,1571.0,34723.0,,,,,,,,,,,,,18.801,2503.374,373.598,509.965,24.319,0.0368672359867834,0.2674046258076534,307.0,56714.0,10028.0,12681.0,535.0,0.02420944720447914,0.20921063007649238
2005-06-30,484.0,29494.0,4158.0,5309.0,58.0,0.09116594462233943,0.2168016575626295,2765.0,36131.0,1276.0,2528.0,583.0,1.09375,0.495253164556962,,,,,,,,36.189,2525.927,368.94,502.754,32.058,0.0719815257561352,0.26616197981517803,787.0,56494.0,11647.0,14684.0,566.0,0.05359575047670934,0.2068237537455734
2005-09-30,586.0,29436.0,4428.0,5485.0,-153.0,0.10683682771194165,0.1927073837739289,2623.0,35427.0,759.0,1547.0,499.0,1.6955397543632837,0.5093729799612152,,,,,,,,50.594,2561.925,378.489,506.605,26.292,0.09986873402354891,0.2528913058497252,1074.0,58318.0,10047.0,12355.0,1011.0,0.08692836908134359,0.1868069607446378
2005-12-31,681.0,29495.0,4426.0,5168.0,-604.0,0.13177244582043343,0.14357585139318885,2936.0,34104.0,759.0,1325.0,536.0,2.2158490566037736,0.4271698113207547,,,,,,,,70.08,2547.243,445.639,588.175,32.198,0.11914821269180091,0.24233603944404294,1547.0,60058.0,11400.0,13901.0,460.0,0.1112869577728221,0.17991511402057406
2006-03-31,104.0,29918.0,4293.0,5344.0,-92.0,0.019461077844311378,0.19666916167664672,934.0,34823.0,712.0,1337.0,70.0,0.6985789080029918,0.4674644727000748,,,,,,,,21.018,2582.249,454.275,607.354,34.376,0.034605847660507706,0.2520424661729404,412.0,61408.0,11035.0,14264.0,692.0,0.028883903533370725,0.22637408861469432
2006-06-30,245.0,30752.0,4524.0,5975.0,291.0,0.04100418410041841,0.24284518828451881,1680.0,35170.0,740.0,1454.0,-1054.0,1.1554332874828062,0.49105914718019256,,,,,,,,49.012,2642.142,410.373,568.797,43.327,0.08616782437319465,0.2785246757630579,745.0,61269.0,12127.0,14986.0,-160.0,0.04971306552782597,0.19077805952222074
2006-09-30,348.0,30128.0,4605.0,5847.0,15.0,0.059517701385325805,0.2124166239096973,1089.0,14245.0,790.0,1567.0,-1013.0,0.6949585194639438,0.4958519463943842,,,,,,,,73.103,2612.707,431.241,607.818,2.289,0.12027119960251259,0.2905096591413877,1093.0,61458.0,11434.0,14739.0,694.0,0.07415699843951422,0.2242350227288147
2006-12-31,530.0,29145.0,4237.0,5397.0,17.0,0.09820270520659626,0.2149342227163239,653.0,13271.0,696.0,1331.0,3.0,0.4906085649887303,0.47708489857250186,,,,,,,,99.847,2530.368,408.853,584.537,62.977,0.1708138235902945,0.30055240301298297,1681.0,51794.0,13943.0,17541.0,989.0,0.0958326207171769,0.20511943446781825
2007-03-31,182.0,29884.0,4185.0,5427.0,81.0,0.03353602358577483,0.22885572139303484,1429.0,14075.0,725.0,1365.0,13.0,1.046886446886447,0.46886446886446886,,,87.728,139.506,-7.507,,0.37115249523318,26.241,2609.944,402.1,589.238,58.108,0.04453378770547724,0.3175932305791548,451.0,51556.0,11868.0,15365.0,877.0,0.02935242434103482,0.22759518385942076
2007-06-30,364.0,30410.0,4433.0,5879.0,317.0,0.06191529171627828,0.2459601973124681,2779.0,15376.0,798.0,1516.0,23.0,1.8331134564643798,0.4736147757255937,,,82.109,135.204,-8.859,,0.39270287861305886,49.981,2664.863,384.021,563.812,53.863,0.08864834377416586,0.3188846636822203,865.0,53886.0,13102.0,17028.0,1050.0,0.05079868451961475,0.23056142823584683
2007-09-30,515.0,29599.0,4583.0,5946.0,175.0,0.08661284897410024,0.22922973427514295,2810.0,14911.0,845.0,1719.0,104.0,1.6346713205351948,0.508435136707388,,,83.54,144.111,-2.398,,0.4203079570608766,71.262,2724.987,404.953,583.981,59.099,0.12202794268991628,0.30656476837431357,1282.0,54787.0,12796.0,16517.0,1114.0,0.0776170006659805,0.2252830417145971
2007-12-31,714.0,28571.0,4687.0,5644.0,-69.0,0.12650602409638553,0.16956059532246634,1863.0,12474.0,711.0,1386.0,-1056.0,1.344155844155844,0.487012987012987,13.191,1908.659,80.051,136.884,9.05,0.09636626632769353,0.4151909646123724,98.74,2830.45,415.767,599.156,58.62,0.16479848319970092,0.3060788842972447,1731.0,58986.0,14007.0,17477.0,1033.0,0.09904445843108085,0.19854666132631457
2008-03-31,217.0,28766.0,4841.0,5697.0,-341.0,0.03809022292434615,0.15025451992276637,1601.0,14063.0,786.0,1445.0,-12.0,1.1079584775086506,0.4560553633217993,,,69.879,112.367,-11.417,,0.37811813076793005,20.139,2975.395,474.224,668.177,63.261,0.030140217337621615,0.29027188903539036,409.0,60360.0,12181.0,15990.0,1211.0,0.02557848655409631,0.23821138211382115
2008-06-30,473.0,28925.0,5239.0,6179.0,-1461.0,0.07654960349571129,0.15212817608027188,2222.0,14392.0,818.0,1577.0,16.0,1.409004438807863,0.48129359543436906,,,78.628,124.183,-15.628,,0.3668376508861922,40.237,3069.164,430.269,620.75,61.655,0.06481997583568265,0.30685622231171966,807.0,58510.0,13523.0,16962.0,852.0,0.04757693668199505,0.20274731753330974
2008-09-30,687.0,26950.0,5525.0,6421.0,31.0,0.10699268026787105,0.13954212739448685,2067.0,12404.0,865.0,1701.0,-1007.0,1.215167548500882,0.4914756025867137,,,109.229,165.054,-13.144,,0.3382226422867668,63.467,3021.589,478.767,660.463,56.175,0.09609470931755451,0.27510398008669673,1229.0,56519.0,12137.0,15293.0,695.0,0.08036356502975217,0.20636892696004708
2008-12-31,876.0,25175.0,4503.0,5469.0,-347.0,0.16017553483269337,0.1766319253976961,1969.0,11318.0,726.0,1261.0,-121.0,1.5614591593973037,0.42426645519429024,5.186,1326.214,114.463,172.625,-515.766,0.030041998551774078,0.33692686459087623,99.736,2872.717,364.496,517.725,13.111,0.19264281230382926,0.29596600511854754,1674.0,53779.0,10797.0,12664.0,-86.0,0.13218572331017056,0.1474257738471257
2009-03-31,169.0,24518.0,4070.0,4839.0,-375.0,0.03492457119239512,0.15891713163876833,-662.0,10255.0,647.0,1194.0,-49.0,-0.5544388609715243,0.4581239530988275,,,91.004,140.446,5.794,,0.3520356578329037,33.068,2685.089,370.31,486.591,25.399,0.06795851135758778,0.23897071667992217,442.0,55340.0,13314.0,16502.0,610.0,0.026784632165798086,0.19318870439946673
2009-06-30,602.0,24138.0,4140.0,4889.0,-390.0,0.12313356514624668,0.15320106361219063,-3.0,10809.0,656.0,1312.0,-6.0,-0.0022865853658536584,0.5,,,87.449,149.577,10.997,,0.41535797615943626,60.459,2660.908,310.852,445.299,38.493,0.13577169497348973,0.30192522327694427,736.0,57712.0,13383.0,17154.0,998.0,0.04290544479421709,0.21983210912906612
2009-09-30,1103.0,25754.0,4303.0,5127.0,-359.0,0.21513555685586114,0.16071776867563878,-386.0,9962.0,736.0,1465.0,57.0,-0.26348122866894197,0.4976109215017065,2.902,1346.326,77.807,144.261,14.316,0.020116316953299924,0.460651180845828,83.61,2780.148,357.062,515.276,52.131,0.1622625544368455,0.30704709708971495,965.0,58667.0,14004.0,16688.0,-1564.0,0.05782598274209012,0.1608341323106424
2009-12-31,1521.0,25438.0,4325.0,5062.0,-344.0,0.3004741209008297,0.14559462662979059,-330.0,10093.0,643.0,1160.0,-49.0,-0.28448275862068967,0.44568965517241377,4.525,1337.243,88.423,153.964,11.948,0.029389987269751373,0.42569042113740874,100.786,2771.557,382.795,558.228,62.345,0.1805463000781043,0.3142676469112978,1186.0,62053.0,13998.0,17937.0,1268.0,0.06612030997379718,0.21960194012376652
2010-03-31,317.0,25525.0,4360.0,5068.0,-505.0,0.06254932912391475,0.13970007892659828,662.0,10257.0,627.0,1153.0,-38.0,0.5741543798785776,0.4562012142237641,1.564,1204.722,77.409,130.718,2.468,0.0119646873422176,0.40781682706283745,16.141,2756.888,391.098,580.27,63.308,0.027816361349027176,0.3260068588760404,186.0,62970.0,11698.0,15216.0,519.0,0.01222397476340694,0.23120399579390116
2010-06-30,729.0,25885.0,4575.0,5674.0,-11.0,0.12848078956644343,0.1936905181529785,2344.0,11698.0,642.0,1293.0,26.0,1.8128383604021656,0.5034802784222738,3.035,1236.427,83.772,140.455,12.834,0.02160834430956534,0.4035669787476416,33.93,2731.07,380.606,592.483,81.751,0.05726746590197525,0.3576085727354202,443.0,63755.0,12050.0,15573.0,787.0,0.02844667051948886,0.22622487638862132
2010-09-30,1412.0,25357.0,4567.0,5842.0,143.0,0.24169804861348854,0.21824717562478604,2143.0,10701.0,711.0,1513.0,90.0,1.4163912756113681,0.5300727032385988,4.324,1279.159,91.356,160.666,22.998,0.026912974742633787,0.43139183150137556,50.006,2936.66,365.138,585.036,93.689,0.08547508187530341,0.37587088657791995,725.0,65222.0,13288.0,16967.0,837.0,0.04273000530441445,0.21683267519302174
2010-12-31,1962.0,25088.0,4538.0,5586.0,-98.0,0.35123523093447906,0.18761188686000715,1773.0,10327.0,669.0,1226.0,-24.0,1.4461663947797716,0.4543230016313214,9.631,1209.883,95.354,161.041,18.613,0.059804646021820534,0.4078899162325122,75.478,3068.081,384.422,604.975,84.972,0.12476218025538244,0.3645654779123104,1125.0,68565.0,12920.0,16550.0,1164.0,0.06797583081570997,0.21933534743202418
2011-03-31,359.0,27113.0,4758.0,5533.0,-436.0,0.06488342671245256,0.14006867883607446,860.0,11040.0,669.0,1235.0,7.0,0.6963562753036437,0.4582995951417004,1.569,1224.318,74.868,123.981,4.844,0.012655164904299852,0.39613327848621965,31.894,3139.881,439.56,696.53,106.58,0.04578984394067736,0.36892883292894774,417.0,68760.0,11636.0,14910.0,586.0,0.02796780684104628,0.21958417169684774
2011-06-30,748.0,25787.0,5213.0,6114.0,-286.0,0.12234216552175335,0.14736669937847563,2220.0,12441.0,734.0,1411.0,52.0,1.5733522324592488,0.479801559177888,3.404,1212.775,99.006,161.363,15.289,0.02109529446031618,0.3864392704647286,67.627,3292.347,465.853,742.108,114.159,0.09112824548448474,0.37225713777509467,762.0,72119.0,12742.0,16543.0,941.0,0.046061778395696064,0.22976485522577525
2011-09-30,1234.0,24719.0,5325.0,6376.0,-162.0,0.19353826850690087,0.16483688833124216,2352.0,12311.0,793.0,1623.0,82.0,1.4491682070240295,0.5113986444855206,4.461,1260.376,148.541,239.324,37.379,0.018640002674198995,0.3793309488392305,127.111,3269.055,439.512,722.977,116.098,0.1758161048000144,0.3920802459829289,1142.0,74163.0,13908.0,17727.0,1098.0,0.06442150392057314,0.21543408360128619
2011-12-31,1610.0,23848.0,5019.0,5999.0,-1095.0,0.26837806301050177,0.1633605600933489,1528.0,12938.0,891.0,1631.0,-170.0,0.9368485591661557,0.4537093807480074,12.06,1552.793,166.804,267.308,267.131,0.04511649482993401,0.3759857542610023,190.574,3203.824,448.409,707.39,99.443,0.2694044303707997,0.3661078047470278,1713.0,79986.0,15793.0,19555.0,1393.0,0.08759907951930453,0.19238046535412937
2012-03-31,238.0,24511.0,5152.0,6037.0,-1660.0,0.03942355474573463,0.14659599138645021,930.0,14187.0,919.0,1623.0,-23.0,0.5730129390018485,0.43376463339494764,2.138,1571.717,181.563,294.561,30.06,0.007258258900533336,0.3836149388411908,54.784,3363.499,436.489,711.704,114.262,0.07697582140890033,0.3866986837224464,424.0,80205.0,15615.0,19383.0,923.0,0.021874838776247227,0.194397152143631
2012-06-30,733.0,24726.0,5200.0,6453.0,-240.0,0.11359057802572448,0.1941732527506586,2910.0,15983.0,985.0,1866.0,79.0,1.5594855305466238,0.4721329046087889,5.504,1491.775,149.706,239.137,9.335,0.023016095376290575,0.3739739145343465,126.623,3302.707,410.392,684.894,50.089,0.18487970401259174,0.40079486752694576,780.0,81595.0,16299.0,20005.0,967.0,0.03899025243689078,0.18525368657835542
2012-09-30,1153.0,23927.0,5190.0,6428.0,-239.0,0.17937149968886124,0.1925948973242066,2908.0,16376.0,1073.0,2170.0,280.0,1.3400921658986176,0.5055299539170507,13.425,1507.173,182.652,300.586,25.541,0.04466275874458558,0.3923469489596988,218.708,3362.655,418.497,661.226,109.459,0.33076134332285784,0.36708931590711796,1208.0,83654.0,16307.0,20008.0,1032.0,0.06037584966013595,0.18497600959616153
2012-12-31,1888.0,23510.0,4912.0,5937.0,263.0,0.3180057267980462,0.1726461175677952,2003.0,15218.0,977.0,1698.0,-46.0,1.17962308598351,0.4246171967020024,22.392,1603.847,213.692,342.022,28.287,0.06546947272397682,0.3752097818269,280.873,3437.291,471.027,687.596,37.726,0.4084855060238861,0.31496547391200647,1703.0,88896.0,18524.0,22302.0,978.0,0.07636086449645772,0.16940184736794905
2013-03-31,885.0,23852.0,4582.0,6098.0,-341.0,0.1451295506723516,0.24860610036077402,738.0,16557.0,964.0,1691.0,-46.0,0.436428149024246,0.42992312241277353,4.322,1591.726,243.545,399.572,50.674,0.010816573733895269,0.3904853192916421,55.335,3450.445,365.442,586.597,83.987,0.09433222467895336,0.3770135203555422,521.0,90447.0,15308.0,18893.0,1106.0,0.02757635102948182,0.18975281850420792
2013-06-30,1804.0,26216.0,4546.0,6449.0,219.0,0.2797332919832532,0.29508450922623664,2928.0,18496.0,1030.0,2002.0,-28.0,1.4625374625374625,0.4855144855144855,10.051,1675.367,213.174,346.688,28.254,0.02899148513937604,0.38511283920989475,103.168,3335.949,358.599,576.842,82.739,0.17884966767329705,0.37834103619361975,976.0,92091.0,17996.0,21815.0,1088.0,0.04473985789594316,0.175063030025212
2013-09-30,2400.0,26780.0,4703.0,6828.0,289.0,0.351493848857645,0.31121851200937317,2564.0,17804.0,1188.0,2394.0,118.0,1.0710108604845447,0.5037593984962406,14.257,1733.055,220.963,363.269,47.093,0.03924639867426067,0.3917372525593982,135.028,3470.065,353.925,591.196,90.512,0.22839802705025064,0.4013406721290401,1460.0,94633.0,18198.0,22130.0,1158.0,0.06597379123361952,0.17767736104835066
2013-12-31,3114.0,42278.0,5253.0,7337.0,-2001.0,0.42442415156058333,0.28403979828267684,1642.0,16284.0,1031.0,1850.0,-28.0,0.8875675675675676,0.4427027027027027,30.77,1798.205,227.568,376.236,48.518,0.08178377401418259,0.39514560010206357,155.346,3584.797,358.463,639.635,155.933,0.2428666348777037,0.4395819490803348,2098.0,92663.0,19441.0,23785.0,1233.0,0.0882068530586504,0.1826361151986546
2014-03-31,1047.0,43737.0,7382.0,9995.0,480.0,0.10475237618809405,0.26143071535767887,841.0,17369.0,1037.0,1862.0,4.0,0.45166487647690656,0.4430719656283566,4.925,1812.569,219.264,342.008,34.701,0.014400247947416435,0.35889218965638225,23.667,3558.728,376.435,599.843,56.583,0.0394553241431508,0.3724441228788199,497.0,91575.0,16496.0,20465.0,965.0,0.024285365257757145,0.1939408746640606
2014-06-30,2678.0,44811.0,7652.0,11356.0,863.0,0.23582247270165552,0.3261711870376893,3912.0,19989.0,1144.0,2194.0,26.0,1.7830446672743847,0.4785779398359161,13.317,1829.168,231.315,362.609,54.025,0.036725508743577794,0.3620814706750246,46.67,3454.532,372.453,604.721,22.447,0.07717608616204828,0.3840911759307185,946.0,92737.0,18201.0,22045.0,1653.0,0.04291222499432978,0.1743706055794965
2014-09-30,4006.0,44173.0,7642.0,11139.0,942.0,0.3596373103510189,0.31394200556602925,3427.0,18296.0,1219.0,2542.0,192.0,1.3481510621557828,0.5204563335955941,22.722,1833.904,218.51,352.305,36.497,0.0644952526929791,0.37977036942422054,76.682,3393.466,411.342,642.418,72.794,0.11936465043009381,0.35969726875647945,1568.0,92653.0,19579.0,23784.0,1362.0,0.06592667339387824,0.17679952909519003
2014-12-31,5311.0,43771.0,6835.0,10160.0,597.0,0.522736220472441,0.32726377952755903,2391.0,16969.0,1014.0,1887.0,23.0,1.2670906200317964,0.4626391096979332,34.689,1882.542,261.905,403.997,49.39,0.08586449899380441,0.3517154830357652,110.576,5223.103,410.898,598.566,-18.508,0.18473484962393452,0.3135293351109151,2236.0,99198.0,20167.0,24468.0,1466.0,0.09138466568579369,0.1757806114108223
2015-03-31,1409.0,46754.0,6337.0,9827.0,932.0,0.1433804823445609,0.3551439910450799,792.0,17492.0,1018.0,1850.0,-9.0,0.4281081081081081,0.44972972972972974,6.528,1842.372,205.376,311.818,19.685,0.02093528917509573,0.3413593827168412,56.741,9794.759,413.61,692.313,43.115,0.08195859387300253,0.40256791364599537,574.0,97775.0,18021.0,22149.0,1336.0,0.025915391214050294,0.18637410266829202
2015-06-30,3139.0,47868.0,6698.0,10827.0,1704.0,0.28992333979865154,0.38136141128659834,3470.0,20399.0,1127.0,2173.0,143.0,1.5968706856879888,0.48136217211228716,14.258,1871.387,188.314,288.36,14.844,0.049445138021917044,0.34694825912054383,111.723,9770.809,414.575,718.29,52.147,0.1555402414066742,0.4228306115914185,1266.0,98102.0,20880.0,24543.0,1110.0,0.051582936071384915,0.14924825815914924
2015-09-30,4621.0,48715.0,6444.0,10706.0,1693.0,0.4316271249766486,0.39809452643377546,3132.0,18902.0,1254.0,2577.0,184.0,1.2153667054714785,0.5133876600698487,20.108,1837.579,224.653,359.291,34.036,0.05596577704423434,0.37473245920437753,164.568,9675.064,397.434,693.216,65.392,0.23739786733139456,0.4266808613765406,1827.0,98998.0,21147.0,25849.0,1704.0,0.07067971681689814,0.18190258810785717
2015-12-31,6151.0,48415.0,6070.0,9630.0,3281.0,0.6387331256490135,0.36967808930425755,2447.0,17634.0,1041.0,1902.0,-5.0,1.286540483701367,0.4526813880126183,30.651,1792.816,222.264,357.83,9.182,0.08565799401950647,0.3788558812844087,227.649,9615.014,424.595,722.61,174.252,0.31503715697264084,0.41241471886633174,2450.0,94408.0,20143.0,23573.0,1026.0,0.10393246510838672,0.1455054511517414
2016-03-31,1557.0,49909.0,5999.0,9435.0,700.0,0.16502384737678855,0.36417594064652886,1404.0,19308.0,1074.0,1881.0,-51.0,0.7464114832535885,0.42902711323763953,7.093,1933.497,180.779,286.535,10.208,0.024754393006090003,0.36908580103652266,58.12,9438.968,354.125,657.211,228.186,0.08843430800762617,0.46117000476254966,748.0,91547.0,18638.0,22632.0,1219.0,0.033050547896783314,0.1764757864969954
2016-06-30,3063.0,51051.0,6431.0,10363.0,950.0,0.29557078066197046,0.37942680690919617,3171.0,20483.0,1164.0,2243.0,36.0,1.4137316094516272,0.4810521622826572,14.004,1916.535,234.353,367.376,20.888,0.038118984364792476,0.36208952136230993,99.509,9312.381,353.27,669.327,-314.821,0.14867023144143296,0.4722011811864754,1419.0,89609.0,21862.0,24755.0,-234.0,0.05732175318117552,0.11686527974146638
2016-09-30,4271.0,51108.0,6660.0,10593.0,737.0,0.4031907863683565,0.37128292268479185,2903.0,19475.0,1276.0,2656.0,209.0,1.0929969879518073,0.5195783132530121,20.847,1868.513,229.203,373.121,26.183,0.055871955746259264,0.38571401770471236,141.301,9396.944,367.044,654.01,128.22,0.21605327135670707,0.4387792235592728,2014.0,88950.0,19416.0,23898.0,2279.0,0.08427483471420202,0.18754707506904345
2016-12-31,5731.0,51274.0,6605.0,9789.0,289.0,0.5854530595566452,0.32526305036265196,2147.0,17643.0,1022.0,1879.0,-31.0,1.1426290580095795,0.456093666844066,30.467,1861.684,257.647,417.421,41.509,0.07298866132753264,0.38276464289051104,196.654,8161.207,406.019,696.655,602.09,0.28228319613007874,0.41718784764338157,2613.0,89997.0,18905.0,23286.0,1631.0,0.112213347075496,0.18813879584299578
2017-03-31,1714.0,52627.0,6774.0,9820.0,340.0,0.1745417515274949,0.310183299389002,1028.0,18978.0,1079.0,1839.0,-107.0,0.55899945622621,0.4132680804785209,3.548,1867.265,216.271,330.485,12.175,0.010735736871567545,0.34559511021680267,54.143,7366.468,399.65,722.063,51.213,0.07498376180471787,0.44651643970124494,466.0,89673.0,17592.0,21961.0,1579.0,0.02121943445198306,0.1989435818041073
2017-06-30,3194.0,53336.0,7122.0,11227.0,864.0,0.2844927407143493,0.3656364122205398,3143.0,20832.0,1189.0,2238.0,3.0,1.4043789097408401,0.46872207327971405,10.03,1887.53,256.097,394.875,25.291,0.025400443178220954,0.3514479265590377,97.765,7291.989,402.475,737.258,103.333,0.13260622468660901,0.45409205461317476,905.0,90036.0,18201.0,23051.0,1749.0,0.03926076959784825,0.21040301939178344
2017-09-30,4563.0,52401.0,7226.0,10964.0,661.0,0.4161802261948194,0.34093396570594675,2938.0,19873.0,1323.0,2752.0,245.0,1.0675872093023255,0.5192587209302325,16.658,2000.974,294.963,460.966,39.435,0.036137155451812064,0.36011983530238667,187.519,7523.3,416.812,754.866,118.67,0.2484136257295997,0.44783312534939973,1304.0,91007.0,19415.0,24223.0,1810.0,0.053833133798456015,0.1984890393427734
2017-12-31,5971.0,51396.0,7278.0,10611.0,-583.0,0.5627179342192065,0.31410800113090187,2135.0,17699.0,1117.0,2019.0,220.0,1.057454185240218,0.4467558197127291,33.261,2019.964,304.129,493.047,80.907,0.06746010015272377,0.38316428251262047,317.703,7750.772,495.386,857.789,-218.366,0.37037429950722145,0.4224850167115689,1739.0,92333.0,19287.0,24770.0,3320.0,0.07020589422688736,0.2213564796124344
2018-03-31,779.0,53280.0,7396.0,10401.0,159.0,0.07489664455340833,0.2889145274492837,1711.0,19222.0,1148.0,1968.0,-87.0,0.869410569105691,0.4166666666666667,6.496,2077.468,252.113,400.091,33.645,0.016236306240330324,0.369860856655111,131.815,7556.34,464.22,821.629,131.76,0.160431289547959,0.4350004685813183,394.0,113549.0,18307.0,23382.0,2477.0,0.016850568813617312,0.21704730134291336
2018-06-30,1731.0,52622.0,7974.0,11643.0,557.0,0.14867302241690286,0.3151249677918062,3667.0,20919.0,1239.0,2328.0,26.0,1.5751718213058419,0.4677835051546392,12.326,2209.275,312.99,497.581,53.261,0.024771846191876296,0.3709767856891642,280.945,7538.363,491.144,853.874,302.461,0.32902395435392107,0.424805064915901,770.0,113195.0,19012.0,24258.0,2196.0,0.03174210569708962,0.21625855387913265
2018-09-30,2736.0,52635.0,8230.0,11559.0,372.0,0.23669867635608616,0.28800069210139284,3484.0,19741.0,1366.0,2778.0,213.0,1.2541396688264939,0.5082793376529877,25.577,2332.673,355.891,562.388,75.776,0.04547927765172799,0.3671788871739795,471.675,7487.195,445.004,777.748,129.745,0.6064625045644605,0.42783009406645855,1227.0,114659.0,20499.0,25146.0,2363.0,0.048795036984013364,0.184800763540921
2018-12-31,3745.0,60580.0,7765.0,10938.0,324.0,0.34238434814408486,0.29008959590418726,3172.0,19149.0,1139.0,2050.0,13.0,1.5473170731707317,0.44439024390243903,47.601,2426.314,352.134,563.404,75.575,0.08448821804602026,0.37498846298570826,699.991,7581.674,552.128,921.699,129.596,0.7594572631629198,0.4009671270121807,1722.0,117359.0,21489.0,28341.0,3424.0,0.06076002963903885,0.2417698740340849
2019-03-31,1305.0,60787.0,7646.0,10584.0,185.0,0.12329931972789115,0.27758881330309904,1350.0,22902.0,1128.0,1920.0,-91.0,0.703125,0.4125,15.902,2473.722,300.913,470.353,44.861,0.03380865009896822,0.3602400750074944,216.132,7871.062,498.895,832.064,133.569,0.2597540573802015,0.4004127086377971,501.0,120209.0,18106.0,22917.0,2149.0,0.02186150019636078,0.20993149190557228
2019-06-30,2323.0,61967.0,8190.0,11960.0,662.0,0.19423076923076923,0.31521739130434784,3059.0,24455.0,1278.0,2337.0,62.0,1.3089430894308942,0.45314505776636715,34.376,2523.109,338.589,541.916,61.958,0.06343418537190265,0.37520021553155847,415.626,8094.414,506.09,885.052,154.198,0.46960630561820094,0.4281804910897891,922.0,126261.0,17248.0,21361.0,-2942.0,0.04316277327840457,0.1925471653948785
2019-09-30,3129.0,61175.0,8264.0,11911.0,425.0,0.2626983460666611,0.30618755771975487,2973.0,23108.0,1363.0,2753.0,189.0,1.0799128223755903,0.5049037413730476,45.447,2594.121,375.53,601.135,75.574,0.07560198624269092,0.3752983938715929,608.456,8141.603,515.293,879.747,155.07,0.691626115235403,0.4142713757478002,1387.0,132598.0,16339.0,20010.0,1167.0,0.06931534232883559,0.18345827086456773
2019-12-31,4268.0,59995.0,7927.0,11313.0,414.0,0.3772650932555467,0.29930168832316806,2677.0,23126.0,1228.0,2162.0,142.0,1.2382053654024052,0.4320074005550416,60.802,2665.669,359.287,590.932,69.614,0.10289170327550377,0.39199941786872267,851.796,9860.863,596.187,992.564,90.391,0.8581774071999388,0.39934654087796856,1834.0,133625.0,17774.0,20530.0,-1010.0,0.0893326838772528,0.1342425718460789
2020-03-31,845.0,58580.0,7541.0,8515.0,-2241.0,0.09923664122137404,0.11438637698179682,1297.0,23552.0,1107.0,1753.0,-158.0,0.739874500855676,0.3685111237877924,12.894,2654.077,295.159,475.915,44.46,0.027093073342928882,0.3798073185337718,214.529,9847.638,442.433,738.845,107.204,0.2903572467838315,0.4011829274069663,428.0,143075.0,15266.0,16878.0,-628.0,0.025358454793221945,0.09550894655764901
2020-06-30,1233.0,64544.0,4538.0,1622.0,-2067.0,0.7601726263871763,-1.7977805178791615,-449.0,21690.0,592.0,760.0,-481.0,-0.5907894736842105,0.22105263157894736,26.332,2767.625,322.411,546.848,66.145,0.04815232020598046,0.41041934870384456,418.991,10170.253,472.849,764.049,85.624,0.5483823681465456,0.3811273884266585,776.0,162872.0,11422.0,12358.0,-2376.0,0.0627933322544101,0.07574041106975239
2020-09-30,1810.0,62773.0,5191.0,3172.0,-2399.0,0.5706179066834804,-0.6365069356872636,-2562.0,19596.0,867.0,1534.0,45.0,-1.6701434159061277,0.4348109517601043,33.94,2974.075,415.746,701.355,114.97,0.04839204112040264,0.4072245866929016,621.371,10231.983,434.133,746.868,98.301,0.8319689690815512,0.41872861067819217,1038.0,161261.0,11940.0,13988.0,-449.0,0.0742064626822991,0.14641120960823564
2020-12-31,1958.0,62008.0,5237.0,4028.0,-2178.0,0.48609731876861967,-0.30014895729890767,-3258.0,17538.0,828.0,1355.0,-90.0,-2.4044280442804427,0.388929889298893,62.128,3235.423,451.134,761.082,125.001,0.0816311514396609,0.4072465253415532,850.477,10450.946,550.657,879.147,84.635,0.9673888439589738,0.37364627303511244,1303.0,152136.0,19911.0,15432.0,-8420.0,0.08443494038361846,-0.2902410575427683
2021-03-31,-19.0,68649.0,5820.0,4008.0,-1250.0,-0.004740518962075849,-0.45209580838323354,1365.0,18609.0,859.0,1372.0,-170.0,0.9948979591836735,0.3739067055393586,27.469,3422.138,476.362,807.434,148.993,0.03402011805299257,0.41002979810114504,179.683,10290.302,503.344,829.291,95.677,0.21667062587197977,0.393042972852714,291.0,150035.0,12695.0,15247.0,-537.0,0.019085721781334032,0.16737718895520431
2021-06-30,-118.0,72464.0,6697.0,7478.0,19.0,-0.015779620219309978,0.10443968975661942,3925.0,22013.0,1085.0,2371.0,398.0,1.6554196541543653,0.542387178405736,54.222,3706.926,570.069,919.981,127.036,0.05893817372315298,0.380346985426873,396.915,10796.926,464.056,773.896,424.6,0.512878991492397,0.40036387318192623,513.0,148935.0,13513.0,16960.0,587.0,0.030247641509433962,0.2032429245283019
2021-09-30,25.0,68437.0,7448.0,8969.0,170.0,0.0027873787490244172,0.16958412309064555,4788.0,21610.0,1269.0,3001.0,675.0,1.5954681772742418,0.5771409530156615,87.456,4100.43,595.694,942.698,131.57,0.09277202242924033,0.36809667571162774,652.739,10832.325,519.211,830.566,-392.781,0.7858966054473696,0.3748708711890446,758.0,146846.0,12435.0,15285.0,-109.0,0.049591102387962056,0.18645731108930325
2021-12-31,412.0,66467.0,8004.0,9427.0,-932.0,0.043704253739259576,0.15094940065768536,6085.0,22600.0,1198.0,2569.0,382.0,2.368625924484235,0.5336706889840405,109.992,4877.78,692.822,1067.071,142.895,0.10307842683382831,0.3507254906187123,953.667,10974.118,578.875,894.204,-3.824,1.0664982487217682,0.35263653483992463,980.0,138552.0,16095.0,14780.0,-4143.0,0.06630581867388363,-0.08897158322056833
2022-03-31,807.0,67401.0,8276.0,8899.0,-1635.0,0.09068434655579279,0.07000786605236543,1148.0,23573.0,1186.0,2432.0,529.0,0.4720394736842105,0.5123355263157895,28.2,5151.533,762.701,1135.856,113.858,0.024827090757983405,0.32852315786508146,231.698,11416.058,612.124,1127.728,253.383,0.20545557084687088,0.45720599293446645,349.0,135801.0,12652.0,13991.0,-1219.0,0.02494460724751626,0.09570438138803516
2022-06-30,1405.0,67963.0,9933.0,13422.0,476.0,0.10467888541201013,0.2599463567277604,3751.0,26095.0,1383.0,3244.0,778.0,1.156288532675709,0.5736744759556104,46.503,5472.951,821.184,1291.391,156.359,0.036010007813280405,0.364108933700173,502.607,12520.405,827.676,1479.593,406.773,0.339692739827777,0.4406056260066113,612.0,135479.0,13670.0,16681.0,193.0,0.036688447934776096,0.18050476590132486
2022-09-30,1860.0,66652.0,10064.0,13462.0,483.0,0.13816669142772248,0.25241420294161343,3458.0,25197.0,1502.0,3547.0,1034.0,0.9749083732731886,0.5765435579362842,64.833,5246.293,713.74,1088.258,58.27,0.05957502724537747,0.34414449514729045,815.934,13828.502,967.578,2091.805,897.215,0.39006217118708486,0.537443499752606,896.0,137558.0,15837.0,15956.0,-3275.0,0.05615442466783655,0.0074580095261970415
2022-12-31,2906.0,64716.0,9358.0,13188.0,803.0,0.22035183500151653,0.29041552926903247,4131.0,25927.0,1360.0,2771.0,423.0,1.49079754601227,0.50920245398773,86.188,5169.462,692.287,1049.232,71.015,0.08214389191332327,0.3401964484499138,1261.646,15456.522,1534.098,2620.978,1132.445,0.4813645898592052,0.4146849000640219,1222.0,137100.0,17187.0,19980.0,-634.0,0.06116116116116116,0.1397897897897898
2023-03-31,505.0,66786.0,9274.0,12189.0,10.0,0.04143079826072688,0.23915005332677003,1641.0,27388.0,1345.0,2557.0,312.0,0.6417676965193586,0.47399296050058665,23.977,5211.132,601.283,887.91,12.43,0.027003863004133304,0.32281087047110624,415.608,17564.358,1216.441,2580.252,1238.58,0.16107263941661512,0.5285572882028576,468.0,136347.0,15036.0,17921.0,-414.0,0.026114614139835946,0.16098432007142457
2023-06-30,1244.0,67260.0,9340.0,14055.0,1338.0,0.08850942725008894,0.3354678050515831,5009.0,31395.0,1515.0,3123.0,435.0,1.6039065001601025,0.5148895292987512,53.9,5321.971,657.145,1000.42,45.198,0.05387737150396833,0.3431308850282881,919.295,19109.668,1718.618,2370.19,650.043,0.38785709162556586,0.27490285588919033,764.0,134774.0,16906.0,19751.0,-149.0,0.03868158574249405,0.1440433395777429
2023-09-30,1753.0,65711.0,10225.0,13482.0,-545.0,0.13002521881026555,0.24158136774959205,6683.0,32304.0,1591.0,3564.0,626.0,1.8751402918069584,0.5535914702581369,77.718,5166.341,678.647,1070.667,60.377,0.07258839583175722,0.366145589618434,1465.193,18883.354,2150.217,2310.596,302.533,0.6341190757709266,0.06941023008782146,1096.0,134281.0,16048.0,18104.0,-1636.0,0.06053910737958462,0.11356606274856386
2023-12-31,2596.0,63058.0,9877.0,13062.0,19.0,0.19874444954830808,0.24383708467309753,7055.0,32569.0,1391.0,2764.0,259.0,2.5524602026049203,0.4967438494934877,129.06,5093.312,657.753,1063.67,96.601,0.12133462446059398,0.38161929921874266,2149.281,18270.652,2916.074,2356.165,-617.68,0.9121946043676907,-0.23763573433948815,1527.0,137012.0,18692.0,22018.0,-23.0,0.06935234807884458,0.1510582250885639
2024-03-31,824.0,64384.0,10000.0,12570.0,-312.0,0.06555290373906125,0.20445505171042164,1524.0,33528.0,1379.0,2551.0,-114.0,0.5974127793022345,0.4594276754214034,26.82,5129.52,555.742,889.273,26.232,0.030159467340175626,0.3750603020669694,579.322,19032.333,1198.047,1360.736,2.448,0.425741657455965,0.11955956188415685,567.0,134484.0,14171.0,17012.0,-343.0,0.03332941453091935,0.16699976487185517
2024-06-30,1475.0,64125.0,10302.0,14334.0,717.0,0.10290219059578624,0.2812892423608204,2566.0,33882.0,1571.0,3048.0,14.0,0.8418635170603674,0.48458005249343833,54.772,5118.566,604.547,998.197,59.115,0.05487093229092053,0.3943610329423951,1026.936,18388.282,1302.684,1430.385,-188.198,0.7179437703834981,0.08927736238844788,971.0,142720.0,15119.0,16866.0,-1439.0,0.0575714455116803,0.10358116921617455
2024-09-30,1943.0,63528.0,10308.0,13647.0,-149.0,0.14237561368799004,0.24466915805671577,2635.0,32749.0,1616.0,3480.0,237.0,0.757183908045977,0.535632183908046,83.399,5186.939,682.299,1173.563,113.742,0.07106478305808892,0.4186089711417283,1330.062,17455.186,1295.224,1354.692,-1068.992,0.9818187455155858,0.04389780112379794,1582.0,137695.0,20851.0,17840.0,-6170.0,0.08867713004484305,-0.1687780269058296
2024-12-31,2683.0,61783.0,9891.0,13660.0,590.0,0.19641288433382137,0.2759150805270864,2668.0,29041.0,1586.0,2710.0,-1958.0,0.9845018450184502,0.414760147601476,136.733,5109.331,713.595,1234.801,117.226,0.11073282253577703,0.42209716383449636,1685.79,16609.649,926.594,1231.713,75.293,1.3686548733349408,0.2477192332954186,2230.0,156363.0,16322.0,15242.0,-3865.0,0.14630625902112585,-0.07085684293399816
2025-03-31,824.0,62609.0,10126.0,12551.0,-473.0,0.06565213927177117,0.19321169627918094,729.0,29044.0,1381.0,2430.0,-505.0,0.3,0.4316872427983539,30.937,5060.454,549.483,942.121,43.84,0.032837607908113714,0.41675963066315264,182.624,16999.258,758.828,1076.881,41.348,0.16958605454084524,0.295346468179864,674.0,156494.0,16613.0,19496.0,-37.0,0.03457119409109561,0.14787648748461224
