"DATE","TIME PERIOD","Lending for house purchase vis-a-vis euro area households reported by MFIs excl. ESCB in Germany (stocks) (BSI.M.DE.N.A.A22.A.1.U2.2250.Z01.E)","Lending for house purchase vis-a-vis euro area households reported by MFIs excl. ESCB in Spain (stocks) (BSI.M.ES.N.A.A22.A.1.U2.2250.Z01.E)","Lending for house purchase vis-a-vis euro area households reported by MFIs excl. ESCB in France (stocks) (BSI.M.FR.N.A.A22.A.1.U2.2250.Z01.E)","Lending for house purchase vis-a-vis euro area households reported by MFIs excl. ESCB in the euro area (stocks) (BSI.M.U2.N.A.A22.A.1.U2.2250.Z01.E)","Lending for house purchase vis-a-vis domestic households reported by MFIs excl. ESCB in the euro area (stocks) (BSI.M.U2.N.A.A22.F.1.U6.2250.EUR.E)","HICP - Actual rentals for housing (ICP.M.U2.N.041000.4.INX)"
"1996-01-31","1996Jan","","","","","","71.07"
"1996-02-29","1996Feb","","","","","","71.25"
"1996-03-31","1996Mar","","","","","","71.38"
"1996-04-30","1996Apr","","","","","","71.56"
"1996-05-31","1996May","","","","","","71.68"
"1996-06-30","1996Jun","","","","","","71.79"
"1996-07-31","1996Jul","","","","","","72.20"
"1996-08-31","1996Aug","","","","","","72.33"
"1996-09-30","1996Sep","","","","","","72.51"
"1996-10-31","1996Oct","","","","","","72.72"
"1996-11-30","1996Nov","","","","","","72.83"
"1996-12-31","1996Dec","","","","","","72.92"
"1997-01-31","1997Jan","","","","","","73.27"
"1997-02-28","1997Feb","","","","","","73.44"
"1997-03-31","1997Mar","","","","","","73.57"
"1997-04-30","1997Apr","","","","","","73.70"
"1997-05-31","1997May","","","","","","73.81"
"1997-06-30","1997Jun","","","","","","73.87"
"1997-07-31","1997Jul","","","","","","74.28"
"1997-08-31","1997Aug","","","","","","74.40"
"1997-09-30","1997Sep","","","","1385876.05","","74.45"
"1997-10-31","1997Oct","","","","1388570.94","","74.65"
"1997-11-30","1997Nov","","","","1397989.20","","74.73"
"1997-12-31","1997Dec","","","","1418471.07","","74.81"
"1998-01-31","1998Jan","","","","1422736.07","","74.92"
"1998-02-28","1998Feb","","","","1429646.91","","75.06"
"1998-03-31","1998Mar","","","","1438777.89","","75.10"
"1998-04-30","1998Apr","","","","1453428.61","","75.35"
"1998-05-31","1998May","","","","1460991.73","","75.41"
"1998-06-30","1998Jun","","","","1474901.96","","75.49"
"1998-07-31","1998Jul","","","","1486268.95","","75.80"
"1998-08-31","1998Aug","","","","1493906.51","","75.89"
"1998-09-30","1998Sep","","","","1509794.84","","75.98"
"1998-10-31","1998Oct","","","","1518958.70","","76.14"
"1998-11-30","1998Nov","","","","1526281.74","","76.18"
"1998-12-31","1998Dec","","","","1543012.47","","76.24"
"1999-01-31","1999Jan","","","","1538966.13","","76.35"
"1999-02-28","1999Feb","","","","1538821.87","","76.42"
"1999-03-31","1999Mar","","","","1548519.03","","76.49"
"1999-04-30","1999Apr","","","","1560265.09","","76.66"
"1999-05-31","1999May","","","","1576630.21","","76.73"
"1999-06-30","1999Jun","","","","1601336.86","","76.80"
"1999-07-31","1999Jul","","","","1620041.10","","77.07"
"1999-08-31","1999Aug","","","","1629923.83","","77.15"
"1999-09-30","1999Sep","","","","1650880.55","","77.20"
"1999-10-31","1999Oct","","","","1669244.36","","77.29"
"1999-11-30","1999Nov","","","","1687185.86","","77.39"
"1999-12-31","1999Dec","","","","1706533.70","","77.43"
"2000-01-31","2000Jan","","","","1712780.61","","77.33"
"2000-02-29","2000Feb","","","","1721042.43","","77.46"
"2000-03-31","2000Mar","","","","1737085.00","","77.52"
"2000-04-30","2000Apr","","","","1750267.52","","77.62"
"2000-05-31","2000May","","","","1761989.45","","77.70"
"2000-06-30","2000Jun","","","","1779151.00","","77.75"
"2000-07-31","2000Jul","","","","1787498.70","","78.02"
"2000-08-31","2000Aug","","","","1794755.87","","78.05"
"2000-09-30","2000Sep","","","","1832601.17","","78.13"
"2000-10-31","2000Oct","","","","1847848.56","","78.22"
"2000-11-30","2000Nov","","","","1855846.37","","78.29"
"2000-12-31","2000Dec","","","","1875843.65","","78.35"
"2001-01-31","2001Jan","","","","1894326.10","","78.35"
"2001-02-28","2001Feb","","","","1898829.96","","78.48"
"2001-03-31","2001Mar","","","","1915103.69","","78.55"
"2001-04-30","2001Apr","","","","1929787.86","","78.64"
"2001-05-31","2001May","","","","1941546.91","","78.73"
"2001-06-30","2001Jun","","","","1953922.07","","78.81"
"2001-07-31","2001Jul","","","","1965785.09","","79.09"
"2001-08-31","2001Aug","","","","1973352.57","","79.20"
"2001-09-30","2001Sep","","","","1990997.67","","79.27"
"2001-10-31","2001Oct","","","","2005556.37","","79.40"
"2001-11-30","2001Nov","","","","2015145.32","","79.48"
"2001-12-31","2001Dec","","","","2026153.00","","79.55"
"2002-01-31","2002Jan","","","","2037652.35","","79.75"
"2002-02-28","2002Feb","","","","2044523.05","","79.95"
"2002-03-31","2002Mar","","","","2064388.81","","80.08"
"2002-04-30","2002Apr","","","","2080608.94","","80.26"
"2002-05-31","2002May","","","","2092054.10","","80.35"
"2002-06-30","2002Jun","","","","2108387.21","","80.42"
"2002-07-31","2002Jul","","","","2119104.29","","80.71"
"2002-08-31","2002Aug","","","","2131581.95","","80.83"
"2002-09-30","2002Sep","","","","2149778.61","","80.94"
"2002-10-31","2002Oct","","","","2160753.15","","81.10"
"2002-11-30","2002Nov","","","","2172008.75","","81.20"
"2002-12-31","2002Dec","","","","2188582.14","","81.29"
"2003-01-31","2003Jan","913276.00","239000.00","351330.00","2192216.00","","81.45"
"2003-02-28","2003Feb","914664.00","242451.00","353173.00","2205513.00","","81.57"
"2003-03-31","2003Mar","921356.00","245865.00","355351.00","2224711.00","","81.69"
"2003-04-30","2003Apr","921416.00","250239.00","357467.00","2235138.00","","81.91"
"2003-05-31","2003May","923697.00","254067.00","358873.00","2249880.00","","82.00"
"2003-06-30","2003Jun","924700.00","257531.00","362184.00","2262745.00","","82.06"
"2003-07-31","2003Jul","926521.00","261996.00","368154.00","2285513.00","","82.30"
"2003-08-31","2003Aug","928684.00","264896.00","371047.00","2300340.00","","82.38"
"2003-09-30","2003Sep","930259.00","265990.00","375041.00","2310283.00","","82.46"
"2003-10-31","2003Oct","933729.00","270471.00","378256.00","2328927.00","","82.58"
"2003-11-30","2003Nov","935754.00","275020.00","380238.00","2342876.00","","82.68"
"2003-12-31","2003Dec","937379.00","277573.00","385078.00","2360453.00","","82.76"
"2004-01-31","2004Jan","936871.00","280389.00","388593.00","2372606.00","","82.90"
"2004-02-29","2004Feb","935607.00","284541.00","391408.00","2384915.00","","83.02"
"2004-03-31","2004Mar","931475.00","290334.00","395548.00","2400248.00","","83.14"
"2004-04-30","2004Apr","932197.00","295258.00","398443.00","2419220.00","","83.32"
"2004-05-31","2004May","933558.00","300533.00","402052.00","2439564.00","","83.40"
"2004-06-30","2004Jun","938066.00","303232.00","408458.00","2463756.00","","83.48"
"2004-07-31","2004Jul","940461.00","306802.00","415171.00","2490989.00","","83.81"
"2004-08-31","2004Aug","942649.00","310738.00","418606.00","2507979.00","","83.94"
"2004-09-30","2004Sep","946700.00","316791.00","422246.00","2533580.00","","84.05"
"2004-10-31","2004Oct","947774.00","322960.00","425270.00","2554051.00","","84.25"
"2004-11-30","2004Nov","948440.00","329263.00","427902.00","2572078.00","","84.41"
"2004-12-31","2004Dec","949457.00","335665.00","432396.00","2591495.00","","84.51"
"2005-01-31","2005Jan","947170.00","342175.00","435911.00","2607098.00","","84.66"
"2005-02-28","2005Feb","946710.00","348497.00","439132.00","2621939.00","","84.79"
"2005-03-31","2005Mar","946567.00","353692.00","443843.00","2640262.00","","84.89"
"2005-04-30","2005Apr","946620.00","359958.00","447095.00","2662188.00","","85.08"
"2005-05-31","2005May","947275.00","365698.00","451683.00","2686138.00","","85.18"
"2005-06-30","2005Jun","948569.00","397093.00","459740.00","2742016.00","","85.26"
"2005-07-31","2005Jul","951271.00","407706.00","467564.00","2777638.00","","85.50"
"2005-08-31","2005Aug","953105.00","412792.00","472282.00","2799801.00","","85.62"
"2005-09-30","2005Sep","955216.00","421193.00","477642.00","2824519.00","","85.74"
"2005-10-31","2005Oct","956604.00","430228.00","480439.00","2856029.00","","85.84"
"2005-11-30","2005Nov","959266.00","439350.00","485854.00","2881533.00","","85.98"
"2005-12-31","2005Dec","961186.00","450982.00","495105.00","2911593.00","","86.08"
"2006-01-31","2006Jan","967706.00","458371.00","500416.00","2937507.00","","86.33"
"2006-02-28","2006Feb","968246.00","466591.00","505607.00","2957566.00","","86.49"
"2006-03-31","2006Mar","968337.00","477449.00","512360.00","2993985.00","","86.63"
"2006-04-30","2006Apr","968459.00","484786.00","516578.00","3018188.00","","86.81"
"2006-05-31","2006May","968901.00","494211.00","521380.00","3043160.00","","86.94"
"2006-06-30","2006Jun","969945.00","504535.00","531165.00","3071750.00","","87.04"
"2006-07-31","2006Jul","971094.00","513797.00","540102.00","3101021.00","","87.32"
"2006-08-31","2006Aug","972965.00","518887.00","545322.00","3115003.00","","87.43"
"2006-09-30","2006Sep","975100.00","525856.00","552022.00","3139698.00","","87.53"
"2006-10-31","2006Oct","975304.00","532268.00","556973.00","3157412.00","","87.67"
"2006-11-30","2006Nov","975870.00","541907.00","561757.00","3181787.00","","87.79"
"2006-12-31","2006Dec","976123.00","551506.00","569975.00","3203783.00","","87.88"
"2007-01-31","2007Jan","973114.00","556586.00","575197.00","3222784.95","","88.08"
"2007-02-28","2007Feb","972492.00","563407.00","580171.00","3244259.14","","88.23"
"2007-03-31","2007Mar","971999.00","573826.00","586755.00","3265287.83","","88.39"
"2007-04-30","2007Apr","970157.00","580258.00","590842.00","3278429.89","","88.60"
"2007-05-31","2007May","969211.00","587322.00","597242.00","3303862.46","","88.70"
"2007-06-30","2007Jun","970016.00","596619.00","605984.00","3327011.56","","88.79"
"2007-07-31","2007Jul","968595.00","605210.00","613634.00","3349355.30","","88.99"
"2007-08-31","2007Aug","969230.00","608065.00","619089.00","3364814.06","","89.14"
"2007-09-30","2007Sep","969862.00","612786.00","625162.00","3383201.56","","89.21"
"2007-10-31","2007Oct","968744.00","618530.00","630574.00","3397312.41","","89.39"
"2007-11-30","2007Nov","968952.00","624312.00","636254.00","3416882.30","","89.50"
"2007-12-31","2007Dec","967492.00","626573.00","643142.00","3429453.94","","89.58"
"2008-01-31","2008Jan","965151.00","629977.00","647830.00","3449662.72","","89.77"
"2008-02-29","2008Feb","964312.00","634430.00","653244.00","3465825.68","","89.91"
"2008-03-31","2008Mar","962903.00","638070.00","658172.00","3470029.37","","90.08"
"2008-04-30","2008Apr","962265.00","642947.00","660095.00","3476464.72","","90.21"
"2008-05-31","2008May","962239.00","646543.00","663153.00","3489283.58","","90.34"
"2008-06-30","2008Jun","962159.00","648319.00","670467.00","3475834.04","","90.44"
"2008-07-31","2008Jul","962796.00","651508.00","679059.00","3494763.05","","90.66"
"2008-08-31","2008Aug","963218.00","653283.00","681885.00","3506626.47","","90.76"
"2008-09-30","2008Sep","963105.00","654979.00","687832.00","3525771.88","","90.88"
"2008-10-31","2008Oct","962550.00","656998.00","690183.00","3524889.83","","91.06"
"2008-11-30","2008Nov","962548.00","658424.00","688973.00","3514473.90","","91.12"
"2008-12-31","2008Dec","959840.00","658094.00","691182.00","3491098.55","","91.21"
"2009-01-31","2009Jan","956829.00","658106.00","691978.00","3493702.45","","91.36"
"2009-02-28","2009Feb","955905.00","657606.00","692258.00","3492279.68","","91.50"
"2009-03-31","2009Mar","953998.00","654316.00","692432.00","3481950.70","","91.66"
"2009-04-30","2009Apr","954953.00","654780.00","691610.00","3479839.94","","91.85"
"2009-05-31","2009May","955294.00","654668.00","692130.00","3481961.92","","91.92"
"2009-06-30","2009Jun","955100.00","654377.00","695850.00","3488241.21","","92.03"
"2009-07-31","2009Jul","956151.00","655504.00","700147.00","3500188.33","","92.32"
"2009-08-31","2009Aug","958947.00","654982.00","702440.00","3503762.89","","92.39"
"2009-09-30","2009Sep","960099.00","655108.00","705707.00","3515500.08","","92.48"
"2009-10-31","2009Oct","961746.00","656000.00","707040.00","3523110.83","","92.56"
"2009-11-30","2009Nov","962771.00","656418.00","709105.00","3530955.62","","92.67"
"2009-12-31","2009Dec","962332.00","657191.00","716448.00","3551673.09","","92.71"
"2010-01-31","2010Jan","959828.00","657498.00","718541.00","3557555.69","","92.83"
"2010-02-28","2010Feb","958746.00","657951.00","720665.00","3565159.08","","92.95"
"2010-03-31","2010Mar","959131.00","658067.00","724732.00","3576093.11","","93.10"
"2010-04-30","2010Apr","959652.00","658360.00","726067.00","3583022.57","","93.27"
"2010-05-31","2010May","960190.00","660318.00","729107.00","3596835.90","","93.29"
"2010-06-30","2010Jun","960486.00","663145.00","737556.00","3626792.62","","93.43"
"2010-07-31","2010Jul","962399.00","663572.00","745039.00","3639490.20","","93.76"
"2010-08-31","2010Aug","964125.00","662532.00","748851.00","3649510.77","","94.03"
"2010-09-30","2010Sep","965474.00","661727.00","753399.00","3657796.83","","93.79"
"2010-10-31","2010Oct","967017.00","661400.00","756300.00","3674746.70","","93.74"
"2010-11-30","2010Nov","968757.00","662795.00","762335.00","3683084.06","","93.83"
"2010-12-31","2010Dec","968542.00","665222.00","775265.00","3706884.11","","93.95"
"2011-01-31","2011Jan","966614.00","663462.00","777015.00","3724575.89","","94.06"
"2011-02-28","2011Feb","966891.00","661595.00","780786.00","3727625.61","","94.19"
"2011-03-31","2011Mar","967337.00","660495.00","784504.00","3756611.91","","94.34"
"2011-04-30","2011Apr","967775.00","662665.00","787588.00","3766764.22","","94.50"
"2011-05-31","2011May","969556.00","660901.00","794283.00","3780077.76","","94.56"
"2011-06-30","2011Jun","970857.00","661302.00","800275.00","3794674.82","","94.69"
"2011-07-31","2011Jul","972615.00","660728.00","807472.00","3798915.07","","95.02"
"2011-08-31","2011Aug","974078.00","658515.00","809514.00","3799390.22","","95.28"
"2011-09-30","2011Sep","976036.00","657992.00","813570.00","3809796.95","","95.07"
"2011-10-31","2011Oct","977236.00","656103.00","813660.00","3770932.88","","95.10"
"2011-11-30","2011Nov","979396.00","654897.00","816221.00","3777331.50","","95.18"
"2011-12-31","2011Dec","979941.00","658682.00","823258.00","3784425.14","","95.29"
"2012-01-31","2012Jan","978558.00","655629.00","829162.00","3781554.93","","95.44"
"2012-02-29","2012Feb","978593.00","652849.00","829724.00","3779890.42","","95.55"
"2012-03-31","2012Mar","979751.00","651808.00","832134.00","3786429.11","","95.65"
"2012-04-30","2012Apr","978662.00","652163.00","832877.00","3789628.72","","95.88"
"2012-05-31","2012May","980564.00","649424.00","834213.00","3792523.35","","95.94"
"2012-06-30","2012Jun","982867.00","646261.00","836133.00","3806181.58","","96.07"
"2012-07-31","2012Jul","984793.00","645857.00","839498.00","3808754.69","","96.44"
"2012-08-31","2012Aug","987811.00","643457.00","840140.00","3809797.35","","96.63"
"2012-09-30","2012Sep","990644.00","641493.00","842127.00","3815506.51","","96.48"
"2012-10-31","2012Oct","994065.00","638934.00","842333.00","3816326.25","","96.55"
"2012-11-30","2012Nov","998162.00","637036.00","844415.00","3822417.36","","96.58"
"2012-12-31","2012Dec","999145.00","635058.00","847604.00","3830186.42","","96.68"
"2013-01-31","2013Jan","998521.00","631788.00","848868.00","3830684.01","","96.81"
"2013-02-28","2013Feb","999308.00","628863.00","851006.00","3833868.51","","96.98"
"2013-03-31","2013Mar","1000640.00","627305.00","853621.00","3837594.25","","97.09"
"2013-04-30","2013Apr","1001690.00","623745.00","855916.00","3836843.16","","97.21"
"2013-05-31","2013May","1003795.00","621366.00","857855.00","3832539.76","","97.25"
"2013-06-30","2013Jun","1006158.00","620726.00","861995.00","3840106.77","","97.38"
"2013-07-31","2013Jul","1009256.00","618605.00","866752.00","3838098.09","","97.91"
"2013-08-31","2013Aug","1012770.00","616151.00","867913.00","3838631.40","","98.12"
"2013-09-30","2013Sep","1014741.00","612522.00","871707.00","3846429.47","","97.92"
"2013-10-31","2013Oct","1017451.00","610196.00","874841.00","3853837.32","","97.88"
"2013-11-30","2013Nov","1020192.00","610970.00","875985.00","3856570.50","","97.93"
"2013-12-31","2013Dec","1019370.00","606379.00","881742.00","3858401.00","","98.00"
"2014-01-31","2014Jan","1017632.00","604466.00","881665.00","3858877.49","","98.13"
"2014-02-28","2014Feb","1019429.00","602667.00","883640.00","3861043.05","","98.31"
"2014-03-31","2014Mar","1020242.00","598396.00","885808.00","3861351.48","","98.38"
"2014-04-30","2014Apr","1021965.00","598435.00","886982.00","3867454.59","","98.56"
"2014-05-31","2014May","1024833.00","596586.00","843706.00","3827544.02","","98.63"
"2014-06-30","2014Jun","1026527.00","594234.00","846933.00","3829991.76","","98.75"
"2014-07-31","2014Jul","1029903.00","592385.00","850988.00","3836595.54","","99.20"
"2014-08-31","2014Aug","1034332.00","590083.00","852294.00","3840970.29","","99.42"
"2014-09-30","2014Sep","1036937.00","587779.00","853951.00","3844970.80","","99.26"
"2014-10-31","2014Oct","1040782.00","585910.00","854856.00","3850920.97","","99.26"
"2014-11-30","2014Nov","1044133.00","583997.00","854595.00","3851797.17","","99.33"
"2014-12-31","2014Dec","1049113.00","581720.00","858016.00","3865636.76","","99.40"
"2015-01-31","2015Jan","1048420.00","579384.00","861530.00","3877462.45","","99.52"
"2015-02-28","2015Feb","1050278.00","577852.00","862888.00","3878693.88","","99.59"
"2015-03-31","2015Mar","1051397.00","575905.00","865730.00","3886695.23","","99.68"
"2015-04-30","2015Apr","1054180.00","570378.00","869016.00","3889133.81","","99.78"
"2015-05-31","2015May","1058097.00","567380.00","871044.00","3894881.33","","99.85"
"2015-06-30","2015Jun","1061364.00","565921.00","875873.00","3906208.18","","99.91"
"2015-07-31","2015Jul","1066723.00","564206.00","881498.00","3915113.11","","100.14"
"2015-08-31","2015Aug","1070620.00","561889.00","882246.00","3918300.41","","100.22"
"2015-09-30","2015Sep","1075136.00","559640.00","886793.00","3929571.81","","100.27"
"2015-10-31","2015Oct","1079836.00","558318.00","880287.00","3943628.10","","100.31"
"2015-11-30","2015Nov","1083129.00","557006.00","883055.00","3948489.09","","100.36"
"2015-12-31","2015Dec","1085507.00","554077.00","886873.00","3953298.25","","100.37"
"2016-01-31","2016Jan","1085247.00","552956.00","887379.00","3952195.48","","100.49"
"2016-02-29","2016Feb","1087045.00","551468.00","889242.00","3963801.92","","100.62"
"2016-03-31","2016Mar","1089759.00","548901.00","892944.00","3969030.01","","100.68"
"2016-04-30","2016Apr","1093991.00","548356.00","894897.00","3976277.53","","100.76"
"2016-05-31","2016May","1096721.00","546663.00","897227.00","3980967.04","","100.84"
"2016-06-30","2016Jun","1101327.00","546054.00","903569.00","3982616.02","","100.91"
"2016-07-31","2016Jul","1106598.00","545377.00","910211.00","3996875.04","","101.15"
"2016-08-31","2016Aug","1110732.00","543130.00","912954.00","4003347.92","","101.25"
"2016-09-30","2016Sep","1115659.00","542399.00","918263.00","4020741.85","","101.37"
"2016-10-31","2016Oct","1119429.00","540896.00","915561.00","4026401.79","","101.47"
"2016-11-30","2016Nov","1123369.00","539487.00","921278.00","4042694.19","","101.56"
"2016-12-31","2016Dec","1125880.00","537693.00","928268.00","4088548.68","","101.64"
"2017-01-31","2017Jan","1125905.00","535674.00","929442.00","4089276.59","","101.75"
"2017-02-28","2017Feb","1127967.00","534557.00","943939.00","4105328.58","","101.86"
"2017-03-31","2017Mar","1131887.00","533693.00","949597.00","4116873.21","","101.92"
"2017-04-30","2017Apr","1136823.00","533012.00","952815.00","4126953.32","","102.05"
"2017-05-31","2017May","1141093.00","531540.00","948119.00","4126076.00","","102.13"
"2017-06-30","2017Jun","1147488.00","530721.00","955548.00","4144669.48","","102.22"
"2017-07-31","2017Jul","1152486.00","530352.00","952716.00","4149013.76","","102.41"
"2017-08-31","2017Aug","1157457.00","528608.00","956377.00","4166032.86","","102.48"
"2017-09-30","2017Sep","1163064.00","528096.00","962337.00","4182440.29","","102.57"
"2017-10-31","2017Oct","1166990.00","526654.00","966577.00","4191394.49","","102.68"
"2017-11-30","2017Nov","1171083.00","525279.00","970718.00","4201890.16","","102.76"
"2017-12-31","2017Dec","1174542.00","523989.00","984357.00","4221570.02","","102.84"
"2018-01-31","2018Jan","1175070.00","522225.00","988411.00","4216055.91","","103.01"
"2018-02-28","2018Feb","1178385.00","521547.00","989780.00","4221676.33","","103.14"
"2018-03-31","2018Mar","1184676.00","527140.00","995299.00","4243036.51","","103.24"
"2018-04-30","2018Apr","1188082.00","526511.00","998776.00","4250333.07","","103.34"
"2018-05-31","2018May","1193869.00","526237.00","1002135.00","4257180.93","","103.45"
"2018-06-30","2018Jun","1201025.00","526898.00","1009617.00","4276917.28","","103.29"
"2018-07-31","2018Jul","1205468.00","526443.00","1019124.00","4295566.74","","103.54"
"2018-08-31","2018Aug","1212152.00","525273.00","1022989.00","4307172.06","","103.61"
"2018-09-30","2018Sep","1218390.00","523787.00","1028768.00","4320430.94","","103.70"
"2018-10-31","2018Oct","1222989.00","523200.00","1034023.00","4332626.50","","103.83"
"2018-11-30","2018Nov","1228592.00","523069.00","1038716.00","4344255.43","","103.93"
"2018-12-31","2018Dec","1231395.00","521262.00","1046155.00","4359727.47","","104.01"
"2019-01-31","2019Jan","1232626.00","520422.00","1050660.00","4365125.01","","104.15"
"2019-02-28","2019Feb","1236317.00","520193.00","1053562.00","4370734.71","","104.37"
"2019-03-31","2019Mar","1242084.00","520458.00","1061241.00","4386884.59","","104.45"
"2019-04-30","2019Apr","1250442.00","519766.00","1064388.00","4399212.53","","104.58"
"2019-05-31","2019May","1256758.00","520061.00","1057171.00","4402982.92","","104.66"
"2019-06-30","2019Jun","1262770.00","519371.00","1065982.00","4421886.77","","104.76"
"2019-07-31","2019Jul","1269023.00","517678.00","1077892.00","4443696.33","","105.07"
"2019-08-31","2019Aug","1276755.00","516956.00","1082722.00","4459248.75","","105.15"
"2019-09-30","2019Sep","1283077.00","515840.00","1090052.00","4475640.07","","105.25"
"2019-10-31","2019Oct","1290382.00","515338.00","1098333.00","4495614.70","","105.37"
"2019-11-30","2019Nov","1298079.00","515307.00","1102793.00","4508872.16","","105.45"
"2019-12-31","2019Dec","1301185.00","513575.00","1111504.00","4528835.58","","105.54"
"2020-01-31","2020Jan","1304020.00","512386.00","1118335.00","4545430.43","","105.75"
"2020-02-29","2020Feb","1310703.00","512366.00","1124345.00","4559298.30","","105.81"
"2020-03-31","2020Mar","1316864.00","510961.00","1123473.00","4558663.82","","105.91"
"2020-04-30","2020Apr","1323752.00","509633.00","1122382.00","4563507.16","","105.97"
"2020-05-31","2020May","1331779.00","509109.00","1130244.00","4583002.68","","105.98"
"2020-06-30","2020Jun","1336079.00","508151.00","1138126.00","4598413.83","","106.07"
"2020-07-31","2020Jul","1345110.00","508049.00","1145478.00","4622805.58","","106.35"
"2020-08-31","2020Aug","1348229.00","507557.00","1148929.00","4630549.64","","106.43"
"2020-09-30","2020Sep","1362063.00","507037.00","1167532.00","4668592.75","","106.52"
"2020-10-31","2020Oct","1370349.00","507381.00","1175577.00","4692262.73","","106.63"
"2020-11-30","2020Nov","1378463.00","507190.00","1182162.00","4710688.28","","106.71"
"2020-12-31","2020Dec","1386658.00","506905.00","1191212.00","4730414.23","","106.79"
"2021-01-31","2021Jan","1390566.00","506560.00","1195918.00","4741852.64","","106.90"
"2021-02-28","2021Feb","1396547.00","506838.00","1199538.00","4754520.91","","107.12"
"2021-03-31","2021Mar","1405532.00","507408.00","1201358.00","4778666.61","","107.22"
"2021-04-30","2021Apr","1414087.00","507884.00","1207975.00","4797287.64","","107.31"
"2021-05-31","2021May","1422611.00","508622.00","1214901.00","4820289.83","","107.37"
"2021-06-30","2021Jun","1432150.00","510050.00","1224219.00","4848364.40","","107.40"
"2021-07-31","2021Jul","1442827.00","511533.00","1238247.00","4877641.35","","107.51"
"2021-08-31","2021Aug","1451668.00","510400.00","1243252.00","4893037.38","","107.65"
"2021-09-30","2021Sep","1460050.00","510537.00","1251219.00","4916882.54","","107.78"
"2021-10-31","2021Oct","1469939.00","511356.00","1256673.00","4940004.21","","107.90"
"2021-11-30","2021Nov","1478213.00","513079.00","1262528.00","4962385.20","","107.90"
"2021-12-31","2021Dec","1485885.00","513090.00","1270329.00","4979169.15","","108.00"
"2022-01-31","2022Jan","1488596.00","513079.00","1279208.00","5022380.80","11943.02","108.14"
"2022-02-28","2022Feb","1495543.00","513486.00","1276222.00","5030385.94","11805.11","108.36"
"2022-03-31","2022Mar","1505398.00","514573.00","1282100.00","5056371.14","11903.71","108.53"
"2022-04-30","2022Apr","1514682.00","515910.00","1281122.00","5072583.51","11958.74","108.70"
"2022-05-31","2022May","1523802.00","516290.00","1289055.00","5100424.04","12000.82","108.93"
"2022-06-30","2022Jun","1531882.00","516360.00","1299698.00","5136015.94","12147.17","109.11"
"2022-07-31","2022Jul","1540943.00","517689.00","1310318.00","5165152.24","12236.41","109.47"
"2022-08-31","2022Aug","1547834.00","516595.00","1314936.00","5178499.42","12263.70","109.63"
"2022-09-30","2022Sep","1554813.00","516048.00","1322451.00","5197887.45","12041.42","109.83"
"2022-10-31","2022Oct","1560448.00","515156.00","1324381.00","5208072.09","12008.14","110.04"
"2022-11-30","2022Nov","1565297.00","514693.00","1325264.00","5215539.90","11842.84","110.25"
"2022-12-31","2022Dec","1567538.00","512250.00","1330537.00","5223565.99","11369.67","110.43"
"2023-01-31","2023Jan","1565944.00","509447.00","1328796.00","5222384.68","11338.92","110.67"
"2023-02-28","2023Feb","1567413.00","507428.00","1330822.00","5222527.70","11107.26","111.20"
"2023-03-31","2023Mar","1571291.00","506363.00","1334458.00","5230553.85","10939.99","111.42"
"2023-04-30","2023Apr","1573535.00","505463.00","1333233.00","5229766.22","10685.77","111.57"
"2023-05-31","2023May","1574770.00","503737.00","1300777.00","5197633.87","10382.28","111.84"
"2023-06-30","2023Jun","1576414.00","502580.00","1306321.00","5206338.84","10089.16","112.03"
"2023-07-31","2023Jul","1578456.00","500757.00","1309576.00","5211031.17","9954.23","112.40"
"2023-08-31","2023Aug","1580640.00","498908.00","1309008.00","5210117.65","9787.58","112.69"
"2023-09-30","2023Sep","1583317.00","499135.00","1309338.00","5216086.37","9318.80","112.83"
"2023-10-31","2023Oct","1584033.00","498176.00","1323772.00","5229947.67","9283.62","113.08"
"2023-11-30","2023Nov","1585661.00","497173.00","1323752.00","5238311.19","9159.72","113.20"
"2023-12-31","2023Dec","1585401.00","495908.00","1322997.00","5238410.73","8803.35","113.45"
"2024-01-31","2024Jan","1583345.00","494180.00","1303431.00","5213512.16","8925.13","113.79"
"2024-02-29","2024Feb","1583821.00","493671.00","1300894.00","5211674.83","8757.91","114.30"
"2024-03-31","2024Mar","1586135.00","493852.00","1298873.00","5215237.55","8386.70","114.53"
"2024-04-30","2024Apr","1586860.00","493778.00","1295916.00","5214579.27","8436.36","114.72"
"2024-05-31","2024May","1588736.00","494139.00","1292161.00","5213352.67","8545.07","114.94"
"2024-06-30","2024Jun","1591333.00","495039.00","1292319.00","5222604.41","8520.31","115.14"
"2024-07-31","2024Jul","1594126.00","495920.00","1294760.00","5232688.29","8656.52","115.82"
"2024-08-31","2024Aug","1597308.00","495922.00","1293480.00","5237305.49","8556.36","116.01"
"2024-09-30","2024Sep","1599582.00","496108.00","1293937.00","5246607.48","8572.63","116.20"
"2024-10-31","2024Oct","1600882.00","496790.00","1286401.00","5246369.07","8740.77","116.47"
"2024-11-30","2024Nov","1604297.00","498243.00","1286292.00","5256567.29","8567.80","116.68"
"2024-12-31","2024Dec","1605228.00","497865.00","1287744.00","5264994.13","8734.94","116.86"
"2025-01-31","2025Jan","1605494.00","498286.00","1288383.00","5270710.93","9015.56","117.13"
"2025-02-28","2025Feb","1607930.00","499431.00","1287939.00","5278591.21","8940.13","117.64"
"2025-03-31","2025Mar","1611038.00","500940.00","1288711.00","5287045.62","9188.85","117.85"
"2025-04-30","2025Apr","","","","","","118.12"
