"DATE","TIME PERIOD","HICP - Actual rentals for housing (ICP.M.U2.N.041000.4.INX)"
"1996-01-31","1996Jan","71.07"
"1996-02-29","1996Feb","71.25"
"1996-03-31","1996Mar","71.38"
"1996-04-30","1996Apr","71.56"
"1996-05-31","1996May","71.68"
"1996-06-30","1996Jun","71.79"
"1996-07-31","1996Jul","72.20"
"1996-08-31","1996Aug","72.33"
"1996-09-30","1996Sep","72.51"
"1996-10-31","1996Oct","72.72"
"1996-11-30","1996Nov","72.83"
"1996-12-31","1996Dec","72.92"
"1997-01-31","1997Jan","73.27"
"1997-02-28","1997Feb","73.44"
"1997-03-31","1997Mar","73.57"
"1997-04-30","1997Apr","73.70"
"1997-05-31","1997May","73.81"
"1997-06-30","1997Jun","73.87"
"1997-07-31","1997Jul","74.28"
"1997-08-31","1997Aug","74.40"
"1997-09-30","1997Sep","74.45"
"1997-10-31","1997Oct","74.65"
"1997-11-30","1997Nov","74.73"
"1997-12-31","1997Dec","74.81"
"1998-01-31","1998Jan","74.92"
"1998-02-28","1998Feb","75.06"
"1998-03-31","1998Mar","75.10"
"1998-04-30","1998Apr","75.35"
"1998-05-31","1998May","75.41"
"1998-06-30","1998Jun","75.49"
"1998-07-31","1998Jul","75.80"
"1998-08-31","1998Aug","75.89"
"1998-09-30","1998Sep","75.98"
"1998-10-31","1998Oct","76.14"
"1998-11-30","1998Nov","76.18"
"1998-12-31","1998Dec","76.24"
"1999-01-31","1999Jan","76.35"
"1999-02-28","1999Feb","76.42"
"1999-03-31","1999Mar","76.49"
"1999-04-30","1999Apr","76.66"
"1999-05-31","1999May","76.73"
"1999-06-30","1999Jun","76.80"
"1999-07-31","1999Jul","77.07"
"1999-08-31","1999Aug","77.15"
"1999-09-30","1999Sep","77.20"
"1999-10-31","1999Oct","77.29"
"1999-11-30","1999Nov","77.39"
"1999-12-31","1999Dec","77.43"
"2000-01-31","2000Jan","77.33"
"2000-02-29","2000Feb","77.46"
"2000-03-31","2000Mar","77.52"
"2000-04-30","2000Apr","77.62"
"2000-05-31","2000May","77.70"
"2000-06-30","2000Jun","77.75"
"2000-07-31","2000Jul","78.02"
"2000-08-31","2000Aug","78.05"
"2000-09-30","2000Sep","78.13"
"2000-10-31","2000Oct","78.22"
"2000-11-30","2000Nov","78.29"
"2000-12-31","2000Dec","78.35"
"2001-01-31","2001Jan","78.35"
"2001-02-28","2001Feb","78.48"
"2001-03-31","2001Mar","78.55"
"2001-04-30","2001Apr","78.64"
"2001-05-31","2001May","78.73"
"2001-06-30","2001Jun","78.81"
"2001-07-31","2001Jul","79.09"
"2001-08-31","2001Aug","79.20"
"2001-09-30","2001Sep","79.27"
"2001-10-31","2001Oct","79.40"
"2001-11-30","2001Nov","79.48"
"2001-12-31","2001Dec","79.55"
"2002-01-31","2002Jan","79.75"
"2002-02-28","2002Feb","79.95"
"2002-03-31","2002Mar","80.08"
"2002-04-30","2002Apr","80.26"
"2002-05-31","2002May","80.35"
"2002-06-30","2002Jun","80.42"
"2002-07-31","2002Jul","80.71"
"2002-08-31","2002Aug","80.83"
"2002-09-30","2002Sep","80.94"
"2002-10-31","2002Oct","81.10"
"2002-11-30","2002Nov","81.20"
"2002-12-31","2002Dec","81.29"
"2003-01-31","2003Jan","81.45"
"2003-02-28","2003Feb","81.57"
"2003-03-31","2003Mar","81.69"
"2003-04-30","2003Apr","81.91"
"2003-05-31","2003May","82.00"
"2003-06-30","2003Jun","82.06"
"2003-07-31","2003Jul","82.30"
"2003-08-31","2003Aug","82.38"
"2003-09-30","2003Sep","82.46"
"2003-10-31","2003Oct","82.58"
"2003-11-30","2003Nov","82.68"
"2003-12-31","2003Dec","82.76"
"2004-01-31","2004Jan","82.90"
"2004-02-29","2004Feb","83.02"
"2004-03-31","2004Mar","83.14"
"2004-04-30","2004Apr","83.32"
"2004-05-31","2004May","83.40"
"2004-06-30","2004Jun","83.48"
"2004-07-31","2004Jul","83.81"
"2004-08-31","2004Aug","83.94"
"2004-09-30","2004Sep","84.05"
"2004-10-31","2004Oct","84.25"
"2004-11-30","2004Nov","84.41"
"2004-12-31","2004Dec","84.51"
"2005-01-31","2005Jan","84.66"
"2005-02-28","2005Feb","84.79"
"2005-03-31","2005Mar","84.89"
"2005-04-30","2005Apr","85.08"
"2005-05-31","2005May","85.18"
"2005-06-30","2005Jun","85.26"
"2005-07-31","2005Jul","85.50"
"2005-08-31","2005Aug","85.62"
"2005-09-30","2005Sep","85.74"
"2005-10-31","2005Oct","85.84"
"2005-11-30","2005Nov","85.98"
"2005-12-31","2005Dec","86.08"
"2006-01-31","2006Jan","86.33"
"2006-02-28","2006Feb","86.49"
"2006-03-31","2006Mar","86.63"
"2006-04-30","2006Apr","86.81"
"2006-05-31","2006May","86.94"
"2006-06-30","2006Jun","87.04"
"2006-07-31","2006Jul","87.32"
"2006-08-31","2006Aug","87.43"
"2006-09-30","2006Sep","87.53"
"2006-10-31","2006Oct","87.67"
"2006-11-30","2006Nov","87.79"
"2006-12-31","2006Dec","87.88"
"2007-01-31","2007Jan","88.08"
"2007-02-28","2007Feb","88.23"
"2007-03-31","2007Mar","88.39"
"2007-04-30","2007Apr","88.60"
"2007-05-31","2007May","88.70"
"2007-06-30","2007Jun","88.79"
"2007-07-31","2007Jul","88.99"
"2007-08-31","2007Aug","89.14"
"2007-09-30","2007Sep","89.21"
"2007-10-31","2007Oct","89.39"
"2007-11-30","2007Nov","89.50"
"2007-12-31","2007Dec","89.58"
"2008-01-31","2008Jan","89.77"
"2008-02-29","2008Feb","89.91"
"2008-03-31","2008Mar","90.08"
"2008-04-30","2008Apr","90.21"
"2008-05-31","2008May","90.34"
"2008-06-30","2008Jun","90.44"
"2008-07-31","2008Jul","90.66"
"2008-08-31","2008Aug","90.76"
"2008-09-30","2008Sep","90.88"
"2008-10-31","2008Oct","91.06"
"2008-11-30","2008Nov","91.12"
"2008-12-31","2008Dec","91.21"
"2009-01-31","2009Jan","91.36"
"2009-02-28","2009Feb","91.50"
"2009-03-31","2009Mar","91.66"
"2009-04-30","2009Apr","91.85"
"2009-05-31","2009May","91.92"
"2009-06-30","2009Jun","92.03"
"2009-07-31","2009Jul","92.32"
"2009-08-31","2009Aug","92.39"
"2009-09-30","2009Sep","92.48"
"2009-10-31","2009Oct","92.56"
"2009-11-30","2009Nov","92.67"
"2009-12-31","2009Dec","92.71"
"2010-01-31","2010Jan","92.83"
"2010-02-28","2010Feb","92.95"
"2010-03-31","2010Mar","93.10"
"2010-04-30","2010Apr","93.27"
"2010-05-31","2010May","93.29"
"2010-06-30","2010Jun","93.43"
"2010-07-31","2010Jul","93.76"
"2010-08-31","2010Aug","94.03"
"2010-09-30","2010Sep","93.79"
"2010-10-31","2010Oct","93.74"
"2010-11-30","2010Nov","93.83"
"2010-12-31","2010Dec","93.95"
"2011-01-31","2011Jan","94.06"
"2011-02-28","2011Feb","94.19"
"2011-03-31","2011Mar","94.34"
"2011-04-30","2011Apr","94.50"
"2011-05-31","2011May","94.56"
"2011-06-30","2011Jun","94.69"
"2011-07-31","2011Jul","95.02"
"2011-08-31","2011Aug","95.28"
"2011-09-30","2011Sep","95.07"
"2011-10-31","2011Oct","95.10"
"2011-11-30","2011Nov","95.18"
"2011-12-31","2011Dec","95.29"
"2012-01-31","2012Jan","95.44"
"2012-02-29","2012Feb","95.55"
"2012-03-31","2012Mar","95.65"
"2012-04-30","2012Apr","95.88"
"2012-05-31","2012May","95.94"
"2012-06-30","2012Jun","96.07"
"2012-07-31","2012Jul","96.44"
"2012-08-31","2012Aug","96.63"
"2012-09-30","2012Sep","96.48"
"2012-10-31","2012Oct","96.55"
"2012-11-30","2012Nov","96.58"
"2012-12-31","2012Dec","96.68"
"2013-01-31","2013Jan","96.81"
"2013-02-28","2013Feb","96.98"
"2013-03-31","2013Mar","97.09"
"2013-04-30","2013Apr","97.21"
"2013-05-31","2013May","97.25"
"2013-06-30","2013Jun","97.38"
"2013-07-31","2013Jul","97.91"
"2013-08-31","2013Aug","98.12"
"2013-09-30","2013Sep","97.92"
"2013-10-31","2013Oct","97.88"
"2013-11-30","2013Nov","97.93"
"2013-12-31","2013Dec","98.00"
"2014-01-31","2014Jan","98.13"
"2014-02-28","2014Feb","98.31"
"2014-03-31","2014Mar","98.38"
"2014-04-30","2014Apr","98.56"
"2014-05-31","2014May","98.63"
"2014-06-30","2014Jun","98.75"
"2014-07-31","2014Jul","99.20"
"2014-08-31","2014Aug","99.42"
"2014-09-30","2014Sep","99.26"
"2014-10-31","2014Oct","99.26"
"2014-11-30","2014Nov","99.33"
"2014-12-31","2014Dec","99.40"
"2015-01-31","2015Jan","99.52"
"2015-02-28","2015Feb","99.59"
"2015-03-31","2015Mar","99.68"
"2015-04-30","2015Apr","99.78"
"2015-05-31","2015May","99.85"
"2015-06-30","2015Jun","99.91"
"2015-07-31","2015Jul","100.14"
"2015-08-31","2015Aug","100.22"
"2015-09-30","2015Sep","100.27"
"2015-10-31","2015Oct","100.31"
"2015-11-30","2015Nov","100.36"
"2015-12-31","2015Dec","100.37"
"2016-01-31","2016Jan","100.49"
"2016-02-29","2016Feb","100.62"
"2016-03-31","2016Mar","100.68"
"2016-04-30","2016Apr","100.76"
"2016-05-31","2016May","100.84"
"2016-06-30","2016Jun","100.91"
"2016-07-31","2016Jul","101.15"
"2016-08-31","2016Aug","101.25"
"2016-09-30","2016Sep","101.37"
"2016-10-31","2016Oct","101.47"
"2016-11-30","2016Nov","101.56"
"2016-12-31","2016Dec","101.64"
"2017-01-31","2017Jan","101.75"
"2017-02-28","2017Feb","101.86"
"2017-03-31","2017Mar","101.92"
"2017-04-30","2017Apr","102.05"
"2017-05-31","2017May","102.13"
"2017-06-30","2017Jun","102.22"
"2017-07-31","2017Jul","102.41"
"2017-08-31","2017Aug","102.48"
"2017-09-30","2017Sep","102.57"
"2017-10-31","2017Oct","102.68"
"2017-11-30","2017Nov","102.76"
"2017-12-31","2017Dec","102.84"
"2018-01-31","2018Jan","103.01"
"2018-02-28","2018Feb","103.14"
"2018-03-31","2018Mar","103.24"
"2018-04-30","2018Apr","103.34"
"2018-05-31","2018May","103.45"
"2018-06-30","2018Jun","103.29"
"2018-07-31","2018Jul","103.54"
"2018-08-31","2018Aug","103.61"
"2018-09-30","2018Sep","103.70"
"2018-10-31","2018Oct","103.83"
"2018-11-30","2018Nov","103.93"
"2018-12-31","2018Dec","104.01"
"2019-01-31","2019Jan","104.15"
"2019-02-28","2019Feb","104.37"
"2019-03-31","2019Mar","104.45"
"2019-04-30","2019Apr","104.58"
"2019-05-31","2019May","104.66"
"2019-06-30","2019Jun","104.76"
"2019-07-31","2019Jul","105.07"
"2019-08-31","2019Aug","105.15"
"2019-09-30","2019Sep","105.25"
"2019-10-31","2019Oct","105.37"
"2019-11-30","2019Nov","105.45"
"2019-12-31","2019Dec","105.54"
"2020-01-31","2020Jan","105.75"
"2020-02-29","2020Feb","105.81"
"2020-03-31","2020Mar","105.91"
"2020-04-30","2020Apr","105.97"
"2020-05-31","2020May","105.98"
"2020-06-30","2020Jun","106.07"
"2020-07-31","2020Jul","106.35"
"2020-08-31","2020Aug","106.43"
"2020-09-30","2020Sep","106.52"
"2020-10-31","2020Oct","106.63"
"2020-11-30","2020Nov","106.71"
"2020-12-31","2020Dec","106.79"
"2021-01-31","2021Jan","106.90"
"2021-02-28","2021Feb","107.12"
"2021-03-31","2021Mar","107.22"
"2021-04-30","2021Apr","107.31"
"2021-05-31","2021May","107.37"
"2021-06-30","2021Jun","107.40"
"2021-07-31","2021Jul","107.51"
"2021-08-31","2021Aug","107.65"
"2021-09-30","2021Sep","107.78"
"2021-10-31","2021Oct","107.90"
"2021-11-30","2021Nov","107.90"
"2021-12-31","2021Dec","108.00"
"2022-01-31","2022Jan","108.14"
"2022-02-28","2022Feb","108.36"
"2022-03-31","2022Mar","108.53"
"2022-04-30","2022Apr","108.70"
"2022-05-31","2022May","108.93"
"2022-06-30","2022Jun","109.11"
"2022-07-31","2022Jul","109.47"
"2022-08-31","2022Aug","109.63"
"2022-09-30","2022Sep","109.83"
"2022-10-31","2022Oct","110.04"
"2022-11-30","2022Nov","110.25"
"2022-12-31","2022Dec","110.43"
"2023-01-31","2023Jan","110.67"
"2023-02-28","2023Feb","111.20"
"2023-03-31","2023Mar","111.42"
"2023-04-30","2023Apr","111.57"
"2023-05-31","2023May","111.84"
"2023-06-30","2023Jun","112.03"
"2023-07-31","2023Jul","112.40"
"2023-08-31","2023Aug","112.69"
"2023-09-30","2023Sep","112.83"
"2023-10-31","2023Oct","113.08"
"2023-11-30","2023Nov","113.20"
"2023-12-31","2023Dec","113.45"
"2024-01-31","2024Jan","113.79"
"2024-02-29","2024Feb","114.30"
"2024-03-31","2024Mar","114.53"
"2024-04-30","2024Apr","114.72"
"2024-05-31","2024May","114.94"
"2024-06-30","2024Jun","115.14"
"2024-07-31","2024Jul","115.82"
"2024-08-31","2024Aug","116.01"
"2024-09-30","2024Sep","116.20"
"2024-10-31","2024Oct","116.47"
"2024-11-30","2024Nov","116.68"
"2024-12-31","2024Dec","116.86"
"2025-01-31","2025Jan","117.13"
"2025-02-28","2025Feb","117.64"
"2025-03-31","2025Mar","117.85"
"2025-04-30","2025Apr","118.12"
