Date,Close Price
2017-12-29,250.24
2018-01-02,248.62
2018-01-03,251.36
2018-01-04,250.94
2018-01-05,252.82
2018-01-08,254.85
2018-01-09,254.01
2018-01-10,249.25
2018-01-11,244.9
2018-01-12,246.34
2018-01-15,245.12
2018-01-16,248.17
2018-01-17,249.18
2018-01-18,247.76
2018-01-19,249.12
2018-01-22,248.25
2018-01-23,249.9
2018-01-24,247.95
2018-01-25,244.73
2018-01-26,246.7
2018-01-29,244.61
2018-01-30,244.85
2018-01-31,247.16
2018-02-01,242.12
2018-02-02,238.52
2018-02-05,233.76
2018-02-06,228.92
2018-02-07,234.23
2018-02-08,228.31
2018-02-09,228.15
2018-02-12,229.59
2018-02-13,227.52
2018-02-14,229.18
2018-02-15,227.88
2018-02-16,232.45
2018-02-19,230.59
2018-02-20,232.06
2018-02-21,232.56
2018-02-22,232.9
2018-02-23,236.16
2018-02-26,235.74
2018-02-27,232.45
2018-02-28,232.56
2018-03-01,231.19
2018-03-02,229.39
2018-03-05,232.55
2018-03-06,231.0
2018-03-07,234.78
2018-03-08,238.53
2018-03-09,235.55
2018-03-12,235.85
2018-03-13,234.41
2018-03-14,235.4
2018-03-15,237.1
2018-03-16,236.31
2018-03-19,235.62
2018-03-20,237.17
2018-03-21,235.98
2018-03-22,236.27
2018-03-23,234.29
2018-03-26,232.73
2018-03-27,234.46
2018-03-28,236.85
2018-03-29,238.98
2018-03-29,238.98
2018-03-29,238.98
2018-04-03,238.49
2018-04-04,238.46
2018-04-05,240.58
2018-04-06,240.62
2018-04-09,241.01
2018-04-10,240.1
2018-04-11,239.17
2018-04-12,239.03
2018-04-13,242.23
2018-04-16,241.04
2018-04-17,244.12
2018-04-18,243.75
2018-04-19,242.19
2018-04-20,242.35
2018-04-23,241.66
2018-04-24,241.9
2018-04-25,241.54
2018-04-26,244.39
2018-04-27,246.05
2018-04-30,248.65
2018-05-01,248.65
2018-05-02,248.19
2018-05-03,247.15
2018-05-04,247.48
2018-05-07,249.53
2018-05-08,248.96
2018-05-09,248.39
2018-05-10,246.8
2018-05-11,246.55
2018-05-14,246.78
2018-05-15,244.92
2018-05-16,243.02
2018-05-17,243.34
2018-05-18,243.83
2018-05-21,243.44
2018-05-22,243.48
2018-05-23,242.51
2018-05-24,240.62
2018-05-25,243.36
2018-05-28,242.36
2018-05-29,240.67
2018-05-30,244.07
2018-05-31,244.92
2018-06-01,242.95
2018-06-04,245.83
2018-06-05,247.16
2018-06-06,247.27
2018-06-07,245.8
2018-06-08,246.76
2018-06-11,245.97
2018-06-12,245.18
2018-06-13,245.81
2018-06-14,247.78
2018-06-15,249.29
2018-06-18,247.14
2018-06-19,244.8
2018-06-20,246.59
2018-06-21,245.42
2018-06-22,247.13
2018-06-25,245.18
2018-06-26,243.72
2018-06-27,244.33
2018-06-28,242.78
2018-06-29,244.89
2018-07-02,244.3
2018-07-03,245.01
2018-07-04,246.32
2018-07-05,244.73
2018-07-06,246.37
2018-07-09,245.76
2018-07-10,246.94
2018-07-11,245.14
2018-07-12,244.9
2018-07-13,246.0
2018-07-16,245.88
2018-07-17,245.81
2018-07-18,246.88
2018-07-19,245.99
2018-07-20,245.68
2018-07-23,244.25
2018-07-24,245.05
2018-07-25,246.98
2018-07-26,248.49
2018-07-27,249.14
2018-07-30,248.27
2018-07-31,247.97
2018-08-01,246.19
2018-08-02,247.74
2018-08-03,250.67
2018-08-06,249.71
2018-08-07,248.59
2018-08-08,249.09
2018-08-09,249.9
2018-08-10,247.73
2018-08-13,248.61
2018-08-14,246.6
2018-08-15,245.99
2018-08-16,249.04
2018-08-17,249.11
2018-08-20,248.99
2018-08-21,249.13
2018-08-22,251.44
2018-08-23,252.56
2018-08-24,251.93
2018-08-27,253.7
2018-08-28,254.4
2018-08-29,256.8
2018-08-30,252.92
2018-08-31,251.84
2018-09-03,248.27
2018-09-04,247.57
2018-09-05,248.1
2018-09-06,246.18
2018-09-07,246.72
2018-09-10,246.29
2018-09-11,246.29
2018-09-12,248.27
2018-09-13,247.31
2018-09-14,246.82
2018-09-17,246.36
2018-09-18,247.64
2018-09-19,244.93
2018-09-20,245.59
2018-09-21,243.59
2018-09-24,242.58
2018-09-25,241.96
2018-09-26,243.48
2018-09-27,243.56
2018-09-28,242.46
2018-10-01,242.03
2018-10-02,238.4
2018-10-03,238.67
2018-10-04,232.36
2018-10-05,231.35
2018-10-08,231.54
2018-10-09,233.91
2018-10-10,230.24
2018-10-11,227.26
2018-10-12,223.5
2018-10-15,222.57
2018-10-16,228.68
2018-10-17,233.23
2018-10-18,233.02
2018-10-19,233.97
2018-10-22,233.27
2018-10-23,229.28
2018-10-24,228.46
2018-10-25,230.84
2018-10-26,230.35
2018-10-29,229.73
2018-10-30,231.0
2018-10-31,230.95
2018-11-01,231.47
2018-11-02,229.75
2018-11-05,228.22
2018-11-06,230.33
2018-11-07,234.09
2018-11-08,234.58
2018-11-09,236.39
2018-11-12,235.87
2018-11-13,236.98
2018-11-14,237.6
2018-11-15,234.41
2018-11-16,234.07
2018-11-19,231.62
2018-11-20,227.85
2018-11-21,231.44
2018-11-22,230.09
2018-11-23,232.19
2018-11-26,233.64
2018-11-27,234.92
2018-11-28,234.72
2018-11-29,234.25
2018-11-30,232.05
2018-12-03,228.01
2018-12-04,227.12
2018-12-05,227.42
2018-12-06,225.17
2018-12-07,227.53
2018-12-10,226.44
2018-12-11,225.42
2018-12-12,228.68
2018-12-13,227.19
2018-12-14,226.92
2018-12-17,223.8
2018-12-18,222.11
2018-12-19,223.86
2018-12-20,221.37
2018-12-21,220.61
2018-12-24,218.91
2018-12-24,218.91
2018-12-24,218.91
2018-12-27,212.96
2018-12-28,213.61
2018-12-31,215.18
2018-12-31,215.18
2019-01-02,214.47
2019-01-03,215.32
2019-01-04,219.58
2019-01-07,219.84
2019-01-08,223.34
2019-01-09,222.9
2019-01-10,222.28
2019-01-11,225.44
2019-01-14,224.98
2019-01-15,224.67
2019-01-16,226.14
2019-01-17,226.61
2019-01-18,229.42
2019-01-21,230.4
2019-01-22,229.47
2019-01-23,231.67
2019-01-24,232.34
2019-01-25,234.36
2019-01-28,235.53
2019-01-29,238.41
2019-01-30,240.44
2019-01-31,239.18
2019-02-01,238.85
2019-02-04,239.3
2019-02-05,239.42
2019-02-06,238.65
2019-02-07,237.84
2019-02-08,235.86
2019-02-11,237.87
2019-02-12,237.02
2019-02-13,235.51
2019-02-14,232.4
2019-02-15,233.3
2019-02-18,234.05
2019-02-19,233.27
2019-02-20,232.07
2019-02-21,232.4
2019-02-22,231.37
2019-02-25,230.34
2019-02-26,231.0
2019-02-27,229.92
2019-02-28,229.7
2019-03-01,229.22
2019-03-04,229.08
2019-03-05,230.21
2019-03-06,229.06
2019-03-07,232.6
2019-03-08,236.68
2019-03-11,237.12
2019-03-12,237.67
2019-03-13,237.87
2019-03-14,240.64
2019-03-15,240.31
2019-03-18,241.73
2019-03-19,242.18
2019-03-20,240.99
2019-03-21,243.33
2019-03-22,243.06
2019-03-25,241.98
2019-03-26,244.68
2019-03-27,242.62
2019-03-28,240.84
2019-03-29,240.6
2019-04-01,241.93
2019-04-02,242.52
2019-04-03,243.37
2019-04-04,243.0
2019-04-05,241.48
2019-04-08,237.97
2019-04-09,235.46
2019-04-10,239.81
2019-04-11,240.19
2019-04-12,238.33
2019-04-15,236.93
2019-04-16,237.75
2019-04-17,236.06
2019-04-18,237.15
2019-04-18,237.15
2019-04-18,237.15
2019-04-23,237.54
2019-04-24,241.9
2019-04-25,239.93
2019-04-26,239.31
2019-04-29,238.55
2019-04-30,237.88
2019-05-01,237.88
2019-05-02,239.87
2019-05-03,238.08
2019-05-06,237.65
2019-05-07,241.67
2019-05-08,239.37
2019-05-09,240.84
2019-05-10,241.8
2019-05-13,241.14
2019-05-14,240.17
2019-05-15,242.28
2019-05-16,243.75
2019-05-17,240.51
2019-05-20,240.26
2019-05-21,241.73
2019-05-22,239.17
2019-05-23,237.29
2019-05-24,240.18
2019-05-27,240.73
2019-05-28,238.56
2019-05-29,236.79
2019-05-30,235.06
2019-05-31,236.63
2019-06-03,237.68
2019-06-04,238.03
2019-06-05,240.17
2019-06-06,232.18
2019-06-07,229.75
2019-06-10,230.75
2019-06-11,232.18
2019-06-12,231.25
2019-06-13,233.55
2019-06-14,233.11
2019-06-17,233.33
2019-06-18,234.23
2019-06-19,230.45
2019-06-20,226.93
2019-06-21,225.74
2019-06-24,223.6
2019-06-25,223.14
2019-06-26,219.77
2019-06-27,217.74
2019-06-28,221.01
2019-07-01,222.38
2019-07-02,223.73
2019-07-03,226.56
2019-07-04,228.77
2019-07-05,227.09
2019-07-08,227.46
2019-07-09,229.7
2019-07-10,227.22
2019-07-11,225.82
2019-07-12,225.27
2019-07-15,225.4
2019-07-16,222.86
2019-07-17,224.07
2019-07-18,224.4
2019-07-19,225.27
2019-07-22,224.24
2019-07-23,225.19
2019-07-24,226.67
2019-07-25,226.17
2019-07-26,224.71
2019-07-29,227.29
2019-07-30,225.03
2019-07-31,222.74
2019-08-01,225.44
2019-08-02,226.26
2019-08-05,223.34
2019-08-06,221.64
2019-08-07,222.95
2019-08-08,223.74
2019-08-09,224.09
2019-08-12,223.63
2019-08-13,221.1
2019-08-14,219.64
2019-08-15,219.2
2019-08-16,221.72
2019-08-19,222.99
2019-08-20,218.99
2019-08-21,221.44
2019-08-22,220.09
2019-08-23,220.54
2019-08-26,219.85
2019-08-27,222.31
2019-08-28,221.94
2019-08-29,219.83
2019-08-30,226.05
2019-09-02,224.3
2019-09-03,223.12
2019-09-04,223.18
2019-09-05,221.77
2019-09-06,221.44
2019-09-09,218.74
2019-09-10,221.02
2019-09-11,223.14
2019-09-12,221.47
2019-09-13,222.4
2019-09-16,221.18
2019-09-17,223.79
2019-09-18,226.3
2019-09-19,227.68
2019-09-20,228.75
2019-09-23,227.52
2019-09-24,227.8
2019-09-25,228.81
2019-09-26,233.12
2019-09-27,233.03
2019-09-30,234.85
2019-10-01,233.85
2019-10-02,229.94
2019-10-03,230.47
2019-10-04,233.64
2019-10-07,235.47
2019-10-08,234.08
2019-10-09,236.32
2019-10-10,235.55
2019-10-11,236.49
2019-10-14,236.71
2019-10-15,239.21
2019-10-16,239.85
2019-10-17,241.83
2019-10-18,241.25
2019-10-21,240.43
2019-10-22,241.57
2019-10-23,242.8
2019-10-24,240.28
2019-10-25,239.98
2019-10-28,239.44
2019-10-29,239.78
2019-10-30,241.09
2019-10-31,241.72
2019-11-01,240.79
2019-11-04,242.95
2019-11-05,241.73
2019-11-06,242.47
2019-11-07,241.46
2019-11-08,240.32
2019-11-11,240.5
2019-11-12,240.0
2019-11-13,241.21
2019-11-14,242.39
2019-11-15,242.54
2019-11-18,246.25
2019-11-19,245.96
2019-11-20,243.01
2019-11-21,241.1
2019-11-22,240.82
2019-11-25,241.65
2019-11-26,244.35
2019-11-27,243.77
2019-11-28,243.42
2019-11-29,243.03
2019-12-02,239.97
2019-12-03,240.33
2019-12-04,240.18
2019-12-05,239.67
2019-12-06,242.17
2019-12-09,242.49
2019-12-10,243.56
2019-12-11,242.17
2019-12-12,240.02
2019-12-13,239.07
2019-12-16,241.37
2019-12-17,241.23
2019-12-18,241.87
2019-12-19,243.24
2019-12-20,244.64
2019-12-23,244.9
2019-12-24,245.08
2019-12-24,245.08
2019-12-24,245.08
2019-12-27,247.45
2019-12-30,246.26
2019-12-31,246.25
2019-12-31,246.25
2020-01-02,247.98
2020-01-03,249.59
2020-01-06,247.67
2020-01-07,248.56
2020-01-08,246.32
2020-01-09,245.94
2020-01-10,245.45
2020-01-13,246.6
2020-01-14,247.36
2020-01-15,247.97
2020-01-16,250.06
2020-01-17,250.41
2020-01-20,250.18
2020-01-21,251.07
2020-01-22,251.21
2020-01-23,251.77
2020-01-24,254.1
2020-01-27,250.26
2020-01-28,250.9
2020-01-29,253.4
2020-01-30,252.12
2020-01-31,251.81
2020-02-03,252.26
2020-02-04,252.88
2020-02-05,252.9
2020-02-06,254.05
2020-02-07,254.23
2020-02-10,256.51
2020-02-11,257.96
2020-02-12,257.14
2020-02-13,257.72
2020-02-14,262.29
2020-02-17,261.83
2020-02-18,262.5
2020-02-19,263.99
2020-02-20,261.92
2020-02-21,261.84
2020-02-24,257.29
2020-02-25,252.12
2020-02-26,251.2
2020-02-27,243.84
2020-02-28,234.69
2020-03-02,235.97
2020-03-03,239.93
2020-03-04,245.22
2020-03-05,242.62
2020-03-06,235.28
2020-03-09,221.82
2020-03-10,214.96
2020-03-11,213.57
2020-03-12,188.0
2020-03-13,184.63
2020-03-16,165.93
2020-03-17,161.06
2020-03-18,153.1
2020-03-19,163.05
2020-03-20,174.58
2020-03-23,166.72
2020-03-24,180.87
2020-03-25,182.12
2020-03-26,183.47
2020-03-27,177.02
2020-03-30,178.89
2020-03-31,181.76
2020-04-01,176.9
2020-04-02,178.49
2020-04-03,176.53
2020-04-06,181.43
2020-04-07,186.14
2020-04-08,187.4
2020-04-09,192.52
2020-04-09,192.52
2020-04-09,192.52
2020-04-14,187.02
2020-04-15,183.55
2020-04-16,182.24
2020-04-17,185.45
2020-04-20,183.93
2020-04-21,180.14
2020-04-22,181.7
2020-04-23,182.76
2020-04-24,181.6
2020-04-27,182.61
2020-04-28,184.2
2020-04-29,187.95
2020-04-30,187.36
2020-05-01,187.36
2020-05-04,180.2
2020-05-05,186.65
2020-05-06,184.84
2020-05-07,189.14
2020-05-08,189.48
2020-05-11,188.86
2020-05-12,186.4
2020-05-13,183.04
2020-05-14,181.06
2020-05-15,180.65
2020-05-18,186.07
2020-05-19,184.78
2020-05-20,183.62
2020-05-21,181.61
2020-05-22,183.96
2020-05-25,188.88
2020-05-26,191.33
2020-05-27,191.75
2020-05-28,195.9
2020-05-29,193.54
2020-06-01,196.36
2020-06-02,204.13
2020-06-03,209.48
2020-06-04,211.73
2020-06-05,216.21
2020-06-08,212.08
2020-06-09,208.3
2020-06-10,206.39
2020-06-11,199.84
2020-06-12,202.19
2020-06-15,202.62
2020-06-16,206.07
2020-06-17,206.31
2020-06-18,207.08
2020-06-19,203.68
2020-06-22,203.14
2020-06-23,203.03
2020-06-24,197.06
2020-06-25,196.78
2020-06-26,197.93
2020-06-29,196.83
2020-06-30,198.15
2020-07-01,198.21
2020-07-02,202.01
2020-07-03,201.95
2020-07-06,205.68
2020-07-07,201.21
2020-07-08,200.64
2020-07-09,198.33
2020-07-10,200.4
2020-07-13,200.68
2020-07-14,199.32
2020-07-15,199.4
2020-07-16,197.03
2020-07-17,196.09
2020-07-20,198.21
2020-07-21,200.06
2020-07-22,200.34
2020-07-23,197.36
2020-07-24,196.42
2020-07-27,193.32
2020-07-28,197.4
2020-07-29,201.09
2020-07-30,196.82
2020-07-31,197.72
2020-08-03,198.23
2020-08-04,200.73
2020-08-05,205.04
2020-08-06,204.49
2020-08-07,206.24
2020-08-10,206.99
2020-08-11,207.62
2020-08-12,208.55
2020-08-13,207.19
2020-08-14,205.15
2020-08-17,204.13
2020-08-18,201.55
2020-08-19,201.26
2020-08-20,206.08
2020-08-21,206.01
2020-08-24,206.56
2020-08-25,205.13
2020-08-26,207.92
2020-08-27,205.37
2020-08-28,206.12
2020-08-31,204.84
2020-09-01,205.94
2020-09-02,208.9
2020-09-03,208.34
2020-09-04,199.44
2020-09-07,203.39
2020-09-08,202.44
2020-09-09,205.97
2020-09-10,205.89
2020-09-11,204.85
2020-09-14,203.98
2020-09-15,204.66
2020-09-16,207.04
2020-09-17,204.78
2020-09-18,201.94
2020-09-21,194.9
2020-09-22,195.79
2020-09-23,193.24
2020-09-24,193.32
2020-09-25,191.7
2020-09-28,195.84
2020-09-29,194.0
2020-09-30,196.89
2020-10-01,198.22
2020-10-02,197.91
2020-10-05,200.2
2020-10-06,201.03
2020-10-07,198.86
2020-10-08,200.76
2020-10-09,200.74
2020-10-12,202.95
2020-10-13,201.41
2020-10-14,200.79
2020-10-15,200.91
2020-10-16,197.66
2020-10-19,198.98
2020-10-20,199.26
2020-10-21,194.51
2020-10-22,194.02
2020-10-23,193.9
2020-10-26,191.02
2020-10-27,189.08
2020-10-28,182.45
2020-10-29,185.84
2020-10-30,186.45
2020-11-02,188.83
2020-11-03,191.37
2020-11-04,197.31
2020-11-05,197.91
2020-11-06,197.65
2020-11-09,201.55
2020-11-10,204.57
2020-11-11,208.82
2020-11-12,206.96
2020-11-13,207.49
2020-11-16,209.56
2020-11-17,209.76
2020-11-18,211.99
2020-11-19,211.35
2020-11-20,210.53
2020-11-23,208.8
2020-11-24,209.04
2020-11-25,211.54
2020-11-26,212.77
2020-11-27,211.67
2020-11-30,211.34
2020-12-01,211.96
2020-12-02,210.83
2020-12-03,211.52
2020-12-04,212.95
2020-12-07,213.49
2020-12-08,214.07
2020-12-09,212.37
2020-12-10,213.64
2020-12-11,214.56
2020-12-14,214.6
2020-12-15,214.72
2020-12-16,216.86
2020-12-17,218.57
2020-12-18,215.36
2020-12-21,211.18
2020-12-22,213.62
2020-12-23,216.95
2020-12-24,217.29
2020-12-24,217.29
2020-12-28,218.64
2020-12-29,220.72
2020-12-30,220.55
2020-12-31,220.12
2020-12-31,220.12
2021-01-04,218.23
2021-01-05,219.38
2021-01-06,214.91
2021-01-07,213.86
2021-01-08,214.46
2021-01-11,212.96
2021-01-12,210.51
2021-01-13,212.79
2021-01-14,215.27
2021-01-15,212.36
2021-01-18,212.35
2021-01-19,211.35
2021-01-20,212.07
2021-01-21,207.1
2021-01-22,207.74
2021-01-25,207.39
2021-01-26,209.95
2021-01-27,213.06
2021-01-28,211.87
2021-01-29,211.13
2021-02-01,213.49
2021-02-02,214.56
2021-02-03,212.98
2021-02-04,211.96
2021-02-05,210.59
2021-02-08,208.78
2021-02-09,209.96
2021-02-10,209.93
2021-02-11,208.25
2021-02-12,207.96
2021-02-15,208.32
2021-02-16,206.47
2021-02-17,206.44
2021-02-18,204.37
2021-02-19,202.58
2021-02-22,203.08
2021-02-23,204.94
2021-02-24,204.28
2021-02-25,206.17
2021-02-26,204.16
2021-03-01,207.9
2021-03-02,207.8
2021-03-03,205.24
2021-03-04,207.87
2021-03-05,204.2
2021-03-08,208.99
2021-03-09,207.86
2021-03-10,209.61
2021-03-11,211.09
2021-03-12,210.33
2021-03-15,210.2
2021-03-16,213.64
2021-03-17,211.66
2021-03-18,209.98
2021-03-19,212.16
2021-03-22,210.25
2021-03-23,213.15
2021-03-24,212.49
2021-03-25,208.67
2021-03-26,210.8
2021-03-29,209.51
2021-03-30,211.37
2021-03-31,210.79
2021-04-01,214.11
2021-04-01,214.11
2021-04-01,214.11
2021-04-06,215.71
2021-04-07,217.78
2021-04-08,219.33
2021-04-09,217.61
2021-04-12,216.7
2021-04-13,218.72
2021-04-14,220.4
2021-04-15,221.64
2021-04-16,222.95
2021-04-19,222.33
2021-04-20,223.0
2021-04-21,219.86
2021-04-22,222.08
2021-04-23,218.95
2021-04-26,220.67
2021-04-27,221.24
2021-04-28,220.89
2021-04-29,219.43
2021-04-30,218.42
2021-05-03,220.89
2021-05-04,217.5
2021-05-05,216.92
2021-05-06,215.53
2021-05-07,216.29
2021-05-10,218.29
2021-05-11,214.62
2021-05-12,213.71
2021-05-13,212.43
2021-05-14,215.54
2021-05-17,215.05
2021-05-18,217.29
2021-05-19,215.84
2021-05-20,217.01
2021-05-21,217.2
2021-05-24,218.62
2021-05-25,220.75
2021-05-26,222.68
2021-05-27,225.47
2021-05-28,226.58
2021-05-31,225.46
2021-06-01,227.88
2021-06-02,228.27
2021-06-03,227.06
2021-06-04,228.24
2021-06-07,230.17
2021-06-08,232.9
2021-06-09,235.12
2021-06-10,234.11
2021-06-11,233.24
2021-06-14,234.37
2021-06-15,233.98
2021-06-16,233.75
2021-06-17,232.04
2021-06-18,231.49
2021-06-21,231.8
2021-06-22,233.34
2021-06-23,232.62
2021-06-24,233.42
2021-06-25,232.98
2021-06-28,229.99
2021-06-29,228.34
2021-06-30,227.9
2021-07-01,228.93
2021-07-02,232.02
2021-07-05,232.9
2021-07-06,234.82
2021-07-07,235.15
2021-07-08,233.68
2021-07-09,237.57
2021-07-12,240.54
2021-07-13,238.48
2021-07-14,236.73
2021-07-15,234.89
2021-07-16,237.6
2021-07-19,233.33
2021-07-20,234.86
2021-07-21,238.87
2021-07-22,238.81
2021-07-23,237.57
2021-07-26,236.6
2021-07-27,235.86
2021-07-28,238.23
2021-07-29,236.86
2021-07-30,236.65
2021-08-02,239.76
2021-08-03,239.14
2021-08-04,241.15
2021-08-05,243.36
2021-08-06,244.18
2021-08-09,242.39
2021-08-10,241.52
2021-08-11,243.1
2021-08-12,243.86
2021-08-13,245.71
2021-08-16,245.92
2021-08-17,244.16
2021-08-18,245.6
2021-08-19,244.26
2021-08-20,244.64
2021-08-23,241.93
2021-08-24,240.55
2021-08-25,238.67
2021-08-26,238.43
2021-08-27,241.82
2021-08-30,241.72
2021-08-31,240.28
2021-09-01,239.5
2021-09-02,236.31
2021-09-03,233.68
2021-09-06,232.43
2021-09-07,231.19
2021-09-08,227.19
2021-09-09,229.41
2021-09-10,226.21
2021-09-13,227.85
2021-09-14,228.31
2021-09-15,225.6
2021-09-16,227.12
2021-09-17,226.13
2021-09-20,224.25
2021-09-21,227.62
2021-09-22,227.77
2021-09-23,229.55
2021-09-24,227.19
2021-09-27,230.12
2021-09-28,223.4
2021-09-29,222.64
2021-09-30,219.81
2021-10-01,222.48
2021-10-04,220.48
2021-10-05,219.68
2021-10-06,217.6
2021-10-07,220.21
2021-10-08,219.53
2021-10-11,221.39
2021-10-12,222.01
2021-10-13,222.84
2021-10-14,225.17
2021-10-15,227.16
2021-10-18,226.64
2021-10-19,229.0
2021-10-20,228.25
2021-10-21,228.29
2021-10-22,230.99
2021-10-25,228.97
2021-10-26,230.07
2021-10-27,231.32
2021-10-28,229.93
2021-10-29,224.18
2021-11-01,223.9
2021-11-02,224.49
2021-11-03,226.68
2021-11-04,232.39
2021-11-05,231.56
2021-11-08,229.17
2021-11-09,230.67
2021-11-10,229.4
2021-11-11,228.52
2021-11-12,230.13
2021-11-15,231.61
2021-11-16,232.8
2021-11-17,230.22
2021-11-18,230.68
2021-11-19,230.89
2021-11-22,227.98
2021-11-23,224.68
2021-11-24,230.23
2021-11-25,232.9
2021-11-26,223.44
2021-11-29,223.04
2021-11-30,220.98
2021-12-01,220.43
2021-12-02,220.65
2021-12-03,220.72
2021-12-06,223.56
2021-12-07,224.57
2021-12-08,222.63
2021-12-09,222.52
2021-12-10,222.5
2021-12-13,221.18
2021-12-14,219.88
2021-12-15,219.09
2021-12-16,218.2
2021-12-17,220.74
2021-12-20,216.31
2021-12-21,218.11
2021-12-22,218.32
2021-12-23,219.26
2021-12-24,219.54
2021-12-27,220.27
2021-12-28,222.43
2021-12-29,221.47
2021-12-30,222.8
2021-12-31,222.89
2022-01-03,225.05
2022-01-04,225.63
2022-01-05,225.95
2022-01-06,224.05
2022-01-07,220.72
2022-01-10,219.67
2022-01-11,220.02
2022-01-12,221.13
2022-01-13,222.08
2022-01-14,222.51
2022-01-17,220.99
2022-01-18,220.18
2022-01-19,221.97
2022-01-20,222.73
2022-01-21,219.98
2022-01-24,214.62
2022-01-25,215.98
2022-01-26,222.1
2022-01-27,225.46
2022-01-28,224.14
2022-01-31,224.6
2022-02-01,223.69
2022-02-02,225.11
2022-02-03,223.06
2022-02-04,215.17
2022-02-07,212.45
2022-02-08,211.42
2022-02-09,215.75
2022-02-10,218.68
2022-02-11,215.65
2022-02-14,213.64
2022-02-15,215.54
2022-02-16,219.8
2022-02-17,218.41
2022-02-18,216.44
2022-02-21,213.54
2022-02-22,213.39
2022-02-23,213.25
2022-02-24,207.49
2022-02-25,217.15
2022-02-28,217.5
2022-03-01,211.38
2022-03-02,214.04
2022-03-03,209.45
2022-03-04,201.43
2022-03-07,197.08
2022-03-08,196.9
2022-03-09,209.71
2022-03-10,205.79
2022-03-11,208.78
2022-03-14,211.72
2022-03-15,210.58
2022-03-16,214.44
2022-03-17,216.56
2022-03-18,214.2
2022-03-21,208.12
2022-03-22,211.02
2022-03-23,205.12
2022-03-24,204.43
2022-03-25,207.6
2022-03-28,208.94
2022-03-29,212.85
2022-03-30,212.87
2022-03-31,209.59
2022-04-01,211.86
2022-04-04,212.19
2022-04-05,212.19
2022-04-06,206.17
2022-04-07,204.61
2022-04-08,207.24
2022-04-11,208.58
2022-04-12,204.88
2022-04-13,203.26
2022-04-14,205.38
2022-04-14,205.38
2022-04-14,205.38
2022-04-19,202.2
2022-04-20,204.02
2022-04-21,205.42
2022-04-22,201.25
2022-04-25,200.52
2022-04-26,200.32
2022-04-27,201.31
2022-04-28,200.18
2022-04-29,195.52
2022-05-02,190.92
2022-05-03,191.16
2022-05-04,187.89
2022-05-05,189.74
2022-05-06,183.54
2022-05-09,178.2
2022-05-10,180.05
2022-05-11,186.18
2022-05-12,181.82
2022-05-13,183.73
2022-05-16,185.7
2022-05-17,186.99
2022-05-18,187.04
2022-05-19,183.67
2022-05-20,185.18
2022-05-23,188.15
2022-05-24,183.0
2022-05-25,183.23
2022-05-26,183.57
2022-05-27,186.67
2022-05-30,187.23
2022-05-31,186.14
2022-06-01,182.9
2022-06-02,182.43
2022-06-03,183.34
2022-06-06,185.41
2022-06-07,184.93
2022-06-08,183.1
2022-06-09,176.41
2022-06-10,171.91
2022-06-13,162.47
2022-06-14,162.85
2022-06-15,163.49
2022-06-16,157.8
2022-06-17,162.69
2022-06-20,163.12
2022-06-21,163.89
2022-06-22,164.04
2022-06-23,159.45
2022-06-24,162.97
2022-06-27,163.03
2022-06-28,164.15
2022-06-29,157.75
2022-06-30,152.03
2022-07-01,152.6
2022-07-04,146.7
2022-07-05,146.52
2022-07-06,149.96
2022-07-07,152.54
2022-07-08,152.31
2022-07-11,149.72
2022-07-12,150.08
2022-07-13,149.94
2022-07-14,147.13
2022-07-15,150.23
2022-07-18,152.49
2022-07-19,155.72
2022-07-20,156.09
2022-07-21,156.02
2022-07-22,164.29
2022-07-25,161.75
2022-07-26,159.12
2022-07-27,160.38
2022-07-28,165.06
2022-07-29,168.39
2022-08-01,165.49
2022-08-02,165.35
2022-08-03,166.95
2022-08-04,164.32
2022-08-05,163.65
2022-08-08,166.23
2022-08-09,164.14
2022-08-10,169.44
2022-08-11,167.96
2022-08-12,170.41
2022-08-15,170.12
2022-08-16,169.2
2022-08-17,162.73
2022-08-18,163.72
2022-08-19,158.86
2022-08-22,156.45
2022-08-23,155.59
2022-08-24,154.94
2022-08-25,154.33
2022-08-26,149.46
2022-08-29,149.31
2022-08-30,149.71
2022-08-31,149.19
2022-09-01,144.98
2022-09-02,148.33
2022-09-05,146.28
2022-09-06,147.49
2022-09-07,147.47
2022-09-08,144.88
2022-09-09,147.33
2022-09-12,150.56
2022-09-13,144.02
2022-09-14,140.1
2022-09-15,139.47
2022-09-16,140.8
2022-09-19,138.22
2022-09-20,132.81
2022-09-21,133.67
2022-09-22,127.48
2022-09-23,124.33
2022-09-26,121.61
2022-09-27,118.69
2022-09-28,122.1
2022-09-29,118.77
2022-09-30,124.62
2022-10-03,126.29
2022-10-04,127.87
2022-10-05,122.26
2022-10-06,122.41
2022-10-07,119.77
2022-10-10,117.43
2022-10-11,117.74
2022-10-12,113.5
2022-10-13,113.61
2022-10-14,118.39
2022-10-17,123.33
2022-10-18,123.11
2022-10-19,121.09
2022-10-20,123.56
2022-10-21,121.15
2022-10-24,123.69
2022-10-25,129.7
2022-10-26,128.47
2022-10-27,132.62
2022-10-28,128.83
2022-10-31,130.15
2022-11-01,133.21
2022-11-02,129.8
2022-11-03,126.26
2022-11-04,132.45
2022-11-07,132.42
2022-11-08,133.34
2022-11-09,134.71
2022-11-10,141.18
2022-11-11,144.09
2022-11-14,142.53
2022-11-15,142.54
2022-11-16,138.79
2022-11-17,137.56
2022-11-18,138.71
2022-11-21,138.03
2022-11-22,136.72
2022-11-23,135.59
2022-11-24,140.46
2022-11-25,139.16
2022-11-28,137.7
2022-11-29,136.2
2022-11-30,134.12
2022-12-01,134.79
2022-12-02,137.13
2022-12-05,137.29
2022-12-06,136.38
2022-12-07,135.1
2022-12-08,136.4
2022-12-09,137.11
2022-12-12,134.78
2022-12-13,139.87
2022-12-14,141.67
2022-12-15,138.44
2022-12-16,130.5
2022-12-19,130.41
2022-12-20,126.66
2022-12-21,131.1
2022-12-22,130.11
2022-12-23,131.01
2022-12-23,131.01
2022-12-27,130.85
2022-12-28,131.45
2022-12-29,133.46
2022-12-30,131.36
2023-01-02,135.44
2023-01-03,137.19
2023-01-04,141.41
2023-01-05,139.99
2023-01-06,141.24
2023-01-09,144.77
2023-01-10,142.96
2023-01-11,149.04
2023-01-12,151.56
2023-01-13,151.13
2023-01-16,154.97
2023-01-17,153.6
2023-01-18,151.12
2023-01-19,147.57
2023-01-20,147.35
2023-01-23,151.01
2023-01-24,150.67
2023-01-25,149.4
2023-01-26,148.94
2023-01-27,150.13
2023-01-30,148.78
2023-01-31,148.16
2023-02-01,148.16
2023-02-02,158.55
2023-02-03,155.74
2023-02-06,152.87
2023-02-07,150.92
2023-02-08,152.11
2023-02-09,153.03
2023-02-10,150.23
2023-02-13,150.69
2023-02-14,150.11
2023-02-15,148.48
2023-02-16,147.46
2023-02-17,148.15
2023-02-20,147.44
2023-02-21,145.17
2023-02-22,143.16
2023-02-23,146.15
2023-02-24,142.28
2023-02-27,144.36
2023-02-28,143.88
2023-03-01,138.55
2023-03-02,139.36
2023-03-03,141.28
2023-03-06,144.48
2023-03-07,140.82
2023-03-08,139.41
2023-03-09,133.08
2023-03-10,130.3
2023-03-13,129.62
2023-03-14,132.06
2023-03-15,129.43
2023-03-16,126.47
2023-03-17,123.68
2023-03-20,125.24
2023-03-21,124.36
2023-03-22,118.37
2023-03-23,117.82
2023-03-24,114.04
2023-03-27,114.54
2023-03-28,110.18
2023-03-29,113.54
2023-03-30,117.94
2023-03-31,117.54
2023-04-03,117.34
2023-04-04,117.46
2023-04-05,114.34
2023-04-06,118.24
2023-04-06,118.24
2023-04-06,118.24
2023-04-11,119.24
2023-04-12,120.67
2023-04-13,121.03
2023-04-14,123.96
2023-04-17,124.28
2023-04-18,124.4
2023-04-19,122.88
2023-04-20,121.17
2023-04-21,121.47
2023-04-24,120.63
2023-04-25,119.64
2023-04-26,121.77
2023-04-27,122.03
2023-04-28,123.98
2023-05-01,123.98
2023-05-02,119.81
2023-05-03,119.71
2023-05-04,118.98
2023-05-05,119.77
2023-05-08,119.18
2023-05-09,116.27
2023-05-10,117.67
2023-05-11,117.53
2023-05-12,115.26
2023-05-15,116.89
2023-05-16,115.87
2023-05-17,115.25
2023-05-18,112.57
2023-05-19,113.31
2023-05-22,113.62
2023-05-23,117.1
2023-05-24,114.01
2023-05-25,112.38
2023-05-26,111.41
2023-05-29,111.17
2023-05-30,111.16
2023-05-31,110.58
2023-06-01,110.27
2023-06-02,115.04
2023-06-05,114.75
2023-06-06,115.96
2023-06-07,117.1
2023-06-08,116.37
2023-06-09,118.21
2023-06-12,117.14
2023-06-13,115.81
2023-06-14,117.81
2023-06-15,116.51
2023-06-16,117.74
2023-06-19,115.68
2023-06-20,114.79
2023-06-21,112.79
2023-06-22,111.82
2023-06-23,110.01
2023-06-26,109.51
2023-06-27,110.37
2023-06-28,112.64
2023-06-29,111.09
2023-06-30,113.44
2023-07-03,115.44
2023-07-04,119.23
2023-07-05,119.22
2023-07-06,113.36
2023-07-07,114.0
2023-07-10,113.92
2023-07-11,117.12
2023-07-12,121.13
2023-07-13,121.91
2023-07-14,121.62
2023-07-17,119.92
2023-07-18,121.42
2023-07-19,126.0
2023-07-20,125.04
2023-07-21,125.75
2023-07-24,125.37
2023-07-25,124.44
2023-07-26,125.44
2023-07-27,125.0
2023-07-28,124.53
2023-07-31,124.9
2023-08-01,123.03
2023-08-02,121.39
2023-08-03,121.17
2023-08-04,121.63
2023-08-07,121.19
2023-08-08,120.64
2023-08-09,122.12
2023-08-10,124.86
2023-08-11,122.08
2023-08-14,121.59
2023-08-15,119.71
2023-08-16,119.6
2023-08-17,118.14
2023-08-18,115.92
2023-08-21,113.88
2023-08-22,116.13
2023-08-23,118.6
2023-08-24,118.89
2023-08-25,118.73
2023-08-28,119.96
2023-08-29,122.16
2023-08-30,122.54
2023-08-31,126.09
2023-09-01,124.62
2023-09-04,124.26
2023-09-05,124.17
2023-09-06,125.62
2023-09-07,124.52
2023-09-08,124.48
2023-09-11,126.94
2023-09-12,125.49
2023-09-13,126.03
2023-09-14,130.18
2023-09-15,127.53
2023-09-18,124.49
2023-09-19,126.6
2023-09-20,128.61
2023-09-21,126.68
2023-09-22,125.89
2023-09-25,124.8
2023-09-26,121.04
2023-09-27,118.47
2023-09-28,117.88
2023-09-29,121.89
2023-10-02,121.62
2023-10-03,117.7
2023-10-04,117.34
2023-10-05,117.18
2023-10-06,118.02
2023-10-09,118.12
2023-10-10,120.16
2023-10-11,121.3
2023-10-12,120.06
2023-10-13,118.17
2023-10-16,118.58
2023-10-17,117.81
2023-10-18,114.53
2023-10-19,111.38
2023-10-20,111.2
2023-10-23,110.29
2023-10-24,112.11
2023-10-25,109.97
2023-10-26,110.89
2023-10-27,112.17
2023-10-30,113.16
2023-10-31,116.9
2023-11-01,118.49
2023-11-02,124.94
2023-11-03,130.07
2023-11-06,125.32
2023-11-07,125.44
2023-11-08,124.58
2023-11-09,126.62
2023-11-10,124.79
2023-11-13,124.19
2023-11-14,132.86
2023-11-15,130.81
2023-11-16,130.01
2023-11-17,132.43
2023-11-20,133.33
2023-11-21,129.46
2023-11-22,131.35
2023-11-23,131.49
2023-11-24,131.4
2023-11-27,132.91
2023-11-28,132.66
2023-11-29,135.18
2023-11-30,134.46
2023-12-01,138.15
2023-12-04,139.38
2023-12-05,141.69
2023-12-06,142.99
2023-12-07,141.61
2023-12-08,140.89
2023-12-11,141.46
2023-12-12,140.09
2023-12-13,140.68
2023-12-14,148.9
2023-12-15,147.46
2023-12-18,146.82
2023-12-19,148.2
2023-12-20,149.7
2023-12-21,148.54
2023-12-22,149.03
2023-12-22,149.03
2023-12-22,149.03
2023-12-27,151.03
2023-12-28,150.86
2023-12-29,149.43
2023-12-29,149.43
2024-01-02,147.96
2024-01-03,145.39
2024-01-04,145.78
2024-01-05,144.43
2024-01-08,144.4
2024-01-09,143.45
2024-01-10,144.69
2024-01-11,142.69
2024-01-12,144.97
2024-01-15,144.75
2024-01-16,143.41
2024-01-17,139.47
2024-01-18,139.62
2024-01-19,139.74
2024-01-22,140.67
2024-01-23,138.72
2024-01-24,142.19
2024-01-25,142.12
2024-01-26,142.41
2024-01-29,143.95
2024-01-30,143.86
2024-01-31,145.88
2024-02-01,142.2
2024-02-02,141.01
2024-02-05,139.89
2024-02-06,139.17
2024-02-07,137.99
2024-02-08,138.39
2024-02-09,136.42
2024-02-12,138.8
2024-02-13,134.91
2024-02-14,134.45
2024-02-15,137.18
2024-02-16,137.21
2024-02-19,137.4
2024-02-20,136.62
2024-02-21,136.21
2024-02-22,136.73
2024-02-23,136.59
2024-02-26,134.86
2024-02-27,135.65
2024-02-28,132.46
2024-02-29,132.41
2024-03-01,134.92
2024-03-04,133.46
2024-03-05,133.31
2024-03-06,132.66
2024-03-07,135.21
2024-03-08,137.9
2024-03-11,140.36
2024-03-12,138.08
2024-03-13,138.1
2024-03-14,137.18
2024-03-15,131.16
2024-03-18,133.33
2024-03-19,134.6
2024-03-20,135.45
2024-03-21,138.71
2024-03-22,140.23
2024-03-25,141.16
2024-03-26,142.48
2024-03-27,142.71
2024-03-28,143.56
2024-03-28,143.56
2024-03-28,143.56
2024-04-02,140.14
2024-04-03,138.89
2024-04-04,139.58
2024-04-05,137.78
2024-04-08,139.47
2024-04-09,139.36
2024-04-10,137.53
2024-04-11,137.35
2024-04-12,137.91
2024-04-15,137.61
2024-04-16,135.52
2024-04-17,135.42
2024-04-18,137.48
2024-04-19,138.35
2024-04-22,140.13
2024-04-23,141.57
2024-04-24,139.87
2024-04-25,138.88
2024-04-26,141.85
2024-04-29,143.39
2024-04-30,145.29
2024-05-01,145.29
2024-05-02,146.89
2024-05-03,149.34
2024-05-06,149.43
2024-05-07,151.23
2024-05-08,149.4
2024-05-09,148.47
2024-05-10,148.44
2024-05-13,148.64
2024-05-14,148.52
2024-05-15,154.92
2024-05-16,154.87
2024-05-17,153.85
2024-05-20,152.59
2024-05-21,151.23
2024-05-22,152.81
2024-05-23,149.48
2024-05-24,147.91
2024-05-27,148.42
2024-05-28,149.66
2024-05-29,147.0
2024-05-30,149.33
2024-05-31,150.87
2024-06-03,152.51
2024-06-04,153.3
2024-06-05,153.23
2024-06-06,151.06
2024-06-07,145.35
2024-06-10,145.14
2024-06-11,141.3
2024-06-12,145.03
2024-06-13,142.91
2024-06-14,141.27
2024-06-17,139.22
2024-06-18,140.41
2024-06-19,138.96
2024-06-20,141.3
2024-06-21,140.07
2024-06-24,141.58
2024-06-25,140.31
2024-06-26,138.63
2024-06-27,139.93
2024-06-28,139.64
2024-07-01,140.2
2024-07-02,139.92
2024-07-03,142.66
2024-07-04,142.65
2024-07-05,144.12
2024-07-08,142.56
2024-07-09,141.99
2024-07-10,145.41
2024-07-11,148.73
2024-07-12,148.38
2024-07-15,147.55
2024-07-16,147.1
2024-07-17,146.09
2024-07-18,146.13
2024-07-19,144.9
2024-07-22,145.72
2024-07-23,145.01
2024-07-24,144.35
2024-07-25,143.63
2024-07-26,143.08
2024-07-29,144.01
2024-07-30,145.24
2024-07-31,145.08
2024-08-01,147.15
2024-08-02,147.88
2024-08-05,143.81
2024-08-06,142.86
2024-08-07,145.17
2024-08-08,143.85
2024-08-09,147.41
2024-08-12,146.04
2024-08-13,147.03
2024-08-14,148.22
2024-08-15,148.32
2024-08-16,147.79
2024-08-19,148.82
2024-08-20,149.12
2024-08-21,149.8
2024-08-22,150.86
2024-08-23,152.86
2024-08-26,155.98
2024-08-27,154.39
2024-08-28,154.46
2024-08-29,151.58
2024-08-30,153.89
2024-09-02,156.22
2024-09-03,155.18
2024-09-04,157.69
2024-09-05,160.63
2024-09-06,161.67
2024-09-09,161.4
2024-09-10,164.01
2024-09-11,162.69
2024-09-12,162.86
2024-09-13,164.68
2024-09-16,164.42
2024-09-17,163.02
2024-09-18,162.36
2024-09-19,161.24
2024-09-20,160.85
2024-09-23,162.53
2024-09-24,161.33
2024-09-25,161.28
2024-09-26,163.31
2024-09-27,164.66
2024-09-30,162.82
2024-10-01,165.24
2024-10-02,164.08
2024-10-03,161.16
2024-10-04,161.37
2024-10-07,158.75
2024-10-08,158.44
2024-10-09,159.98
2024-10-10,157.97
2024-10-11,160.53
2024-10-14,160.17
2024-10-15,161.84
2024-10-16,163.68
2024-10-17,162.11
2024-10-18,160.82
2024-10-21,157.13
2024-10-22,154.86
2024-10-23,155.47
2024-10-24,156.73
2024-10-25,155.89
2024-10-28,156.75
2024-10-29,154.89
2024-10-30,153.76
2024-10-31,151.98
2024-11-01,152.2
2024-11-04,150.42
2024-11-05,150.74
2024-11-06,147.72
2024-11-07,148.42
2024-11-08,151.25
2024-11-11,151.06
2024-11-12,148.39
2024-11-13,146.6
2024-11-14,148.76
2024-11-15,149.03
2024-11-18,146.38
2024-11-19,147.31
2024-11-20,147.12
2024-11-21,146.26
2024-11-22,151.58
2024-11-25,152.13
2024-11-26,150.67
2024-11-27,153.21
2024-11-28,153.72
2024-11-29,153.81
2024-12-02,151.89
2024-12-03,151.7
2024-12-04,153.43
2024-12-05,151.84
2024-12-06,153.45
2024-12-09,149.56
2024-12-10,149.41
2024-12-11,150.59
2024-12-12,151.12
2024-12-13,148.94
2024-12-16,145.28
2024-12-17,145.2
2024-12-18,145.2
2024-12-19,141.69
2024-12-20,144.22
2024-12-23,143.82
2024-12-24,144.51
2024-12-24,144.51
2024-12-24,144.51
2024-12-27,144.92
2024-12-30,144.52
2024-12-31,144.93
2024-12-31,144.93
2025-01-02,145.91
2025-01-03,144.72
2025-01-06,143.7
2025-01-07,143.71
2025-01-08,141.77
2025-01-09,141.61
2025-01-10,139.78
2025-01-13,137.45
2025-01-14,138.29
2025-01-15,143.72
2025-01-16,143.41
2025-01-17,144.53
2025-01-20,143.91
2025-01-21,143.93
2025-01-22,142.37
2025-01-23,143.44
2025-01-24,142.08
2025-01-27,144.21
2025-01-28,145.9
2025-01-29,144.9
2025-01-30,148.49
2025-01-31,150.01
2025-02-03,148.38
2025-02-04,147.65
2025-02-05,150.98
2025-02-06,151.71
2025-02-07,150.38
2025-02-10,151.77
2025-02-11,150.82
2025-02-12,148.84
2025-02-13,150.09
2025-02-14,150.08
2025-02-17,148.4
2025-02-18,148.35
2025-02-19,146.29
2025-02-20,147.32
2025-02-21,148.04
2025-02-24,150.54
2025-02-25,151.43
2025-02-26,151.95
2025-02-27,152.91
2025-02-28,151.77
2025-03-03,148.83
2025-03-04,148.92
2025-03-05,142.41
2025-03-06,137.67
2025-03-07,138.83
2025-03-10,139.36
2025-03-11,138.03
2025-03-12,139.61
2025-03-13,139.13
2025-03-14,139.87
2025-03-17,140.78
2025-03-18,139.56
2025-03-19,138.71
2025-03-20,139.73
2025-03-21,139.72
2025-03-24,137.15
2025-03-25,136.81
2025-03-26,137.58
2025-03-27,137.55
2025-03-28,139.79
2025-03-31,139.22
2025-04-01,140.05
2025-04-02,138.33
2025-04-03,142.17
2025-04-04,137.79
2025-04-07,133.14
2025-04-08,134.44
2025-04-09,128.76
2025-04-10,133.09
2025-04-11,137.06
2025-04-14,139.68
2025-04-15,144.32
2025-04-16,144.68
2025-04-17,146.39
2025-04-17,146.39
2025-04-17,146.39
2025-04-22,147.25
2025-04-23,145.84
2025-04-24,147.25
2025-04-25,147.82
2025-04-28,147.16
2025-04-29,147.4
2025-04-30,150.49
2025-05-01,150.49
2025-05-02,151.58
2025-05-05,153.42
2025-05-06,153.26
2025-05-07,154.35
2025-05-08,151.24
2025-05-09,152.2
2025-05-12,150.31
2025-05-13,148.15
2025-05-14,147.64
2025-05-15,149.97
2025-05-16,152.02
2025-05-19,152.16
2025-05-20,153.58
