permno,adate,qdate,public_date,pe_op_basic,pe_exi,roa,rd_sale,TICKER
41355,2017-06-30,2017-09-30,2018-01-31,23.152,25.889,0.147,0.027,PH
41355,2017-06-30,2017-12-31,2018-02-28,19.088,27.842,0.150,0.025,PH
41355,2017-06-30,2017-12-31,2018-03-31,18.292,26.682,0.150,0.025,PH
41355,2017-06-30,2017-12-31,2018-04-30,17.606,25.682,0.150,0.025,PH
41355,2017-06-30,2018-03-31,2018-05-31,17.005,23.189,0.152,0.024,PH
41355,2017-06-30,2018-03-31,2018-06-30,15.507,21.147,0.152,0.024,PH
41355,2017-06-30,2018-03-31,2018-07-31,16.821,22.938,0.152,0.024,PH
41355,2018-06-30,2018-06-30,2018-08-31,16.645,22.427,0.158,0.023,PH
41355,2018-06-30,2018-06-30,2018-09-30,17.434,23.490,0.158,0.023,PH
41355,2018-06-30,2018-06-30,2018-10-31,14.373,19.365,0.158,0.023,PH
41355,2018-06-30,2018-09-30,2018-11-30,15.430,20.192,0.159,0.023,PH
41355,2018-06-30,2018-09-30,2018-12-31,13.376,17.505,0.159,0.023,PH
41355,2018-06-30,2018-09-30,2019-01-31,14.781,19.344,0.159,0.023,PH
41355,2018-06-30,2018-12-31,2019-02-28,15.562,16.825,0.162,0.023,PH
41355,2018-06-30,2018-12-31,2019-03-31,15.161,16.392,0.162,0.023,PH
41355,2018-06-30,2018-12-31,2019-04-30,15.996,17.295,0.162,0.023,PH
41355,2018-06-30,2019-03-31,2019-05-31,13.052,13.962,0.166,0.023,PH
41355,2018-06-30,2019-03-31,2019-06-30,14.568,15.583,0.166,0.023,PH
41355,2018-06-30,2019-03-31,2019-07-31,15.003,16.048,0.166,0.023,PH
41355,2019-06-30,2019-06-30,2019-08-31,13.803,14.440,0.155,0.021,PH
41355,2019-06-30,2019-06-30,2019-09-30,15.038,15.733,0.155,0.021,PH
41355,2019-06-30,2019-06-30,2019-10-31,15.278,15.983,0.155,0.021,PH
41355,2019-06-30,2019-09-30,2019-11-30,16.677,17.639,0.158,0.021,PH
41355,2019-06-30,2019-09-30,2019-12-31,17.267,18.263,0.158,0.021,PH
41355,2019-06-30,2019-09-30,2020-01-31,16.417,17.364,0.158,0.021,PH
41355,2019-06-30,2019-12-31,2020-02-29,15.488,17.664,0.151,0.021,PH
41355,2019-06-30,2019-12-31,2020-03-31,10.874,12.402,0.151,0.021,PH
41355,2019-06-30,2019-12-31,2020-04-30,13.254,15.117,0.151,0.021,PH
41355,2019-06-30,2020-03-31,2020-05-31,15.369,17.644,0.141,0.021,PH
41355,2019-06-30,2020-03-31,2020-06-30,15.651,17.968,0.141,0.021,PH
41355,2019-06-30,2020-03-31,2020-07-31,15.279,17.541,0.141,0.021,PH
41355,2020-06-30,2020-06-30,2020-08-31,18.883,22.175,0.138,0.021,PH
41355,2020-06-30,2020-06-30,2020-09-30,18.546,21.780,0.138,0.021,PH
41355,2020-06-30,2020-06-30,2020-10-31,19.098,22.428,0.138,0.021,PH
41355,2020-06-30,2020-09-30,2020-11-30,25.001,29.369,0.130,0.022,PH
41355,2020-06-30,2020-09-30,2020-12-31,25.483,29.935,0.130,0.022,PH
41355,2020-06-30,2020-09-30,2021-01-31,24.753,29.078,0.130,0.022,PH
41355,2020-06-30,2020-12-31,2021-02-28,25.736,26.111,0.134,0.022,PH
41355,2020-06-30,2020-12-31,2021-03-31,28.290,28.702,0.134,0.022,PH
41355,2020-06-30,2020-12-31,2021-04-30,28.144,28.554,0.134,0.022,PH
41355,2020-06-30,2021-03-31,2021-05-31,25.982,26.270,0.140,0.022,PH
41355,2020-06-30,2021-03-31,2021-06-30,25.895,26.182,0.140,0.022,PH
41355,2020-06-30,2021-03-31,2021-07-31,26.309,26.601,0.140,0.022,PH
41355,2021-06-30,2021-06-30,2021-08-31,22.273,22.222,0.151,0.018,PH
41355,2021-06-30,2021-06-30,2021-09-30,20.992,20.945,0.151,0.018,PH
41355,2021-06-30,2021-06-30,2021-10-31,22.267,22.216,0.151,0.018,PH
41355,2021-06-30,2021-09-30,2021-11-30,20.746,21.108,0.159,0.017,PH
41355,2021-06-30,2021-09-30,2021-12-31,21.849,22.231,0.159,0.017,PH
41355,2021-06-30,2021-09-30,2022-01-31,21.292,21.664,0.159,0.017,PH
41355,2021-06-30,2021-12-31,2022-02-28,18.999,21.385,0.165,0.017,PH
41355,2021-06-30,2021-12-31,2022-03-31,18.190,20.473,0.165,0.017,PH
41355,2021-06-30,2021-12-31,2022-04-30,17.360,19.540,0.165,0.017,PH
41355,2021-06-30,2022-03-31,2022-05-31,16.677,21.033,0.164,0.017,PH
41355,2021-06-30,2022-03-31,2022-06-30,15.077,19.015,0.164,0.017,PH
41355,2021-06-30,2022-03-31,2022-07-31,17.714,22.341,0.164,0.017,PH
41355,2022-06-30,2022-06-30,2022-08-31,15.506,26.264,0.151,0.017,PH
41355,2022-06-30,2022-06-30,2022-09-30,14.178,24.015,0.151,0.017,PH
41355,2022-06-30,2022-06-30,2022-10-31,17.005,28.803,0.151,0.017,PH
41355,2022-06-30,2022-09-30,2022-11-30,17.063,31.107,0.156,0.016,PH
41355,2022-06-30,2022-09-30,2022-12-31,16.610,30.281,0.156,0.016,PH
41355,2022-06-30,2022-09-30,2023-01-31,18.607,33.923,0.156,0.016,PH
41355,2022-06-30,2022-12-31,2023-02-28,20.175,36.311,0.148,0.015,PH
41355,2022-06-30,2022-12-31,2023-03-31,19.272,34.686,0.148,0.015,PH
41355,2022-06-30,2022-12-31,2023-04-30,18.628,33.527,0.148,0.015,PH
41355,2022-06-30,2023-03-31,2023-05-31,17.636,27.696,0.146,0.015,PH
41355,2022-06-30,2023-03-31,2023-06-30,21.466,33.711,0.146,0.015,PH
41355,2022-06-30,2023-03-31,2023-07-31,22.565,35.437,0.146,0.015,PH
41355,2023-06-30,2023-06-30,2023-08-31,22.140,25.991,0.152,0.017,PH
41355,2023-06-30,2023-06-30,2023-09-30,20.686,24.284,0.152,0.017,PH
41355,2023-06-30,2023-06-30,2023-10-31,19.592,22.999,0.152,0.017,PH
41355,2023-06-30,2023-09-30,2023-11-30,22.011,24.052,0.148,0.017,PH
41355,2023-06-30,2023-09-30,2023-12-31,23.410,25.580,0.148,0.017,PH
41355,2023-06-30,2023-09-30,2024-01-31,23.603,25.791,0.148,0.017,PH
41355,2023-06-30,2023-12-31,2024-02-29,25.365,26.494,0.154,0.017,PH
41355,2023-06-30,2023-12-31,2024-03-31,26.328,27.501,0.154,0.017,PH
41355,2023-06-30,2023-12-31,2024-04-30,25.813,26.962,0.154,0.017,PH
41355,2023-06-30,2024-03-31,2024-05-31,24.460,25.001,0.157,0.017,PH
41355,2023-06-30,2024-03-31,2024-06-30,23.277,23.792,0.157,0.017,PH
41355,2023-06-30,2024-03-31,2024-07-31,25.824,26.395,0.157,0.017,PH
41355,2024-06-30,2024-06-30,2024-08-31,26.843,27.482,0.163,0.015,PH
41355,2024-06-30,2024-06-30,2024-09-30,28.257,28.929,0.163,0.015,PH
41355,2024-06-30,2024-06-30,2024-10-31,28.357,29.033,0.163,0.015,PH
41355,2024-06-30,2024-09-30,2024-11-30,30.978,31.748,0.166,0.015,PH
86228,2016-12-31,2017-09-30,2018-01-31,28.787,29.153,0.133,0.000,RSG
86228,2017-12-31,2017-12-31,2018-02-28,27.760,17.820,0.133,0.000,RSG
86228,2017-12-31,2017-12-31,2018-03-31,27.368,17.568,0.133,0.000,RSG
86228,2017-12-31,2017-12-31,2018-04-30,26.727,17.156,0.133,0.000,RSG
86228,2017-12-31,2018-03-31,2018-05-31,25.835,17.028,0.135,0.000,RSG
86228,2017-12-31,2018-03-31,2018-06-30,26.192,17.263,0.135,0.000,RSG
86228,2017-12-31,2018-03-31,2018-07-31,27.770,18.303,0.135,0.000,RSG
86228,2017-12-31,2018-06-30,2018-08-31,26.872,18.025,0.133,0.000,RSG
86228,2017-12-31,2018-06-30,2018-09-30,26.615,17.853,0.133,0.000,RSG
86228,2017-12-31,2018-06-30,2018-10-31,26.623,17.857,0.133,0.000,RSG
86228,2017-12-31,2018-09-30,2018-11-30,26.761,18.371,0.133,0.000,RSG
86228,2017-12-31,2018-09-30,2018-12-31,24.945,17.124,0.133,0.000,RSG
86228,2017-12-31,2018-09-30,2019-01-31,26.543,18.221,0.133,0.000,RSG
86228,2018-12-31,2018-12-31,2019-02-28,25.382,24.820,0.131,0.000,RSG
86228,2018-12-31,2018-12-31,2019-03-31,26.013,25.437,0.131,0.000,RSG
86228,2018-12-31,2018-12-31,2019-04-30,26.803,26.209,0.131,0.000,RSG
86228,2018-12-31,2019-03-31,2019-05-31,27.287,26.769,0.132,0.000,RSG
86228,2018-12-31,2019-03-31,2019-06-30,27.948,27.418,0.132,0.000,RSG
86228,2018-12-31,2019-03-31,2019-07-31,28.597,28.054,0.132,0.000,RSG
86228,2018-12-31,2019-06-30,2019-08-31,28.244,27.632,0.132,0.000,RSG
86228,2018-12-31,2019-06-30,2019-09-30,27.389,26.796,0.132,0.000,RSG
86228,2018-12-31,2019-06-30,2019-10-31,27.693,27.093,0.132,0.000,RSG
86228,2018-12-31,2019-09-30,2019-11-30,27.446,26.463,0.132,0.000,RSG
86228,2018-12-31,2019-09-30,2019-12-31,27.749,26.755,0.132,0.000,RSG
86228,2018-12-31,2019-09-30,2020-01-31,29.427,28.373,0.132,0.000,RSG
86228,2019-12-31,2019-12-31,2020-02-29,26.943,27.105,0.130,0.000,RSG
86228,2019-12-31,2019-12-31,2020-03-31,22.406,22.541,0.130,0.000,RSG
86228,2019-12-31,2019-12-31,2020-04-30,23.385,23.526,0.130,0.000,RSG
86228,2019-12-31,2020-03-31,2020-05-31,25.284,25.284,0.132,0.000,RSG
86228,2019-12-31,2020-03-31,2020-06-30,24.275,24.275,0.132,0.000,RSG
86228,2019-12-31,2020-03-31,2020-07-31,25.814,25.814,0.132,0.000,RSG
86228,2019-12-31,2020-06-30,2020-08-31,26.720,28.097,0.132,0.000,RSG
86228,2019-12-31,2020-06-30,2020-09-30,26.902,28.288,0.132,0.000,RSG
86228,2019-12-31,2020-06-30,2020-10-31,25.409,26.718,0.132,0.000,RSG
86228,2019-12-31,2020-09-30,2020-11-30,26.942,30.320,0.133,0.000,RSG
86228,2019-12-31,2020-09-30,2020-12-31,26.825,30.188,0.133,0.000,RSG
86228,2019-12-31,2020-09-30,2021-01-31,25.214,28.376,0.133,0.000,RSG
86228,2020-12-31,2020-12-31,2021-02-28,23.885,29.500,0.131,0.000,RSG
86228,2020-12-31,2020-12-31,2021-03-31,26.635,32.897,0.131,0.000,RSG
86228,2020-12-31,2020-12-31,2021-04-30,28.499,35.199,0.131,0.000,RSG
86228,2020-12-31,2021-03-31,2021-05-31,27.995,34.226,0.136,0.000,RSG
86228,2020-12-31,2021-03-31,2021-06-30,28.208,34.486,0.136,0.000,RSG
86228,2020-12-31,2021-03-31,2021-07-31,30.349,37.103,0.136,0.000,RSG
86228,2020-12-31,2021-06-30,2021-08-31,30.129,35.365,0.140,0.000,RSG
86228,2020-12-31,2021-06-30,2021-09-30,29.141,34.205,0.140,0.000,RSG
86228,2020-12-31,2021-06-30,2021-10-31,32.670,38.348,0.140,0.000,RSG
86228,2020-12-31,2021-09-30,2021-11-30,31.416,34.805,0.143,0.000,RSG
86228,2020-12-31,2021-09-30,2021-12-31,33.124,36.697,0.143,0.000,RSG
86228,2020-12-31,2021-09-30,2022-01-31,30.323,33.595,0.143,0.000,RSG
86228,2021-12-31,2021-12-31,2022-02-28,28.844,29.772,0.138,0.000,RSG
86228,2021-12-31,2021-12-31,2022-03-31,31.775,32.797,0.138,0.000,RSG
86228,2021-12-31,2021-12-31,2022-04-30,32.199,33.235,0.138,0.000,RSG
86228,2021-12-31,2022-03-31,2022-05-31,30.557,31.716,0.145,0.000,RSG
86228,2021-12-31,2022-03-31,2022-06-30,29.879,31.012,0.145,0.000,RSG
86228,2021-12-31,2022-03-31,2022-07-31,31.658,32.858,0.145,0.000,RSG
86228,2021-12-31,2022-06-30,2022-08-31,31.026,32.734,0.148,0.000,RSG
86228,2021-12-31,2022-06-30,2022-09-30,29.574,31.202,0.148,0.000,RSG
86228,2021-12-31,2022-06-30,2022-10-31,28.830,30.417,0.148,0.000,RSG
86228,2021-12-31,2022-09-30,2022-11-30,28.839,30.413,0.148,0.000,RSG
86228,2021-12-31,2022-09-30,2022-12-31,26.706,28.164,0.148,0.000,RSG
86228,2021-12-31,2022-09-30,2023-01-31,25.843,27.253,0.148,0.000,RSG
86228,2022-12-31,2022-12-31,2023-02-28,26.099,27.490,0.144,0.000,RSG
86228,2022-12-31,2022-12-31,2023-03-31,27.372,28.832,0.144,0.000,RSG
86228,2022-12-31,2022-12-31,2023-04-30,29.275,30.836,0.144,0.000,RSG
86228,2022-12-31,2023-03-31,2023-05-31,28.157,29.568,0.147,0.000,RSG
86228,2022-12-31,2023-03-31,2023-06-30,30.451,31.977,0.147,0.000,RSG
86228,2022-12-31,2023-03-31,2023-07-31,30.042,31.547,0.147,0.000,RSG
86228,2022-12-31,2023-06-30,2023-08-31,28.150,29.000,0.145,0.000,RSG
86228,2022-12-31,2023-06-30,2023-09-30,27.834,28.674,0.145,0.000,RSG
86228,2022-12-31,2023-06-30,2023-10-31,29.002,29.877,0.145,0.000,RSG
86228,2022-12-31,2023-09-30,2023-11-30,30.364,31.364,0.147,0.000,RSG
86228,2022-12-31,2023-09-30,2023-12-31,30.940,31.959,0.147,0.000,RSG
86228,2022-12-31,2023-09-30,2024-01-31,32.105,33.163,0.147,0.000,RSG
86228,2023-12-31,2023-12-31,2024-02-29,32.727,33.565,0.145,0.000,RSG
86228,2023-12-31,2023-12-31,2024-03-31,34.125,34.998,0.145,0.000,RSG
86228,2023-12-31,2023-12-31,2024-04-30,34.171,35.046,0.145,0.000,RSG
86228,2023-12-31,2024-03-31,2024-05-31,31.765,32.489,0.152,0.000,RSG
86228,2023-12-31,2024-03-31,2024-06-30,33.334,34.095,0.152,0.000,RSG
86228,2023-12-31,2024-03-31,2024-07-31,33.331,34.091,0.152,0.000,RSG
86228,2023-12-31,2024-06-30,2024-08-31,34.472,34.876,0.154,0.000,RSG
86228,2023-12-31,2024-06-30,2024-09-30,33.252,33.642,0.154,0.000,RSG
86228,2023-12-31,2024-06-30,2024-10-31,32.781,33.166,0.154,0.000,RSG
86228,2023-12-31,2024-09-30,2024-11-30,34.541,34.928,0.156,0.000,RSG
91103,2016-12-31,2017-09-30,2018-01-31,10.276,10.680,0.149,0.000,UAL
91103,2017-12-31,2017-12-31,2018-02-28,9.999,9.657,0.141,0.000,UAL
91103,2017-12-31,2017-12-31,2018-03-31,10.246,9.896,0.141,0.000,UAL
91103,2017-12-31,2017-12-31,2018-04-30,9.962,9.621,0.141,0.000,UAL
91103,2017-12-31,2018-03-31,2018-05-31,9.885,9.520,0.141,0.000,UAL
91103,2017-12-31,2018-03-31,2018-06-30,9.905,9.539,0.141,0.000,UAL
91103,2017-12-31,2018-03-31,2018-07-31,11.420,10.999,0.141,0.000,UAL
91103,2017-12-31,2018-06-30,2018-08-31,12.382,12.347,0.134,0.000,UAL
91103,2017-12-31,2018-06-30,2018-09-30,12.615,12.579,0.134,0.000,UAL
91103,2017-12-31,2018-06-30,2018-10-31,12.112,12.078,0.134,0.000,UAL
91103,2017-12-31,2018-09-30,2018-11-30,12.287,12.148,0.132,0.000,UAL
91103,2017-12-31,2018-09-30,2018-12-31,10.639,10.519,0.132,0.000,UAL
91103,2017-12-31,2018-09-30,2019-01-31,11.089,10.964,0.132,0.000,UAL
91103,2018-12-31,2018-12-31,2019-02-28,9.855,11.404,0.138,0.000,UAL
91103,2018-12-31,2018-12-31,2019-03-31,8.954,10.361,0.138,0.000,UAL
91103,2018-12-31,2018-12-31,2019-04-30,9.973,11.540,0.138,0.000,UAL
91103,2018-12-31,2019-03-31,2019-05-31,8.157,9.344,0.137,0.000,UAL
91103,2018-12-31,2019-03-31,2019-06-30,9.196,10.535,0.137,0.000,UAL
91103,2018-12-31,2019-03-31,2019-07-31,9.654,11.060,0.137,0.000,UAL
91103,2018-12-31,2019-06-30,2019-08-31,7.865,8.594,0.139,0.000,UAL
91103,2018-12-31,2019-06-30,2019-09-30,8.247,9.012,0.139,0.000,UAL
91103,2018-12-31,2019-06-30,2019-10-31,8.474,9.260,0.139,0.000,UAL
91103,2018-12-31,2019-09-30,2019-11-30,7.932,8.649,0.140,0.000,UAL
91103,2018-12-31,2019-09-30,2019-12-31,7.529,8.210,0.140,0.000,UAL
91103,2018-12-31,2019-09-30,2020-01-31,6.393,6.971,0.140,0.000,UAL
91103,2019-12-31,2019-12-31,2020-02-29,5.077,5.319,0.140,0.000,UAL
91103,2019-12-31,2019-12-31,2020-03-31,2.601,2.725,0.140,0.000,UAL
91103,2019-12-31,2019-12-31,2020-04-30,2.439,2.554,0.140,0.000,UAL
91103,2019-12-31,2020-03-31,2020-05-31,4.236,7.620,0.106,0.000,UAL
91103,2019-12-31,2020-03-31,2020-06-30,5.228,9.405,0.106,0.000,UAL
91103,2019-12-31,2020-03-31,2020-07-31,4.740,8.527,0.106,0.000,UAL
91103,2019-12-31,2020-06-30,2020-08-31,-5.172,-5.931,0.017,0.000,UAL
91103,2019-12-31,2020-06-30,2020-09-30,-4.993,-5.725,0.017,0.000,UAL
91103,2019-12-31,2020-06-30,2020-10-31,-4.865,-5.578,0.017,0.000,UAL
91103,2019-12-31,2020-09-30,2020-11-30,-2.341,-2.750,-0.061,0.000,UAL
91103,2019-12-31,2020-09-30,2020-12-31,-2.248,-2.640,-0.061,0.000,UAL
91103,2019-12-31,2020-09-30,2021-01-31,-2.078,-2.441,-0.061,0.000,UAL
91103,2020-12-31,2020-12-31,2021-02-28,-1.830,-2.082,-0.116,0.000,UAL
91103,2020-12-31,2020-12-31,2021-03-31,-1.999,-2.274,-0.116,0.000,UAL
91103,2020-12-31,2020-12-31,2021-04-30,-1.890,-2.150,-0.116,0.000,UAL
91103,2020-12-31,2021-03-31,2021-05-31,-1.810,-2.559,-0.150,0.000,UAL
91103,2020-12-31,2021-03-31,2021-06-30,-1.622,-2.293,-0.150,0.000,UAL
91103,2020-12-31,2021-03-31,2021-07-31,-1.449,-2.049,-0.150,0.000,UAL
91103,2020-12-31,2021-06-30,2021-08-31,-1.757,-2.539,-0.113,0.000,UAL
91103,2020-12-31,2021-06-30,2021-09-30,-1.797,-2.597,-0.113,0.000,UAL
91103,2020-12-31,2021-06-30,2021-10-31,-1.743,-2.519,-0.113,0.000,UAL
91103,2020-12-31,2021-09-30,2021-11-30,-2.162,-4.029,-0.064,0.000,UAL
91103,2020-12-31,2021-09-30,2021-12-31,-2.239,-4.173,-0.064,0.000,UAL
91103,2020-12-31,2021-09-30,2022-01-31,-2.193,-4.088,-0.064,0.000,UAL
91103,2021-12-31,2021-12-31,2022-02-28,-3.010,-7.279,-0.034,0.000,UAL
91103,2021-12-31,2021-12-31,2022-03-31,-3.143,-7.600,-0.034,0.000,UAL
91103,2021-12-31,2021-12-31,2022-04-30,-3.424,-8.279,-0.034,0.000,UAL
91103,2021-12-31,2022-03-31,2022-05-31,-4.374,-7.770,-0.008,0.000,UAL
91103,2021-12-31,2022-03-31,2022-06-30,-3.253,-5.778,-0.008,0.000,UAL
91103,2021-12-31,2022-03-31,2022-07-31,-3.375,-5.995,-0.008,0.000,UAL
91103,2021-12-31,2022-06-30,2022-08-31,-5.739,-9.286,0.024,0.000,UAL
91103,2021-12-31,2022-06-30,2022-09-30,-5.333,-8.629,0.024,0.000,UAL
91103,2021-12-31,2022-06-30,2022-10-31,-7.062,-11.427,0.024,0.000,UAL
91103,2021-12-31,2022-09-30,2022-11-30,-23.126,-19.039,0.046,0.000,UAL
91103,2021-12-31,2022-09-30,2022-12-31,-19.738,-16.250,0.046,0.000,UAL
91103,2021-12-31,2022-09-30,2023-01-31,-25.634,-21.103,0.046,0.000,UAL
91103,2022-12-31,2022-12-31,2023-02-28,19.908,23.300,0.073,0.000,UAL
91103,2022-12-31,2022-12-31,2023-03-31,16.954,19.843,0.073,0.000,UAL
91103,2022-12-31,2022-12-31,2023-04-30,16.782,19.641,0.073,0.000,UAL
91103,2022-12-31,2023-03-31,2023-05-31,7.570,8.155,0.092,0.000,UAL
91103,2022-12-31,2023-03-31,2023-06-30,8.751,9.428,0.092,0.000,UAL
91103,2022-12-31,2023-03-31,2023-07-31,8.662,9.332,0.092,0.000,UAL
91103,2022-12-31,2023-06-30,2023-08-31,4.803,6.172,0.112,0.000,UAL
91103,2022-12-31,2023-06-30,2023-09-30,4.079,5.242,0.112,0.000,UAL
91103,2022-12-31,2023-06-30,2023-10-31,3.376,4.338,0.112,0.000,UAL
91103,2022-12-31,2023-09-30,2023-11-30,3.588,4.565,0.116,0.000,UAL
91103,2022-12-31,2023-09-30,2023-12-31,3.758,4.781,0.116,0.000,UAL
91103,2022-12-31,2023-09-30,2024-01-31,3.769,4.795,0.116,0.000,UAL
91103,2023-12-31,2023-12-31,2024-02-29,4.417,5.766,0.113,0.000,UAL
91103,2023-12-31,2023-12-31,2024-03-31,4.649,6.068,0.113,0.000,UAL
91103,2023-12-31,2023-12-31,2024-04-30,4.996,6.522,0.113,0.000,UAL
91103,2023-12-31,2024-03-31,2024-05-31,5.004,6.550,0.111,0.000,UAL
91103,2023-12-31,2024-03-31,2024-06-30,4.595,6.015,0.111,0.000,UAL
91103,2023-12-31,2024-03-31,2024-07-31,4.289,5.614,0.111,0.000,UAL
91103,2023-12-31,2024-06-30,2024-08-31,4.720,4.988,0.106,0.000,UAL
91103,2023-12-31,2024-06-30,2024-09-30,6.116,6.462,0.106,0.000,UAL
91103,2023-12-31,2024-06-30,2024-10-31,8.388,8.863,0.106,0.000,UAL
91103,2023-12-31,2024-09-30,2024-11-30,10.892,11.666,0.104,0.000,UAL
91926,2016-12-31,2017-09-30,2018-01-31,11.681,11.729,0.154,0.000,DAL
91926,2017-12-31,2017-12-31,2018-02-28,10.405,10.889,0.160,0.000,DAL
91926,2017-12-31,2017-12-31,2018-03-31,10.581,11.073,0.160,0.000,DAL
91926,2017-12-31,2017-12-31,2018-04-30,10.081,10.549,0.160,0.000,DAL
91926,2017-12-31,2018-03-31,2018-05-31,11.574,12.173,0.155,0.000,DAL
91926,2017-12-31,2018-03-31,2018-06-30,10.608,11.158,0.155,0.000,DAL
91926,2017-12-31,2018-03-31,2018-07-31,11.653,12.257,0.155,0.000,DAL
91926,2017-12-31,2018-06-30,2018-08-31,12.909,13.600,0.149,0.000,DAL
91926,2017-12-31,2018-06-30,2018-09-30,12.766,13.449,0.149,0.000,DAL
91926,2017-12-31,2018-06-30,2018-10-31,12.082,12.728,0.149,0.000,DAL
91926,2017-12-31,2018-09-30,2018-11-30,12.595,13.198,0.143,0.000,DAL
91926,2017-12-31,2018-09-30,2018-12-31,10.353,10.848,0.143,0.000,DAL
91926,2017-12-31,2018-09-30,2019-01-31,10.255,10.746,0.143,0.000,DAL
91926,2018-12-31,2018-12-31,2019-02-28,8.966,8.744,0.134,0.000,DAL
91926,2018-12-31,2018-12-31,2019-03-31,9.340,9.109,0.134,0.000,DAL
91926,2018-12-31,2018-12-31,2019-04-30,10.541,10.280,0.134,0.000,DAL
91926,2018-12-31,2019-03-31,2019-05-31,8.803,8.598,0.138,0.000,DAL
91926,2018-12-31,2019-03-31,2019-06-30,9.701,9.474,0.138,0.000,DAL
91926,2018-12-31,2019-03-31,2019-07-31,10.434,10.190,0.138,0.000,DAL
91926,2018-12-31,2019-06-30,2019-08-31,8.820,8.636,0.143,0.000,DAL
91926,2018-12-31,2019-06-30,2019-09-30,8.780,8.597,0.143,0.000,DAL
91926,2018-12-31,2019-06-30,2019-10-31,8.396,8.221,0.143,0.000,DAL
91926,2018-12-31,2019-09-30,2019-11-30,8.258,8.095,0.148,0.000,DAL
91926,2018-12-31,2019-09-30,2019-12-31,8.427,8.260,0.148,0.000,DAL
91926,2018-12-31,2019-09-30,2020-01-31,8.032,7.873,0.148,0.000,DAL
91926,2019-12-31,2019-12-31,2020-02-29,6.302,6.319,0.147,0.000,DAL
91926,2019-12-31,2019-12-31,2020-03-31,3.898,3.908,0.147,0.000,DAL
91926,2019-12-31,2019-12-31,2020-04-30,3.540,3.549,0.147,0.000,DAL
91926,2019-12-31,2020-03-31,2020-05-31,4.933,4.677,0.124,0.000,DAL
91926,2019-12-31,2020-03-31,2020-06-30,5.489,5.204,0.124,0.000,DAL
91926,2019-12-31,2020-03-31,2020-07-31,4.886,4.633,0.124,0.000,DAL
91926,2019-12-31,2020-06-30,2020-08-31,-14.552,-5.310,0.030,0.000,DAL
91926,2019-12-31,2020-06-30,2020-09-30,-14.425,-5.263,0.030,0.000,DAL
91926,2019-12-31,2020-06-30,2020-10-31,-14.453,-5.274,0.030,0.000,DAL
91926,2019-12-31,2020-09-30,2020-11-30,-5.012,-2.426,-0.038,0.000,DAL
91926,2019-12-31,2020-09-30,2020-12-31,-5.007,-2.424,-0.038,0.000,DAL
91926,2019-12-31,2020-09-30,2021-01-31,-4.727,-2.288,-0.038,0.000,DAL
91926,2020-12-31,2020-12-31,2021-02-28,-4.039,-2.460,-0.086,0.000,DAL
91926,2020-12-31,2020-12-31,2021-03-31,-4.067,-2.477,-0.086,0.000,DAL
91926,2020-12-31,2020-12-31,2021-04-30,-3.953,-2.407,-0.086,0.000,DAL
91926,2020-12-31,2021-03-31,2021-05-31,-3.391,-2.324,-0.114,0.000,DAL
91926,2020-12-31,2021-03-31,2021-06-30,-3.077,-2.108,-0.114,0.000,DAL
91926,2020-12-31,2021-03-31,2021-07-31,-2.838,-1.944,-0.114,0.000,DAL
91926,2020-12-31,2021-06-30,2021-08-31,-4.131,-3.859,-0.073,0.000,DAL
91926,2020-12-31,2021-06-30,2021-09-30,-4.352,-4.066,-0.073,0.000,DAL
91926,2020-12-31,2021-06-30,2021-10-31,-3.997,-3.734,-0.073,0.000,DAL
91926,2020-12-31,2021-09-30,2021-11-30,-5.820,-301.67,-0.036,0.000,DAL
91926,2020-12-31,2021-09-30,2021-12-31,-6.283,-325.67,-0.036,0.000,DAL
91926,2020-12-31,2021-09-30,2022-01-31,-6.381,-330.75,-0.036,0.000,DAL
91926,2021-12-31,2021-12-31,2022-02-28,-8.832,90.727,-0.007,0.000,DAL
91926,2021-12-31,2021-12-31,2022-03-31,-8.754,89.932,-0.007,0.000,DAL
91926,2021-12-31,2021-12-31,2022-04-30,-9.520,97.795,-0.007,0.000,DAL
91926,2021-12-31,2022-03-31,2022-05-31,-15.498,52.772,0.018,0.000,DAL
91926,2021-12-31,2022-03-31,2022-06-30,-10.770,36.671,0.018,0.000,DAL
91926,2021-12-31,2022-03-31,2022-07-31,-11.822,40.253,0.018,0.000,DAL
91926,2021-12-31,2022-06-30,2022-08-31,-41.427,33.409,0.048,0.000,DAL
91926,2021-12-31,2022-06-30,2022-09-30,-37.413,30.172,0.048,0.000,DAL
91926,2021-12-31,2022-06-30,2022-10-31,-45.240,36.484,0.048,0.000,DAL
91926,2021-12-31,2022-09-30,2022-11-30,86.268,294.750,0.063,0.000,DAL
91926,2021-12-31,2022-09-30,2022-12-31,80.146,273.833,0.063,0.000,DAL
91926,2021-12-31,2022-09-30,2023-01-31,95.366,325.833,0.063,0.000,DAL
91926,2022-12-31,2022-12-31,2023-02-28,18.794,18.612,0.078,0.000,DAL
91926,2022-12-31,2022-12-31,2023-03-31,17.118,16.951,0.078,0.000,DAL
91926,2022-12-31,2022-12-31,2023-04-30,16.819,16.655,0.078,0.000,DAL
91926,2022-12-31,2023-03-31,2023-05-31,9.060,12.315,0.096,0.000,DAL
91926,2022-12-31,2023-03-31,2023-06-30,11.855,16.115,0.096,0.000,DAL
91926,2022-12-31,2023-03-31,2023-07-31,11.536,15.681,0.096,0.000,DAL
91926,2022-12-31,2023-06-30,2023-08-31,7.523,9.222,0.111,0.000,DAL
91926,2022-12-31,2023-06-30,2023-09-30,6.491,7.957,0.111,0.000,DAL
91926,2022-12-31,2023-06-30,2023-10-31,5.482,6.720,0.111,0.000,DAL
91926,2022-12-31,2023-09-30,2023-11-30,5.843,6.981,0.119,0.000,DAL
91926,2022-12-31,2023-09-30,2023-12-31,6.366,7.605,0.119,0.000,DAL
91926,2022-12-31,2023-09-30,2024-01-31,6.193,7.399,0.119,0.000,DAL
91926,2023-12-31,2023-12-31,2024-02-29,5.056,5.895,0.120,0.000,DAL
91926,2023-12-31,2023-12-31,2024-03-31,5.726,6.676,0.120,0.000,DAL
91926,2023-12-31,2023-12-31,2024-04-30,5.989,6.983,0.120,0.000,DAL
91926,2023-12-31,2024-03-31,2024-05-31,6.466,6.558,0.120,0.000,DAL
91926,2023-12-31,2024-03-31,2024-06-30,6.013,6.098,0.120,0.000,DAL
91926,2023-12-31,2024-03-31,2024-07-31,5.452,5.530,0.120,0.000,DAL
91926,2023-12-31,2024-06-30,2024-08-31,6.001,6.105,0.117,0.000,DAL
91926,2023-12-31,2024-06-30,2024-09-30,7.174,7.297,0.117,0.000,DAL
91926,2023-12-31,2024-06-30,2024-10-31,8.082,8.221,0.117,0.000,DAL
91926,2023-12-31,2024-09-30,2024-11-30,8.475,8.864,0.109,0.000,DAL
