"","Estimate","Std..Error","t.value","Pr...t..","c.nm_var..nm_var..nm_var..nm_var..nm_var..nm_var.","model_diagnostics"
"alpha",0.023159,0.02239,1.034323,0.300985,"SP500 EqVol",88.029812893731
"gamma",0.252869,0.087807,2.879844,0.003979,"SP500 EqVol",0.749090474343218
"beta",0.816806,0.034073,23.972156,0,"SP500 EqVol",1631.10346330571
"m",0.238464,0.480172,0.496623,0.619455,"SP500 EqVol",9175.51512
"theta",0.041612,0.841893,0.049427,0.960579,"SP500 EqVol",9212.553188
"w2",1.001008,0.342277,2.924558,0.003449,"SP500 EqVol",-4581.75756019748
"alpha29",0.0001,0.020061,0.005,0.996011,"SP500 VVIX",86.392071191074
"gamma29",0.289561,0.044472,6.511026,0,"SP500 VVIX",0.740345785320969
"beta29",0.811352,0.023817,34.066644,0,"SP500 VVIX",1628.48375967216
"m29",-2.199994,0.356229,-6.175777,0,"SP500 VVIX",9144.304622
"theta29",0.025066,0.004619,5.427006,0,"SP500 VVIX",9181.34269
"w229",2.38877,0.224004,10.663957,0,"SP500 VVIX",-4566.15231097448
"alpha28",0.0001,0.044884,0.002229,0.998222,"SP500 OilVol",71.0065114764341
"gamma28",0.298974,0.063574,4.702782,0.000003,"SP500 OilVol",0.728581354445831
"beta28",0.803598,0.036735,21.875304,0,"SP500 OilVol",1629.10446106546
"m28",-1.02969,1.650888,-0.623719,0.532812,"SP500 OilVol",9102.604053
"theta28",0.031392,0.025015,1.254894,0.209517,"SP500 OilVol",9139.642121
"w228",4.218023,2.600406,1.622064,0.10479,"SP500 OilVol",-4545.30202642628
"alpha27",0.024338,0.027246,0.893268,0.371713,"SP500 MOVE",97.9666690968853
"gamma27",0.259234,0.043192,6.001854,0,"SP500 MOVE",0.746456457257094
"beta27",0.808353,0.028784,28.083788,0,"SP500 MOVE",1627.23276690857
"m27",-0.32586,0.14562,-2.237748,0.025237,"SP500 MOVE",9166.105407
"theta27",0.006812,0.002085,3.266969,0.001087,"SP500 MOVE",9203.143475
"w227",1.553083,0.056023,27.72208,0,"SP500 MOVE",-4577.05270365499
"alpha26",0.023802,0.025966,0.916673,0.359314,"SP500 Skew",86.5977054241192
"gamma26",0.252239,0.045777,5.510139,0,"SP500 Skew",0.749091024017558
"beta26",0.816558,0.028592,28.559314,0,"SP500 Skew",1631.14439177386
"m26",0.463131,0.358188,1.292982,0.196017,"SP500 Skew",9175.499219
"theta26",-0.00161,0.003181,-0.506104,0.612784,"SP500 Skew",9212.537287
"w226",1.001024,0.24992,4.005373,0.000062,"SP500 Skew",-4581.74960953753
"alpha25",0.0001,0.038053,0.002628,0.997903,"SP500 VIX",59.3723497176263
"gamma25",0.313605,0.038082,8.235089,0,"SP500 VIX",0.719869605231122
"beta25",0.773205,0.029621,26.102902,0,"SP500 VIX",1661.33175572289
"m25",-1.549103,0.185292,-8.360335,0,"SP500 VIX",9071.813182
"theta25",0.086412,0.010094,8.560403,0,"SP500 VIX",9108.85125
"w225",5.914964,0.069386,85.247766,0,"SP500 VIX",-4529.90659119577
"alpha24",0.0001,0.009667,0.010357,0.991736,"Canada EqVol",116.016125256931
"gamma24",0.186986,0.047507,3.936003,0.000083,"Canada EqVol",0.345547957359543
"beta24",0.877741,0.019936,44.027793,0,"Canada EqVol",1814.28084292888
"m24",-0.166544,0.385649,-0.431855,0.665847,"Canada EqVol",7747.869439
"theta24",-0.687166,0.41993,-1.636384,0.101759,"Canada EqVol",7784.907506
"w224",8.276182,2.982599,2.774822,0.005523,"Canada EqVol",-3867.93471928171
"alpha23",0.004055,0.009457,0.428823,0.668052,"Canada VVIX",111.236218948503
"gamma23",0.189877,0.034348,5.52808,0,"Canada VVIX",0.354382035677928
"beta23",0.8767,0.022528,38.915984,0,"Canada VVIX",1848.62406743785
"m23",-0.488989,0.4737,-1.032276,0.301943,"Canada VVIX",7780.36865
"theta23",0.00173,0.005686,0.304167,0.761001,"Canada VVIX",7817.406718
"w223",1.515673,0.586556,2.584021,0.009766,"Canada VVIX",-3884.18432502001
"alpha22",0.000108,0.009227,0.011735,0.990637,"Canada OilVol",95.5960461217384
"gamma22",0.19489,0.030139,6.466413,0,"Canada OilVol",0.351413301896407
"beta22",0.869674,0.019732,44.073737,0,"Canada OilVol",1824.59592079324
"m22",-1.139587,0.275281,-4.139718,0.000035,"Canada OilVol",7769.420996
"theta22",0.018909,0.006352,2.976648,0.002914,"Canada OilVol",7806.459064
"w222",1.594655,0.411079,3.879191,0.000105,"Canada OilVol",-3878.71049824395
"alpha21",0.0001,0.015319,0.006531,0.994789,"Canada MOVE",120.831314268869
"gamma21",0.191546,0.038882,4.926346,0.000001,"Canada MOVE",0.344917603215987
"beta21",0.869555,0.028617,30.386211,0,"Canada MOVE",1822.63994770197
"m21",-1.498205,1.108018,-1.352148,0.176328,"Canada MOVE",7746.485143
"theta21",0.012636,0.010498,1.203628,0.228734,"Canada MOVE",7783.523211
"w221",1.001001,2.605895,0.384129,0.700883,"Canada MOVE",-3867.24257144084
"alpha20",0.003723,0.009632,0.386482,0.69914,"Canada Skew",105.689957109196
"gamma20",0.189743,0.034033,5.575266,0,"Canada Skew",0.354364012325399
"beta20",0.877175,0.022175,39.556516,0,"Canada Skew",1847.62057584922
"m20",0.015287,0.16864,0.090646,0.927774,"Canada Skew",7780.347996
"theta20",-0.002666,0.002361,-1.129169,0.258827,"Canada Skew",7817.386064
"w220",1.001004,0.108088,9.260988,0,"Canada Skew",-3884.17399795122
"alpha19",0.0001,0.011217,0.008924,0.99288,"Canada VIX",87.1991585676119
"gamma19",0.195138,0.029204,6.681813,0,"Canada VIX",0.348282947966713
"beta19",0.86362,0.022059,39.15052,0,"Canada VIX",1834.91024887766
"m19",-1.490918,0.191022,-7.804937,0,"Canada VIX",7758.370494
"theta19",0.054366,0.009616,5.653781,0,"Canada VIX",7795.408562
"w219",1.494673,0.100731,14.838288,0,"Canada VIX",-3873.1852470293
"alpha18",0.015132,0.023128,0.654284,0.512929,"SP1500 EqVol",93.0685750882281
"gamma18",0.24842,0.04723,5.259843,0,"SP1500 EqVol",0.76750879577117
"beta18",0.827523,0.030601,27.042069,0,"SP1500 EqVol",1704.74212018912
"m18",0.345873,0.256213,1.349946,0.177033,"SP1500 EqVol",9241.09862
"theta18",-0.300115,0.077366,-3.879179,0.000105,"SP1500 EqVol",9278.136688
"w218",19.934526,0.142584,139.80867,0,"SP1500 EqVol",-4614.54931011341
"alpha17",0.000111,0.018712,0.005946,0.995256,"SP1500 VVIX",87.032729409747
"gamma17",0.283084,0.047457,5.965085,0,"SP1500 VVIX",0.762571685163475
"beta17",0.815862,0.025885,31.519152,0,"SP1500 VVIX",1703.69076476146
"m17",-2.020146,0.305351,-6.615808,0,"SP1500 VVIX",9223.387669
"theta17",0.023348,0.004144,5.633815,0,"SP1500 VVIX",9260.425736
"w217",2.198512,0.380895,5.771969,0,"SP1500 VVIX",-4605.6938342618
"alpha16",0.0001,0.024484,0.004085,0.996741,"SP1500 OilVol",72.0268600576907
"gamma16",0.291845,0.046936,6.217983,0,"SP1500 OilVol",0.751228331464637
"beta16",0.807111,0.026109,30.913683,0,"SP1500 OilVol",1701.85899808106
"m16",-1.012269,0.421695,-2.400476,0.016374,"SP1500 OilVol",9183.369677
"theta16",0.031049,0.007668,4.049002,0.000051,"SP1500 OilVol",9220.407745
"w216",4.124824,0.182205,22.638397,0,"SP1500 OilVol",-4585.6848386221
"alpha15",0.019901,0.02564,0.77618,0.437643,"SP1500 MOVE",98.0103126753608
"gamma15",0.260678,0.037985,6.862686,0,"SP1500 MOVE",0.766957349045435
"beta15",0.81148,0.028983,27.998048,0,"SP1500 MOVE",1702.12048256898
"m15",-0.33926,0.138775,-2.444679,0.014498,"SP1500 MOVE",9239.477979
"theta15",0.006994,0.001882,3.716029,0.000202,"SP1500 MOVE",9276.516047
"w215",1.404051,1.000518,1.403324,0.16052,"SP1500 MOVE",-4613.73898965056
"alpha14",0.020342,0.024445,0.832158,0.40532,"SP1500 Skew",85.2595689995235
"gamma14",0.252899,0.04316,5.859573,0,"SP1500 Skew",0.769858862317635
"beta14",0.819222,0.028284,28.96391,0,"SP1500 Skew",1706.30338965319
"m14",0.577427,0.262726,2.197835,0.027961,"SP1500 Skew",9249.679923
"theta14",-0.00247,0.002742,-0.900985,0.367596,"SP1500 Skew",9286.717991
"w214",1.003462,0.087296,11.494969,0,"SP1500 Skew",-4618.83996148364
"alpha13",0.0001,0.040085,0.002495,0.998009,"SP1500 VIX",60.3901005206627
"gamma13",0.307494,0.037882,8.117078,0,"SP1500 VIX",0.742332842480541
"beta13",0.775322,0.029986,25.855977,0,"SP1500 VIX",1737.08939120465
"m13",-1.531431,0.245021,-6.250191,0,"SP1500 VIX",9151.962566
"theta13",0.085825,0.011071,7.752344,0,"SP1500 VIX",9189.000633
"w213",6.050683,0.394601,15.333667,0,"SP1500 VIX",-4569.9812828108
"alpha12",0.006447,0.016355,0.394203,0.693431,"NASDAQ100 EqVol",60.5399160218076
"gamma12",0.187146,0.060666,3.084874,0.002036,"NASDAQ100 EqVol",1.24210033831323
"beta12",0.870075,0.022163,39.25732,0,"NASDAQ100 EqVol",2117.32725653258
"m12",0.644646,0.775572,0.831187,0.405868,"NASDAQ100 EqVol",10916.868753
"theta12",-0.228726,1.137149,-0.20114,0.840589,"NASDAQ100 EqVol",10953.906821
"w212",17.649916,3.751862,4.704308,0.000003,"NASDAQ100 EqVol",-5452.4343765026
"alpha11",0.0001,0.013943,0.007178,0.994273,"NASDAQ100 VVIX",57.0022308576733
"gamma11",0.227495,0.033878,6.715138,0,"NASDAQ100 VVIX",1.23563247730912
"beta11",0.840006,0.016469,51.00429,0,"NASDAQ100 VVIX",2107.4773433875
"m11",-1.821368,0.077334,-23.551982,0,"NASDAQ100 VVIX",10893.277644
"theta11",0.024835,0.001684,14.748231,0,"NASDAQ100 VVIX",10930.315712
"w211",2.550262,0.286959,8.887188,0,"NASDAQ100 VVIX",-5440.63882203119
"alpha10",0.0001,0.017871,0.005597,0.995534,"NASDAQ100 OilVol",47.2349336178861
"gamma10",0.232015,0.0317,7.319022,0,"NASDAQ100 OilVol",1.23001781226423
"beta10",0.836977,0.015972,52.402137,0,"NASDAQ100 OilVol",2106.88069791355
"m10",-0.537041,0.107042,-5.017112,0.000001,"NASDAQ100 OilVol",10873.852332
"theta10",0.028106,0.00388,7.244168,0,"NASDAQ100 OilVol",10910.8904
"w210",3.251424,0.212613,15.292702,0,"NASDAQ100 OilVol",-5430.92616617894
"alpha9",0.002878,0.018725,0.153691,0.877854,"NASDAQ100 MOVE",64.4045025350042
"gamma9",0.189942,0.04131,4.597989,0.000004,"NASDAQ100 MOVE",1.2402208914494
"beta9",0.867703,0.022503,38.559676,0,"NASDAQ100 MOVE",2115.7081508048
"m9",-0.087885,0.089751,-0.979209,0.327477,"NASDAQ100 MOVE",10910.844324
"theta9",0.007413,0.001474,5.0294,0,"NASDAQ100 MOVE",10947.882392
"w29",1.368825,0.254892,5.370208,0,"NASDAQ100 MOVE",-5449.42216209489
"alpha8",0.006277,0.013922,0.450846,0.652101,"NASDAQ100 Skew",81.2489055372507
"gamma8",0.185804,0.038597,4.814,0.000001,"NASDAQ100 Skew",1.24192775073695
"beta8",0.873016,0.022314,39.123503,0,"NASDAQ100 Skew",2121.95046392436
"m8",-0.876625,0.891113,-0.983741,0.325243,"NASDAQ100 Skew",10916.374714
"theta8",0.011167,0.007035,1.587373,0.112428,"NASDAQ100 Skew",10953.412782
"w28",89.916009,0.195215,460.599965,0,"NASDAQ100 Skew",-5452.18735684891
"alpha7",0.0001,0.023254,0.004302,0.996568,"NASDAQ100 VIX",42.570474925135
"gamma7",0.241351,0.034295,7.037398,0,"NASDAQ100 VIX",1.22604882681723
"beta7",0.820034,0.017296,47.411815,0,"NASDAQ100 VIX",2115.67153349916
"m7",-0.836855,0.137676,-6.07846,0,"NASDAQ100 VIX",10861.160077
"theta7",0.071162,0.008894,8.001363,0,"NASDAQ100 VIX",10898.198145
"w27",4.206577,0.099677,42.202275,0,"NASDAQ100 VIX",-5424.58003845047
"alpha6",0.000673,0.015438,0.04358,0.965239,"NASDAQ EqVol",47.5617783053004
"gamma6",0.191522,0.043009,4.453072,0.000008,"NASDAQ EqVol",1.19198073463018
"beta6",0.870684,0.02507,34.729485,0,"NASDAQ EqVol",2101.67389822214
"m6",0.395603,0.135913,2.910712,0.003606,"NASDAQ EqVol",10742.413135
"theta6",0.143058,0.107535,1.330338,0.183407,"NASDAQ EqVol",10779.451203
"w26",1.001002,0.694394,1.441547,0.14943,"NASDAQ EqVol",-5365.20656746739
"alpha5",0.0001,0.014989,0.006677,0.994673,"NASDAQ VVIX",50.7352488534135
"gamma5",0.222985,0.035894,6.212276,0,"NASDAQ VVIX",1.1851402527521
"beta5",0.843006,0.018186,46.353581,0,"NASDAQ VVIX",2091.46452244683
"m5",-1.731082,0.315517,-5.486498,0,"NASDAQ VVIX",10716.761239
"theta5",0.023021,0.003538,6.506167,0,"NASDAQ VVIX",10753.799307
"w25",2.548867,0.235964,10.801953,0,"NASDAQ VVIX",-5352.38061938313
"alpha4",0.0001,0.021744,0.0046,0.99633,"NASDAQ OilVol",41.741141546063
"gamma4",0.234365,0.033241,7.05054,0,"NASDAQ OilVol",1.17716818788437
"beta4",0.83491,0.018044,46.270306,0,"NASDAQ OilVol",2090.7257198369
"m4",-0.620433,0.116819,-5.311064,0,"NASDAQ OilVol",10688.844594
"theta4",0.028247,0.004323,6.534195,0,"NASDAQ OilVol",10725.882662
"w24",3.542358,0.134012,26.433165,0,"NASDAQ OilVol",-5338.42229705768
"alpha3",0.0001,0.021976,0.004552,0.996368,"NASDAQ MOVE",56.5467123282237
"gamma3",0.188294,0.048286,3.899553,0.000096,"NASDAQ MOVE",1.18809289435467
"beta3",0.868897,0.033638,25.830911,0,"NASDAQ MOVE",2096.32601208986
"m3",-0.236715,0.505926,-0.467885,0.639867,"NASDAQ MOVE",10728.731004
"theta3",0.007899,0.004527,1.744913,0.081,"NASDAQ MOVE",10765.769072
"w23",1.179167,0.430763,2.737393,0.006193,"NASDAQ MOVE",-5358.36550215047
"alpha2",0.000101,0.014089,0.007152,0.994293,"NASDAQ Skew",69.5041298340601
"gamma2",0.183564,0.043477,4.222097,0.000024,"NASDAQ Skew",1.19061127959342
"beta2",0.879112,0.030758,28.581677,0,"NASDAQ Skew",2106.35944383377
"m2",-0.94657,0.169558,-5.582585,0,"NASDAQ Skew",10737.174738
"theta2",0.01078,0.001682,6.407493,0,"NASDAQ Skew",10774.212806
"w22",74.889246,0.400609,186.938677,0,"NASDAQ Skew",-5362.58736890329
"alpha1",0.0001,0.030767,0.003251,0.997406,"NASDAQ VIX",37.2167963516325
"gamma1",0.2454,0.034789,7.053957,0,"NASDAQ VIX",1.17182516122495
"beta1",0.813835,0.021582,37.709527,0,"NASDAQ VIX",2102.51102733235
"m1",-0.982721,0.157269,-6.248644,0,"NASDAQ VIX",10671.046733
"theta1",0.074564,0.009076,8.215183,0,"NASDAQ VIX",10708.084801
"w21",4.718173,0.447656,10.539719,0,"NASDAQ VIX",-5329.52336637455
