Date,NASDAQ
2018-01-03,0.985050921363149
2018-01-04,0.13338523611377284
2018-01-05,1.0381070766406002
2018-01-08,0.35024996942037695
2018-01-09,0.01948397135027548
2018-01-10,-0.22898540610731627
2018-01-11,0.685538231773411
2018-01-12,0.7432555905582016
2018-01-16,-0.3171685203656425
2018-01-17,1.0798912273341539
2018-01-18,0.016062648474541936
2018-01-19,0.3363551868156974
2018-01-22,1.047256035375496
2018-01-23,0.8246487077646615
2018-01-24,-0.6355071663862164
2018-01-25,-0.0440456141585419
2018-01-26,1.5304965173754947
2018-01-29,-0.4947021031410285
2018-01-30,-0.8274897722743152
2018-01-31,0.27752190520582476
2018-02-01,-0.7000574091028792
2018-02-02,-2.06737182451321
2018-02-05,-3.989166099334942
2018-02-06,2.584299995402226
2018-02-07,-1.267483468736573
2018-02-08,-4.282440883023661
2018-02-09,1.675954421495187
2018-02-12,1.718771875404427
2018-02-13,0.4589647760554234
2018-02-14,1.8319201677320505
2018-02-15,1.7801720038239297
2018-02-16,-0.3576406630183624
2018-02-20,0.13329538113586095
2018-02-21,-0.3018403192112994
2018-02-22,0.0383548198242478
2018-02-23,1.9731565839161314
2018-02-26,1.332267989631921
2018-02-27,-1.2779081636537686
2018-02-28,-0.6679016916562386
2018-03-01,-1.5270461784807907
2018-03-02,0.8921732180805448
2018-03-05,1.0260148199956773
2018-03-06,0.4602197548379135
2018-03-07,0.23643292783508402
2018-03-08,0.533097095050814
2018-03-09,1.915864316974417
2018-03-12,0.420747764821971
2018-03-13,-1.193570244828053
2018-03-14,-0.07853775937339987
2018-03-15,-0.1422830865702339
2018-03-16,-0.15685811075846484
2018-03-19,-2.233695695095862
2018-03-20,0.3059460522746365
2018-03-21,-0.47258437699468037
2018-03-22,-2.5297257072714054
2018-03-23,-2.6409337388647747
2018-03-26,3.706402911081249
2018-03-27,-3.372760681429346
2018-03-28,-1.062789853930734
2018-03-29,1.8451161215690008
2018-04-02,-2.9340614114454473
2018-04-03,1.0583407240772658
2018-04-04,1.5551100324227654
2018-04-05,0.5287928253348979
2018-04-06,-2.4813111780161656
2018-04-09,0.6063917092046778
2018-04-10,2.1933128961856987
2018-04-11,-0.4913294784598801
2018-04-12,1.0998699288001146
2018-04-13,-0.4201864605029799
2018-04-16,0.7041170971408824
2018-04-17,2.09304617593335
2018-04-18,0.2468062902780168
2018-04-19,-0.8572007217098486
2018-04-20,-1.5940215975692875
2018-04-23,-0.2845332412388424
2018-04-24,-2.124408393637767
2018-04-25,0.07515940628037351
2018-04-26,2.0619873073165436
2018-04-27,0.10070642645604744
2018-04-30,-0.765835422624729
2018-05-01,1.1498274831953683
2018-05-02,-0.5625524067741247
2018-05-03,-0.015006069057438365
2018-05-04,1.8734727473911035
2018-05-07,0.7763710698919883
2018-05-08,-0.09372783202186402
2018-05-09,1.134051204452824
2018-05-10,1.0151376487179076
2018-05-11,-0.15786023940593744
2018-05-14,0.1696925893804624
2018-05-15,-1.0948859045808683
2018-05-16,0.5996327262410585
2018-05-17,-0.40967124152649265
2018-05-18,-0.513936203459793
2018-05-21,0.570399646692024
2018-05-22,-0.17261934584669902
2018-05-23,0.8667190330289497
2018-05-24,-0.05653322865819449
2018-05-25,0.1613012914161298
2018-05-29,-0.49505190623607076
2018-05-30,0.716745102972438
2018-05-31,-0.12388039332420259
2018-06-01,1.6538783555774446
2018-06-04,0.8384377602780912
2018-06-05,0.32401810446258333
2018-06-06,0.6027491887341242
2018-06-07,-0.7971962123638413
2018-06-08,-0.0029499240606385637
2018-06-11,0.22147747554696648
2018-06-12,0.5662131031374602
2018-06-13,-0.05452866212860215
2018-06-14,1.0264609296239429
2018-06-15,-0.32802821613941663
2018-06-18,-0.05994281623958749
2018-06-19,-0.3227059299703376
2018-06-20,0.7259101681300354
2018-06-21,-0.8720453552462852
2018-06-22,-0.2771559179632775
2018-06-25,-2.238693338659205
2018-06-26,0.42566658492190873
2018-06-27,-1.403697836940058
2018-06-28,0.884682217745949
2018-06-29,0.1306955087708289
2018-07-02,0.8065752539854986
2018-07-03,-1.1800418599683746
2018-07-05,1.2254961917197897
2018-07-06,1.4856603241551496
2018-07-09,0.9482419450185434
2018-07-10,0.09064060223007726
2018-07-11,-0.5316887566397994
2018-07-12,1.6737978058207457
2018-07-13,0.1297783003090578
2018-07-16,-0.24322460492046125
2018-07-17,0.623137870699743
2018-07-18,-0.18610232641502342
2018-07-19,-0.5123435455219247
2018-07-20,-0.02900170099252398
2018-07-23,0.2928135265282744
2018-07-24,0.4664365884012843
2018-07-25,1.3723467507557459
2018-07-26,-1.4465819332653986
2018-07-27,-1.4148054426506116
2018-07-30,-1.4310780761372215
2018-07-31,0.5390899460151638
2018-08-01,0.5639913436291314
2018-08-02,1.355579143482215
2018-08-03,0.3160968950467339
2018-08-06,0.5865808982750371
2018-08-07,0.31749535181191
2018-08-08,0.09235077151117047
2018-08-09,-0.03462656768018445
2018-08-10,-0.7886420856197602
2018-08-13,-0.09638426097294935
2018-08-14,0.6196000301068371
2018-08-15,-1.2499699965475835
2018-08-16,0.26659072953446716
2018-08-17,0.04406231268544243
2018-08-20,-0.08305670280241337
2018-08-21,0.3495110929015742
2018-08-22,0.36928028074061514
2018-08-23,-0.14494793564923555
2018-08-24,0.9606200141652123
2018-08-27,0.9801777230984074
2018-08-28,0.14690625436274496
2018-08-29,1.1809918552085645
2018-08-30,-0.22887252940593195
2018-08-31,0.15541386031443247
2018-09-04,-0.4219585403859908
2018-09-05,-1.3082021256931207
2018-09-06,-0.9360111915160816
2018-09-07,-0.3078056346568852
2018-09-10,0.23409168598815874
2018-09-11,0.804989948640081
2018-09-12,-0.2641383664762498
2018-09-13,0.9783892452347178
2018-09-14,-0.21436167323189986
2018-09-17,-1.4788564433956013
2018-09-18,0.7993543590161275
2018-09-19,-0.054375384479999817
2018-09-20,1.045352817061409
2018-09-21,-0.5028452450687165
2018-09-24,0.23448566496027376
2018-09-25,0.1911733320809896
2018-09-26,-0.0014412002527424762
2018-09-27,0.8752703538278188
2018-09-28,-0.025247060182118666
2018-10-01,0.2331551145488856
2018-10-02,-0.22490913798101386
2018-10-03,0.11986347560126119
2018-10-04,-1.9491303842025545
2018-10-05,-1.222339440435717
2018-10-08,-0.6261480050916591
2018-10-09,0.25526280018993525
2018-10-10,-4.539048242883757
2018-10-11,-1.1488703711603887
2018-10-12,2.7361922090631583
2018-10-15,-1.2447194732540456
2018-10-16,2.8967181256422054
2018-10-17,0.030326225636241416
2018-10-18,-2.2584652573023702
2018-10-19,-0.1245278690751994
2018-10-22,0.4769231225183116
2018-10-23,-0.3160616736926704
2018-10-24,-4.739511967308118
2018-10-25,3.2922349874745347
2018-10-26,-2.364915179817345
2018-10-29,-2.0419529393897893
2018-10-30,1.4229585906312259
2018-10-31,2.278832014254635
2018-11-01,1.4545150347063935
2018-11-02,-1.4803684654219285
2018-11-05,-0.4057295600182473
2018-11-06,0.7433357569588807
2018-11-07,3.020033446880505
2018-11-08,-0.6203036059915885
2018-11-09,-1.6825894086674082
2018-11-12,-3.029453967908118
2018-11-13,0.026471441890610056
2018-11-14,-0.8975282768901057
2018-11-15,1.7653637207236408
2018-11-16,-0.34060096771912024
2018-11-19,-3.317833483345077
2018-11-20,-1.760926748869741
2018-11-21,0.7433504260321291
2018-11-23,-0.7374826335238622
2018-11-26,2.2868718449816337
2018-11-27,0.33925384058657915
2018-11-28,3.1188572005721125
2018-11-29,-0.30314989720640034
2018-11-30,0.818100170702629
2018-12-03,1.6147063701476303
2018-12-04,-3.8528442505603158
2018-12-06,0.6401193276088899
2018-12-07,-3.3541191127936925
2018-12-10,1.0449692203864447
2018-12-11,0.32114813759512
2018-12-12,0.8868210088082344
2018-12-13,0.0593559103233233
2018-12-14,-2.589515382986302
2018-12-17,-2.2476457090695225
2018-12-18,0.6666071563040703
2018-12-19,-2.314913821424112
2018-12-20,-1.5854884787517483
2018-12-21,-3.200338220182427
2018-12-24,-2.4645665471475717
2018-12-26,5.977891765715754
2018-12-27,0.4068982379122612
2018-12-28,-0.04827588000993353
2018-12-31,0.7086542777023176
2019-01-02,0.48706107459230524
2019-01-03,-3.418017410938622
2019-01-04,4.384908694045314
2019-01-07,1.015923475344208
2019-01-08,0.9753682013145566
2019-01-09,0.742779926024013
2019-01-10,0.30625583436691745
2019-01-11,-0.2956514527779985
2019-01-14,-0.9184968982224827
2019-01-15,1.9469414305580524
2019-01-16,-0.01610412203027045
2019-01-17,0.7453525262068892
2019-01-18,0.979874480796313
2019-01-22,-2.0519172836304818
2019-01-23,0.17960897161117642
2019-01-24,0.6554022024741952
2019-01-25,1.2576076142353565
2019-01-28,-1.339117313827114
2019-01-29,-0.964652395823367
2019-01-30,2.6059188984130914
2019-01-31,1.4427053491145745
2019-02-01,-0.4544947877370799
2019-02-04,1.220601911033788
2019-02-05,0.9091220701563176
2019-02-06,-0.3694282719957772
2019-02-07,-1.3327343742715039
2019-02-08,0.11794668785289315
2019-02-11,-0.057081620234130256
2019-02-12,1.5151844196963025
2019-02-13,0.017205321319033316
2019-02-14,0.0932164683239607
2019-02-15,0.4654495624496395
2019-02-19,0.16191998421061607
2019-02-20,-0.06048572927200445
2019-02-21,-0.3855439042673939
2019-02-22,0.7852486680066247
2019-02-25,0.3491614270075374
2019-02-26,0.10940651958201736
2019-02-27,-0.08723181004238238
2019-02-28,-0.274043683739473
2019-03-01,0.7585499507098397
2019-03-04,-0.01031994486875877
2019-03-05,0.08321442129068471
2019-03-06,-0.6211416866239038
2019-03-07,-1.2106218911817046
2019-03-08,-0.15940100966935153
2019-03-11,2.09220640203141
2019-03-12,0.5187650932354567
2019-03-13,0.7704837469056064
2019-03-14,-0.19266223485668893
2019-03-15,0.8794008563014251
2019-03-18,0.2636869612499443
2019-03-19,0.3133920880035883
2019-03-20,0.4273860375842632
2019-03-21,1.51294829491029
2019-03-22,-2.2567566532120464
2019-03-25,-0.12431866730558343
2019-03-26,0.4661960345282215
2019-03-27,-0.5860717588592624
2019-03-28,0.16791694560585532
2019-03-29,0.7932421255087321
2019-04-01,1.3413372791817197
2019-04-02,0.2834415311108948
2019-04-03,0.6026360954629534
2019-04-04,-0.058426816905488184
2019-04-05,0.506290812701811
2019-04-08,0.27541457050939816
2019-04-09,-0.4121516154627261
2019-04-10,0.5665901761135363
2019-04-11,-0.21829005564661932
2019-04-12,0.4369305354683163
2019-04-15,0.012754576213060202
2019-04-16,0.33511219084495986
2019-04-17,0.33894051462436
2019-04-18,0.11705591432486137
2019-04-22,0.3087800185949913
2019-04-23,1.2523962824059915
2019-04-24,-0.3371955230458759
2019-04-25,0.4166829733400951
2019-04-26,0.12480506424587569
2019-04-29,0.1577840450739679
2019-04-30,-0.7372654597805529
2019-05-01,-0.38123291676903115
2019-05-02,-0.3591781349306366
2019-05-03,1.5629949551994402
2019-05-06,-0.6603167352585396
2019-05-07,-1.994929268464584
2019-05-08,-0.29620477532891315
2019-05-09,-0.4579523785308647
2019-05-10,0.04990350006199053
2019-05-13,-3.5199652057491218
2019-05-14,1.0559641177186945
2019-05-15,1.3601299611093072
2019-05-16,1.019607415302686
2019-05-17,-1.0138234192981694
2019-05-20,-1.7066776048107597
2019-05-21,1.0024144948153484
2019-05-22,-0.4083472796565061
2019-05-23,-1.5306855698593238
2019-05-24,-0.09546239506198329
2019-05-28,-0.3098360318808704
2019-05-29,-0.8487806311405582
2019-05-30,0.39472440803092174
2019-05-31,-1.6342403173154367
2019-06-03,-2.126002192005191
2019-06-04,2.6687080489118635
2019-06-05,0.7528159677781553
2019-06-06,0.7591214331386024
2019-06-07,1.924307563584136
2019-06-10,1.1346154954366405
2019-06-11,0.1587397270073026
2019-06-12,-0.5545804821300093
2019-06-13,0.5124626970732467
2019-06-14,-0.4212338123381631
2019-06-17,0.6318581525331305
2019-06-18,1.4362282075704174
2019-06-19,0.42265909606576263
2019-06-20,0.9128707403977249
2019-06-21,-0.11992111523542705
2019-06-24,-0.07452851804906924
2019-06-25,-1.7172056950978634
2019-06-26,0.4667459181402785
2019-06-27,0.3925130355939264
2019-06-28,0.18302313656807617
2019-07-01,1.2573735638715582
2019-07-02,0.40708020476448237
2019-07-03,0.7391628041743161
2019-07-05,-0.20880329074466422
2019-07-08,-0.7105129331259169
2019-07-09,0.5261644954023289
2019-07-10,0.9732019593157497
2019-07-11,-0.08385981435084662
2019-07-12,0.5866802719694887
2019-07-15,0.29772177759825835
2019-07-16,-0.5014228446121377
2019-07-17,-0.48452785259779413
2019-07-18,0.19465721583758047
2019-07-19,-0.8797930010530551
2019-07-22,0.8922920095614412
2019-07-23,0.6234948964894859
2019-07-24,0.7020562537691901
2019-07-25,-1.0130025061471355
2019-07-26,1.0922160748259886
2019-07-29,-0.34825649411469306
2019-07-30,-0.4592910083741445
2019-07-31,-1.3124716364746416
2019-08-01,-0.6087715317868969
2019-08-02,-1.3985561323713984
2019-08-05,-3.6686795741506426
2019-08-06,1.4143493743910442
2019-08-07,0.4057267923337661
2019-08-08,2.264063476770822
2019-08-09,-1.022160993127516
2019-08-12,-1.112403052368797
2019-08-13,2.177584874504922
2019-08-14,-3.1283745109083356
2019-08-15,-0.07000994475209854
2019-08-16,1.5802838186955948
2019-08-19,1.5038036351625899
2019-08-20,-0.7131039552693063
2019-08-21,0.8928932279809794
2019-08-22,-0.3340408468815955
2019-08-23,-3.195938453700943
2019-08-26,1.4631096498855154
2019-08-27,-0.11878968551515677
2019-08-28,0.2886119537828244
2019-08-29,1.496645902345144
2019-08-30,-0.14703793757353192
2019-09-03,-1.0651250318744385
2019-09-04,1.4317647205412205
2019-09-05,1.8392891395594504
2019-09-06,-0.12726632791420028
2019-09-09,-0.2567687192910881
2019-09-10,-0.2257281903792081
2019-09-11,0.927767411702111
2019-09-12,0.37656668175445146
2019-09-13,-0.3084954762167928
2019-09-16,-0.5149335620628007
2019-09-17,0.4621130159745753
2019-09-18,-0.0029155738548513016
2019-09-19,0.16767208805573733
2019-09-20,-0.9950640909427312
2019-09-23,-0.06323933395448472
2019-09-24,-1.3982896765146937
2019-09-25,1.2054096601021085
2019-09-26,-0.4051359154624435
2019-09-27,-1.1701507374817404
2019-09-30,0.8796749259798259
2019-10-01,-0.8463149507808999
2019-10-02,-1.7507063189761232
2019-10-03,1.1535971208815257
2019-10-04,1.503449108830884
2019-10-07,-0.37434719896123214
2019-10-08,-1.576859005014177
2019-10-09,1.127938010524249
2019-10-10,0.645927399809875
2019-10-11,1.328438673334885
2019-10-14,-0.019673334732557946
2019-10-15,1.273616560626841
2019-10-16,-0.2855062870577325
2019-10-17,0.27660480598767245
2019-10-18,-0.9316959562240598
2019-10-21,0.9088657640837001
2019-10-22,-0.8310539378549501
2019-10-23,0.18847906092791333
2019-10-24,0.9743400067811331
2019-10-25,0.7814523669174327
2019-10-28,1.00929692282946
2019-10-29,-0.7817753895027263
2019-10-30,0.4414592324047154
2019-10-31,0.008894692231259044
2019-11-01,0.9521278453520344
2019-11-04,0.6046501185505766
2019-11-05,-0.0059436667082139105
2019-11-06,-0.17248358450570195
2019-11-07,0.2877496126431586
2019-11-08,0.43995008424786136
2019-11-11,-0.16944084527190312
2019-11-12,0.26510858842473073
2019-11-13,-0.048125101012943115
2019-11-14,-0.023986470341234137
2019-11-15,0.6961925695277469
2019-11-18,0.15569574960350976
2019-11-19,0.12309194366103826
2019-11-20,-0.6615638682666544
2019-11-21,-0.21918666590129798
2019-11-22,0.07781024899782817
2019-11-25,1.2001960220541594
2019-11-26,0.1648916368879244
2019-11-27,0.7006494858361291
2019-11-29,-0.48696734385253215
2019-12-02,-1.1299384874125957
2019-12-03,-0.6583457731354393
2019-12-04,0.5050137101103049
2019-12-05,0.1429334870429419
2019-12-06,1.0651393832297589
2019-12-09,-0.4131840581720157
2019-12-10,-0.10108252712768635
2019-12-11,0.5766714383794969
2019-12-12,0.7621600634027075
2019-12-13,0.24550278978068876
2019-12-16,0.9688056981072909
2019-12-17,0.06255673891830843
2019-12-18,0.05742489049947256
2019-12-19,0.7045469727149739
2019-12-20,0.42955564632058313
2019-12-23,0.20162889215986965
2019-12-24,0.04019427593815434
2019-12-26,0.9018235414397748
2019-12-27,-0.08357032305268756
2019-12-30,-0.7008097635320626
2019-12-31,0.2676979911939569
2020-01-02,1.5807507142213677
2020-01-03,-0.8866407409039807
2020-01-06,0.6191234608817703
2020-01-07,-0.02336257810513362
2020-01-08,0.742417601986992
2020-01-09,0.8631267973970692
2020-01-10,-0.25608901723143024
2020-01-13,1.1533016512936831
2020-01-14,-0.41124512294327503
2020-01-15,0.02486013420229503
2020-01-16,0.9838043459003475
2020-01-17,0.5326501300232885
2020-01-21,-0.07747938637234209
2020-01-22,0.2391148761040135
2020-01-23,0.3087113421164174
2020-01-24,-0.8226774434967116
2020-01-27,-2.0924016606219644
2020-01-28,1.5380575139884758
2020-01-29,0.11739973766779803
2020-01-30,0.37804156166870756
2020-01-31,-1.5951044963324907
2020-02-03,1.487166368913099
2020-02-04,2.251685504138021
2020-02-05,0.3574576695541558
2020-02-06,0.8338573871044157
2020-02-07,-0.47561995480901686
2020-02-10,1.2236369963274378
2020-02-11,0.010706762433958149
2020-02-12,0.996712145066732
2020-02-13,-0.18216559008184746
2020-02-14,0.2901150542700884
2020-02-18,0.06460163615178362
2020-02-19,0.9192081810526849
2020-02-20,-0.9396572155405652
2020-02-21,-1.8993866777774906
2020-02-24,-3.9630430589891694
2020-02-25,-2.732772139923971
2020-02-26,0.4392330011569918
2020-02-27,-5.0510937977269
2020-02-28,0.2978727419806189
2020-03-02,4.8007544385895775
2020-03-03,-3.2452182777126275
2020-03-04,4.045166090640247
2020-03-05,-3.151295657756519
2020-03-06,-1.643148617194686
2020-03-09,-7.0705029349849635
2020-03-10,5.200085488943954
2020-03-11,-4.471870215119831
2020-03-12,-9.732314184066325
2020-03-13,9.596638356812305
2020-03-16,-13.003248081612293
2020-03-17,6.260687197026736
2020-03-18,-4.079621642310887
2020-03-19,1.5673628221558555
2020-03-20,-4.120638836824058
2020-03-23,0.1803415921908558
2020-03-24,7.515597836756885
2020-03-25,-1.1210199027755414
2020-03-26,5.565554962262992
2020-03-27,-3.9882331832758746
2020-03-30,3.885294728146169
2020-03-31,-0.9616884276717274
2020-04-01,-4.278032704767652
2020-04-02,1.9756175260913211
2020-04-03,-1.4184442287042787
2020-04-06,7.095337912679751
2020-04-07,-0.4011542687390658
2020-04-08,2.2144235356321222
2020-04-09,0.10910812124623542
2020-04-13,1.13705278425296
2020-04-14,4.222891612296153
2020-04-15,-1.1594476672601965
2020-04-16,1.9121852634979433
2020-04-17,0.8479977702669438
2020-04-20,-1.2062615232576628
2020-04-21,-3.7776487237127543
2020-04-22,3.0660307005260337
2020-04-23,-0.26738519959953266
2020-04-24,1.66523453276009
2020-04-27,0.5793621814512193
2020-04-28,-1.8276459895497477
2020-04-29,3.45621841841754
2020-04-30,0.19736127812429713
2020-05-01,-3.187051964730937
2020-05-04,1.320975124920641
2020-05-05,1.0865233657095608
2020-05-06,0.6055341844291062
2020-05-07,1.293960896368797
2020-05-08,1.2933103826359393
2020-05-11,0.8484939381103941
2020-05-12,-2.025697885087528
2020-05-13,-1.2408256645965374
2020-05-14,1.0428454413353943
2020-05-15,0.6380773141782041
2020-05-18,1.9398952903033173
2020-05-19,-0.35837032044603834
2020-05-20,1.9855990758229654
2020-05-21,-1.1348044370592272
2020-05-22,0.38310006742019753
2020-05-26,-0.2553824477977297
2020-05-27,0.5529956067754194
2020-05-28,-0.26864982161248213
2020-05-29,1.4633010280209786
2020-06-01,0.4527842317778801
2020-06-02,0.6067883735108215
2020-06-03,0.48940297394509297
2020-06-04,-0.7760733491480013
2020-06-05,2.00198368657692
2020-06-08,0.7820109607365986
2020-06-09,0.660901339297874
2020-06-10,1.2669453228172358
2020-06-11,-5.140436943261293
2020-06-12,0.7821773780900302
2020-06-15,1.1637388169121512
2020-06-16,1.7487391209039032
2020-06-17,0.3322625390763875
2020-06-18,0.2958310515253043
2020-06-19,-0.034064743320408215
2020-06-22,1.2084872133188307
2020-06-23,0.7815518804347822
2020-06-24,-2.0494653889088643
2020-06-25,0.986223292746037
2020-06-26,-2.531121869861352
2020-06-29,1.1287961431475804
2020-06-30,1.9454619381624152
2020-07-01,1.1978359414005557
2020-07-02,0.6075823337466585
2020-07-06,2.5034117978425066
2020-07-07,-0.7577348921185489
2020-07-08,1.346714194877126
2020-07-09,0.8205994812204145
2020-07-10,0.7571922176303223
2020-07-13,-2.1842375372521916
2020-07-14,0.8201635258468809
2020-07-15,0.11369162375008159
2020-07-16,-0.7053527249211548
2020-07-17,0.17636599330398844
2020-07-20,2.8417973547271784
2020-07-21,-1.0924982800563614
2020-07-22,0.34722020333390524
2020-07-23,-2.705487348207968
2020-07-24,-0.9253605872959431
2020-07-27,1.8078424793505028
2020-07-28,-1.3380294520284468
2020-07-29,1.2312589648079988
2020-07-30,0.49137334552542283
2020-07-31,1.761033043234399
2020-08-03,1.3587501508742175
2020-08-04,0.3743387980743178
2020-08-05,0.26009401676136623
2020-08-06,1.2651533999355595
2020-08-07,-1.139852600804835
2020-08-10,-0.487920748599249
2020-08-11,-1.9042300070297657
2020-08-12,2.5566205378858657
2020-08-13,0.18488466140623563
2020-08-14,-0.12465753469355473
2020-08-17,1.105653423286847
2020-08-18,0.973764241006235
2020-08-19,-0.7076985823925807
2020-08-20,1.3897761873142205
2020-08-21,0.678330877871047
2020-08-24,0.6126326980336166
2020-08-25,0.8192018933406887
2020-08-26,2.1114879283173957
2020-08-27,-0.3831355135930893
2020-08-28,0.5826866774597536
2020-08-31,0.9528103339783591
2020-09-01,1.4929573278252528
2020-09-02,1.033294528712134
2020-09-03,-5.36817380925042
2020-09-04,-1.2758759863017852
2020-09-08,-4.882992530337106
2020-09-09,2.916770643585175
2020-09-10,-2.1439693886828914
2020-09-11,-0.5999875832319834
2020-09-14,1.7023313315642694
2020-09-15,1.4184819825334651
2020-09-16,-1.6863047212624636
2020-09-17,-1.4927267271679798
2020-09-18,-1.30776197745036
2020-09-21,0.39456735412773764
2020-09-22,1.8600781069804222
2020-09-23,-3.2068484716822496
2020-09-24,0.5811114208817014
2020-09-25,2.310231529404673
2020-09-28,1.8948866853554267
2020-09-29,-0.36580694671978414
2020-09-30,0.8364670650757458
2020-10-01,1.435945635019917
2020-10-02,-2.868180869542081
2020-10-05,2.2260589162852
2020-10-06,-1.9104685492883897
2020-10-07,1.8594696414264664
2020-10-08,0.41420826409822076
2020-10-09,1.5029071426932101
2020-10-12,3.0425934295621357
2020-10-13,-0.040817041387482086
2020-10-14,-0.8127919272265497
2020-10-15,-0.7267260542744722
2020-10-16,-0.3907756570619277
2020-10-19,-1.854904706652535
2020-10-20,0.3730928894989191
2020-10-21,-0.10683196462724237
2020-10-22,-0.02103026801708834
2020-10-23,0.2539533407930663
2020-10-26,-1.6213595717511797
2020-10-27,0.8174144074300689
2020-10-28,-4.012472451923042
2020-10-29,1.8493695058753514
2020-10-30,-2.658620794810552
2020-11-02,0.2874103234575794
2020-11-03,1.7452255788273325
2020-11-04,4.312656812409378
2020-11-05,2.524124491288146
2020-11-06,0.10987443496394231
2020-11-09,-2.181843380566466
2020-11-10,-1.7574946690085573
2020-11-11,2.2847661707058644
2020-11-12,-0.5547130841007729
2020-11-13,0.9316547073986792
2020-11-16,0.6308089175070349
2020-11-17,-0.299272342453495
2020-11-18,-0.6935040359002271
2020-11-19,0.7597897886687119
2020-11-20,-0.6612231230747116
2020-11-23,-0.004199495876328793
2020-11-24,1.4497530757982977
2020-11-25,0.5976407705582217
2020-11-27,0.86845404660289
2020-11-30,0.08240058261623072
2020-12-01,1.512847918264109
2020-12-02,0.00865455612743381
2020-12-03,0.08604718922592787
2020-12-04,0.4909271337020221
2020-12-07,0.5411764624920034
2020-12-08,0.31114246172538973
2020-12-09,-2.168741771916983
2020-12-10,0.2996403128778392
2020-12-11,-0.21255073959685405
2020-12-14,0.6989506231312866
2020-12-15,1.0672165327191518
2020-12-16,0.5718963820718319
2020-12-17,0.660067416409736
2020-12-18,-0.10889659662688778
2020-12-21,-0.3769170307214529
2020-12-22,0.21493390174345664
2020-12-23,-0.5078782886070803
2020-12-24,0.45632210682089475
2020-12-28,1.0008041696457681
2020-12-29,0.03607925185866171
2020-12-30,0.014504348936055482
2020-12-31,0.3336491831342864
2021-01-04,-1.513701153086733
2021-01-05,0.8448952895534095
2021-01-06,-1.408226860131019
2021-01-07,2.4741626239384034
2021-01-08,1.2718963477001435
2021-01-11,-1.5588550698278534
2021-01-12,-0.08062157355975798
2021-01-13,0.6304811776772078
2021-01-14,-0.5793233696160984
2021-01-15,-0.7373365895533469
2021-01-19,1.4930316017153291
2021-01-20,2.2814223625357726
2021-01-21,0.8129869401492182
2021-01-22,-0.28829308073716925
2021-01-25,0.8707121129309263
2021-01-26,0.051153955053247005
2021-01-27,-2.838534577296807
2021-01-28,0.6755547116426299
2021-01-29,-2.114037420182755
2021-02-01,2.472194564884974
2021-02-02,1.5519419036626358
2021-02-03,-0.40018681408419365
2021-02-04,1.1758058260283277
2021-02-05,0.3170717986727664
2021-02-08,0.6671775853779116
2021-02-09,-0.057972161474396045
2021-02-10,-0.23275257640654975
2021-02-11,0.5774613673390904
2021-02-12,0.5326196999584525
2021-02-16,-0.24602770037632218
2021-02-17,-0.5391030728019107
2021-02-18,-0.4550506635592975
2021-02-19,-0.41688940968806937
2021-02-22,-2.6641789128330546
2021-02-23,-0.21977835323453887
2021-02-24,0.8112768647488882
2021-02-25,-3.627385169162203
2021-02-26,0.6304222869682156
2021-03-01,2.8522579633340146
2021-03-02,-1.6931264999745868
2021-03-03,-2.926184364690777
2021-03-04,-1.7443565087550812
2021-03-05,1.6274734605285577
2021-03-08,-2.959491921112454
2021-03-09,3.949014036781496
2021-03-10,-0.3321468121393101
2021-03-11,2.3316880387370866
2021-03-12,-0.8896107182970209
2021-03-15,1.1164369443793651
2021-03-16,0.531645918617819
2021-03-17,0.3802141098510313
2021-03-18,-3.180027637067815
2021-03-19,0.6068197328701643
2021-03-22,1.6917425539517055
2021-03-23,-0.526558043170203
2021-03-24,-1.695890519920208
2021-03-25,-0.14363907479918442
2021-03-26,1.542017048226222
2021-03-29,-0.10310328674235285
2021-03-30,-0.5351977723779007
2021-03-31,1.499998726084624
2021-04-01,1.8022166557538053
2021-04-05,1.9953959174528728
2021-04-06,-0.14502909286784388
2021-04-07,0.2812414476078927
2021-04-08,1.0360198488329584
2021-04-09,0.6271023503886635
2021-04-12,-0.18582004953760836
2021-04-13,1.2022078025193628
2021-04-14,-1.3139831560008743
2021-04-15,1.597447763199654
2021-04-16,0.11194915994376756
2021-04-19,-0.9605514051063656
2021-04-20,-0.7097990014502331
2021-04-21,0.9071928356592174
2021-04-22,-1.2477311895863996
2021-04-23,1.2928514817734518
2021-04-26,0.6058385853495181
2021-04-27,-0.47082178916922796
2021-04-28,-0.42107752382658803
2021-04-29,0.4921539995468201
2021-04-30,-0.786502228043085
2021-05-03,-0.4413452384013256
2021-05-04,-1.8655265289969012
2021-05-05,-0.3053606369728075
2021-05-06,0.8139484326444466
2021-05-07,0.7748738812052306
2021-05-10,-2.6631127942971
2021-05-11,-0.058524136211836254
2021-05-12,-2.6536246853513576
2021-05-13,0.8235342148207836
2021-05-14,2.143031250731955
2021-05-17,-0.6006678955545612
2021-05-18,-0.7178915938397121
2021-05-19,0.15293561822262422
2021-05-20,1.9167430912927501
2021-05-21,-0.6121816392019162
2021-05-24,1.7004947884002783
2021-05-25,0.11707184038052738
2021-05-26,0.329029708321736
2021-05-27,-0.32816573246150244
2021-05-28,0.20965208546950193
2021-06-01,-0.23350934797718412
2021-06-02,0.15516068145713327
2021-06-03,-1.0741249254154417
2021-06-04,1.7662361289982733
2021-06-07,0.23296152825865016
2021-06-08,0.05773934410713402
2021-06-09,0.029523122871803996
2021-06-10,1.0470337744253222
2021-06-11,0.27146539687413984
2021-06-14,0.9236766785584669
2021-06-15,-0.6945614458912714
2021-06-16,-0.3383667442411222
2021-06-17,1.284688502417733
2021-06-18,-0.8097120114014523
2021-06-21,0.6218813963183739
2021-06-22,0.9376699864381286
2021-06-23,0.026821132634765123
2021-06-24,0.6404656162432805
2021-06-25,-0.14470343498177832
2021-06-28,1.2455443139982227
2021-06-29,0.3283352646809352
2021-06-30,-0.12321670802141196
2021-07-01,0.036091540738048024
2021-07-02,1.1443704863830328
2021-07-06,0.3979270946818953
2021-07-07,0.1633955823038817
2021-07-08,-0.598647247356302
2021-07-09,0.7036457033510244
2021-07-12,0.34875490612156984
2021-07-13,-0.022505721811744827
2021-07-14,0.1739581558191446
2021-07-15,-0.7122409629056881
2021-07-16,-0.7688444095565783
2021-07-19,-0.9051232466705792
2021-07-20,1.2236046643639304
2021-07-21,0.773860810196724
2021-07-22,0.6549778503588308
2021-07-23,1.1422010801033171
2021-07-26,0.09365780624906465
2021-07-27,-1.1234133249522391
2021-07-28,0.40783946584055963
2021-07-29,0.20132073556654181
2021-07-30,-0.589626070967417
2021-08-02,0.024930222242015593
2021-08-03,0.6514384197456217
2021-08-04,0.14575644499382145
2021-08-05,0.6492664216662473
2021-08-06,-0.47727804803420454
2021-08-09,0.15709040695157483
2021-08-10,-0.5269022960458009
2021-08-11,-0.17169452121402953
2021-08-12,0.40659168476697644
2021-08-13,0.3155731889987758
2021-08-16,0.027063046328669987
2021-08-17,-0.9152586843750895
2021-08-18,-0.9705525646666029
2021-08-19,0.5102882139481709
2021-08-20,1.0566231553662258
2021-08-23,1.4487820114859167
2021-08-24,0.29255498182129214
2021-08-25,0.07314835505766203
2021-08-26,-0.5899237786964666
2021-08-27,1.005684889769313
2021-08-30,1.1092117455482826
2021-08-31,-0.14476269664766594
2021-09-01,0.18627900078607115
2021-09-02,-0.046873675408346284
2021-09-03,0.3110270958589269
2021-09-07,0.14623689410092128
2021-09-08,-0.3509520638080956
2021-09-09,-0.38356279062715076
2021-09-10,-0.776068585782253
2021-09-13,-0.04045958673055481
2021-09-14,-0.33488897947239327
2021-09-15,0.7811171548463174
2021-09-16,0.07978868640665268
2021-09-17,-1.1827735689000263
2021-09-20,-2.1175817549093074
2021-09-21,0.10376847713263922
2021-09-22,0.9848883148478421
2021-09-23,0.9187326392114612
2021-09-24,0.08547861920330212
2021-09-27,-0.8178006871612227
2021-09-28,-2.8994268505196685
2021-09-29,-0.11798185223231036
2021-09-30,-0.4297875050983574
2021-10-01,0.6936585480332708
2021-10-04,-2.1853118766958053
2021-10-05,1.38627853398577
2021-10-06,0.6291200920803793
2021-10-07,0.8790408615953833
2021-10-08,-0.5140687746705909
2021-10-11,-0.7247087912590638
2021-10-12,-0.3514388586002177
2021-10-13,0.7643010894010882
2021-10-14,1.8629284193692406
2021-10-15,0.6258434931983728
2021-10-18,1.011358895281391
2021-10-19,0.715237543808237
2021-10-20,-0.14293776239298467
2021-10-21,0.6534321644979662
2021-10-22,-0.8722798356360787
2021-10-25,1.030995979220067
2021-10-26,0.2915202230241962
2021-10-27,0.24973470737133346
2021-10-28,1.1458935952415947
2021-10-29,0.4572446978499861
2021-11-01,0.3451724768903773
2021-11-02,0.42171140200367424
2021-11-03,1.0711502363455523
2021-11-04,1.2418525969737986
2021-11-05,0.08031035830734685
2021-11-08,-0.14283355525918504
2021-11-09,-0.7131872931361465
2021-11-10,-1.4554475862299112
2021-11-11,0.29296625415844785
2021-11-12,1.0387915487461132
2021-11-15,-0.06650406247149798
2021-11-16,0.7425089306552387
2021-11-17,-0.0104053490578013
2021-11-18,1.0667830726247214
2021-11-19,0.5467591875305046
2021-11-22,-1.1674777638281177
2021-11-23,-0.45437361084489525
2021-11-24,0.37397980145487186
2021-11-26,-2.1130462708140456
2021-11-29,2.3048609492739494
2021-11-30,-1.6186901617415566
2021-12-01,-1.6131410934892145
2021-12-02,0.7094500754018352
2021-12-03,-1.7583819415476118
2021-12-06,0.8499775491536182
2021-12-07,2.9811089071287666
2021-12-08,0.4197683681975211
2021-12-09,-1.504236155446698
2021-12-10,1.123160109731143
2021-12-13,-1.5390564316062707
2021-12-14,-1.0478995719513338
2021-12-15,2.327097159519812
2021-12-16,-2.6478077436450254
2021-12-17,-0.39460788775722117
2021-12-20,-1.1061070794537977
2021-12-21,2.2689333397530413
2021-12-22,1.2053712122600215
2021-12-23,0.7884283151614435
2021-12-27,1.5774282990621251
2021-12-28,-0.4770012433408728
2021-12-29,0.014245139097787357
2021-12-30,-0.3761231234403171
2021-12-31,-0.6657901218680272
2022-01-03,1.1071275196642116
2022-01-04,-1.3546628158939409
2022-01-05,-3.16989483962815
2022-01-06,-0.04069488554053512
2022-01-07,-1.1045045807493512
2022-01-10,0.14252750700441436
2022-01-11,1.4603412387352883
2022-01-12,0.38409181000285647
2022-01-13,-2.608235127718695
2022-01-14,0.7456633600034599
2022-01-18,-2.601090267962778
2022-01-19,-1.0768348454475778
2022-01-20,-1.347340864157358
2022-01-21,-2.7869859566410513
2022-01-24,0.4917934760892968
2022-01-25,-2.5156686068197662
2022-01-26,0.16691691832171748
2022-01-27,-1.2042151249615678
2022-01-28,3.173394255711305
2022-01-31,3.2362628259480837
2022-02-01,0.5984979999978203
2022-02-02,0.7961867314682982
2022-02-03,-4.309760365756422
2022-02-04,1.3237729112301617
2022-02-07,-0.8412862218416318
2022-02-08,1.1991163342393003
2022-02-09,2.079890742797878
2022-02-10,-2.3609453098832454
2022-02-11,-3.120461572602846
2022-02-14,0.10346943964509049
2022-02-15,2.4385298380306617
2022-02-16,-0.1175727912984953
2022-02-17,-3.002098025599578
2022-02-18,-1.151081828917205
2022-02-22,-0.9972294694468902
2022-02-23,-2.6378189363138698
2022-02-24,3.3858077406788145
2022-02-25,1.5232241099120407
2022-02-28,0.34225273140468626
2022-03-01,-1.6416220962519879
2022-03-02,1.6829401395948482
2022-03-03,-1.474496766103189
2022-03-04,-1.416324107096751
2022-03-07,-3.8185956240831973
2022-03-08,-0.38947677180265433
2022-03-09,3.514596789235822
2022-03-10,-1.1063876574077172
2022-03-11,-2.150582133514053
2022-03-14,-1.9370990394568244
2022-03-15,3.108500269380195
2022-03-16,3.6350137904592255
2022-03-17,1.1527307056440528
2022-03-18,2.112867203160945
2022-03-21,-0.3055339143643977
2022-03-22,1.9169581515533556
2022-03-23,-1.4211487480575542
2022-03-24,2.17820809328981
2022-03-25,-0.07714091478188985
2022-03-28,1.5674872556883237
2022-03-29,1.6668750328353032
2022-03-30,-1.1070136951151102
2022-03-31,-1.5583911540085813
2022-04-01,0.1529847092144649
2022-04-04,1.987814410794757
2022-04-05,-2.261200496252828
2022-04-06,-2.194898642920572
2022-04-07,0.226828976136969
2022-04-08,-1.417630256744656
2022-04-11,-2.3806295218202647
2022-04-12,-0.357782006690584
2022-04-13,1.967920773352734
2022-04-14,-2.305823809419761
2022-04-18,0.12622655887555514
2022-04-19,2.1301100373774258
2022-04-20,-1.5011633326414482
2022-04-21,-2.006468485698762
2022-04-22,-2.685685489003651
2022-04-25,1.311691473386099
2022-04-26,-3.945146676200157
2022-04-27,-0.04886774322667613
2022-04-28,3.4221858671189107
2022-04-29,-4.5711819950122745
2022-05-02,1.704919435156069
2022-05-03,0.10740761108750269
2022-05-04,3.34904403273837
2022-05-05,-5.194445897112278
2022-05-06,-1.2294036700813935
2022-05-09,-4.066383924099821
2022-05-10,1.2891490714046876
2022-05-11,-3.112105503423469
2022-05-12,-0.18450178933945924
2022-05-13,3.6325197508726945
2022-05-16,-1.1678111835136074
2022-05-17,2.584214753232181
2022-05-18,-5.192888642322189
2022-05-19,-0.44266697412501804
2022-05-20,-0.3374520229923904
2022-05-23,1.6645782941612115
2022-05-24,-2.2218999735403377
2022-05-25,1.468270479040571
2022-05-26,2.748737435446431
2022-05-27,3.2427602534279023
2022-05-31,-0.3105494816561494
2022-06-01,-0.7442215644983049
2022-06-02,2.708538786767942
2022-06-03,-2.711240370649364
2022-06-06,0.4104165771079351
2022-06-07,0.8853414066725684
2022-06-08,-0.7624054551371808
2022-06-09,-2.775723480740042
2022-06-10,-3.626246205353497
2022-06-13,-4.710872543805245
2022-06-14,0.2067964972725718
2022-06-15,2.463162049082626
2022-06-16,-4.104188891694657
2022-06-17,1.23621931102945
2022-06-21,2.461642960538658
2022-06-22,-0.16508291913448814
2022-06-23,1.4636313860821863
2022-06-24,3.4298452038161167
2022-06-27,-0.8095227721670026
2022-06-28,-3.1337656645303413
2022-06-29,0.17594417183861244
2022-06-30,-1.3344998447587806
2022-07-01,0.7099306961304463
2022-07-05,1.6625606176468386
2022-07-06,0.6151126685748493
2022-07-07,2.140711431184547
2022-07-08,0.13730702180308202
2022-07-11,-2.213133851551179
2022-07-12,-0.9768660261334676
2022-07-13,-0.14022615188192192
2022-07-14,0.33933837427035535
2022-07-15,1.8123502778307754
2022-07-18,-0.8895197036824289
2022-07-19,3.083273485211948
2022-07-20,1.5412935352278712
2022-07-21,1.4344501305258721
2022-07-22,-1.7824512929674428
2022-07-25,-0.5504995342302416
2022-07-26,-1.9784626761912398
2022-07-27,4.169158326436585
2022-07-28,0.9194695870440015
2022-07-29,1.7931235572497717
2022-08-01,-0.05556079735470875
2022-08-02,-0.3032385094531196
2022-08-03,2.6892072258691355
2022-08-04,0.43503567667815823
2022-08-05,-0.7794454073959728
2022-08-08,-0.3681217080026229
2022-08-09,-1.1540932838567
2022-08-10,2.8058323799527356
2022-08-11,-0.647418856640907
2022-08-12,2.0395854666315385
2022-08-15,0.7440111180126214
2022-08-16,-0.23419205873087567
2022-08-17,-1.2126806455052022
2022-08-18,0.260475351787487
2022-08-19,-1.9671729512553586
2022-08-22,-2.6968081408047766
2022-08-23,-0.06789453149560529
2022-08-24,0.2796551062990498
2022-08-25,1.7322495120212933
2022-08-26,-4.182692479917348
2022-08-29,-0.9633112839440681
2022-08-30,-1.1408983937902226
2022-08-31,-0.5741862455726847
2022-09-01,0.021135261843033104
2022-09-02,-1.445735667869838
2022-09-06,-0.7227727703899771
2022-09-07,2.0442890324862324
2022-09-08,0.5028939735753651
2022-09-09,2.144630663460918
2022-09-12,1.1957653241441661
2022-09-13,-5.70204297681775
2022-09-14,0.8339912686464501
2022-09-15,-1.719874329884043
2022-09-16,-0.555816141343487
2022-09-19,0.7717892331893498
2022-09-20,-0.854773559616279
2022-09-21,-1.8199830223488884
2022-09-22,-1.1767404138138553
2022-09-23,-1.669305421223093
2022-09-26,-0.5063702259085425
2022-09-27,0.15660225215495177
2022-09-28,1.951051314097173
2022-09-29,-2.904592797665918
2022-09-30,-1.7488517868427051
2022-10-03,2.328888482391714
2022-10-04,3.093415783173435
2022-10-05,-0.08080940433759827
2022-10-06,-0.7604892904043284
2022-10-07,-3.960877663816942
2022-10-10,-1.0243262840881968
2022-10-11,-1.2488977067167724
2022-10-12,-0.05314000987914886
2022-10-13,2.2730138733600453
2022-10-14,-3.144221771438871
2022-10-17,3.4062680106736054
2022-10-18,0.7672524976236618
2022-10-19,-0.39871316787955097
2022-10-20,-0.5117012306923983
2022-10-21,2.358436027493669
2022-10-24,1.0547755428059251
2022-10-25,2.075644679091991
2022-10-26,-2.2890431784952434
2022-10-27,-1.8964147843609769
2022-10-28,3.119063131524993
2022-10-31,-1.2255153265537637
2022-11-01,-1.0277107964920478
2022-11-02,-3.4480090338919562
2022-11-03,-1.9979789443515454
2022-11-04,1.5447762977990913
2022-11-07,1.0989563484153315
2022-11-08,0.7487432250034931
2022-11-09,-2.3970259312089652
2022-11-10,7.219915807516891
2022-11-11,1.8021519652493767
2022-11-14,-0.9870753814395188
2022-11-15,1.444173789428936
2022-11-16,-1.4600113780255137
2022-11-17,-0.19019558483968999
2022-11-18,0.0013702223451331854
2022-11-21,-1.0638284173302126
2022-11-22,1.4725230833159535
2022-11-23,0.9665595554841286
2022-11-25,-0.7008452467931282
2022-11-28,-1.4417962464358367
2022-11-29,-0.7301600919672966
2022-11-30,4.476144019668078
2022-12-01,0.0983302017105694
2022-12-02,-0.39636175056439116
2022-12-05,-1.7447940762238827
2022-12-06,-2.0322097385922713
2022-12-07,-0.45379368271778037
2022-12-08,1.2111985916106314
2022-12-09,-0.6393588352425432
2022-12-12,1.2300407696373246
2022-12-13,1.0855119271497105
2022-12-14,-0.7913634989053132
2022-12-15,-3.4284359309053403
2022-12-16,-0.8986317772181925
2022-12-19,-1.4253623176451116
2022-12-20,-0.10984330720253616
2022-12-21,1.4654445973454815
2022-12-22,-2.521183443020595
2022-12-23,0.2671002063728824
2022-12-27,-1.4942802926753391
2022-12-28,-1.3317091871157738
2022-12-29,2.512365738207366
2022-12-30,-0.10311177156023972
2023-01-03,-0.7074939019862858
2023-01-04,0.47906553346867675
2023-01-05,-1.6031267572826007
2023-01-06,2.7468615080495384
2023-01-09,0.6148524307002432
2023-01-10,0.8724086751293129
2023-01-11,1.7405105492401178
2023-01-12,0.4994118979919378
2023-01-13,0.7118734628512798
2023-01-17,0.1359732294481734
2023-01-18,-1.2792178714215028
2023-01-19,-1.0095762848525507
2023-01-20,2.822454653490757
2023-01-23,2.15844944996096
2023-01-24,-0.21838023460816802
2023-01-25,-0.2701286591388069
2023-01-26,1.984405543129483
2023-01-27,0.9507100674021739
2023-01-30,-2.111587549061029
2023-01-31,1.5786162229157137
2023-02-01,2.135169180305036
2023-02-02,3.497390015428583
2023-02-03,-1.8110083822475656
2023-02-06,-0.8694562245401944
2023-02-07,2.0939932306317464
2023-02-08,-1.8467003679244216
2023-02-09,-0.9181965839866215
2023-02-10,-0.6177831465957393
2023-02-13,1.591472859571435
2023-02-14,0.7059551701856761
2023-02-15,0.7675091614703979
2023-02-16,-1.9531805781932545
2023-02-17,-0.6797908138476657
2023-02-21,-2.4399695808448785
2023-02-22,0.04952216682348126
2023-02-23,0.9392634022162397
2023-02-24,-1.743231000300716
2023-02-27,0.7336311758589747
2023-02-28,-0.13005032350715157
2023-03-01,-0.8636170977626315
2023-03-02,0.8864676114132509
2023-03-03,2.021282443739563
2023-03-06,0.09496086455029301
2023-03-07,-1.229343854610705
2023-03-08,0.5184211239390845
2023-03-09,-1.8128541675586627
2023-03-10,-1.390090881923614
2023-03-13,0.7820798860939242
2023-03-14,2.293517830252526
2023-03-15,0.42152753410600885
2023-03-16,2.6584970102729355
2023-03-17,-0.4901356417643895
2023-03-20,0.3407321599404191
2023-03-21,1.41347349357648
2023-03-22,-1.3773091974497562
2023-03-23,1.2814813222198609
2023-03-24,0.2966317144681914
2023-03-27,-0.7388285792901504
2023-03-28,-0.49439188540643175
2023-03-29,1.8499620158103636
2023-03-30,0.9075207777082523
2023-03-31,1.6692927802508286
2023-04-03,-0.25067521489126554
2023-04-04,-0.3678320084363549
2023-04-05,-1.0194940283381762
2023-04-06,0.7329863882145532
2023-04-10,-0.08701902951019688
2023-04-11,-0.6694447291030053
2023-04-12,-0.8972998628828961
2023-04-13,2.0113448279625965
2023-04-14,-0.22813487586668296
2023-04-17,0.06265852570728483
2023-04-18,0.031161778814300933
2023-04-19,-0.023513676771908004
2023-04-20,-0.7880094598835861
2023-04-21,0.11381186746613027
2023-04-24,-0.2388092927919134
2023-04-25,-1.904321149649765
2023-04-26,0.6374555036318306
2023-04-27,2.723221832756737
2023-04-28,0.6510737054840314
2023-05-01,-0.10967067231533383
2023-05-02,-0.8943496896239774
2023-05-03,-0.6384080843279277
2023-05-04,-0.366952094458114
2023-05-05,2.108568935825239
2023-05-08,0.24488940508546886
2023-05-09,-0.6834196665052955
2023-05-10,1.1052455009761717
2023-05-11,0.3137905048158426
2023-05-12,-0.37113462249274376
2023-05-15,0.5482099655344077
2023-05-16,0.0931834809795701
2023-05-17,1.2085827371367712
2023-05-18,1.7893861521356171
2023-05-19,-0.2252470866621298
2023-05-22,0.33452902095186166
2023-05-23,-1.2877380968058791
2023-05-24,-0.4989924758306697
2023-05-25,2.4257648800494005
2023-05-26,2.549125275625647
2023-05-30,0.39490659677209744
2023-05-31,-0.7053455225747314
2023-06-01,1.3063023292295857
2023-06-02,0.7253201489747183
2023-06-05,0.06773153037168209
2023-06-06,0.010970444349367581
2023-06-07,-1.7657756614189952
2023-06-08,1.2592709852493036
2023-06-09,0.30205892740784657
2023-06-12,1.746320442205534
2023-06-13,0.7852585094384181
2023-06-14,0.7011136154671395
2023-06-15,1.1909914792940004
2023-06-16,-0.6710367425028562
2023-06-20,-0.0913177018553673
2023-06-21,-1.354163932517136
2023-06-22,1.1693168651809083
2023-06-23,-1.007812383662856
2023-06-26,-1.368902763949253
2023-06-27,1.7337139098612835
2023-06-28,0.12482582142246751
2023-06-29,-0.16467744542172572
2023-06-30,1.5887629845230036
2023-07-03,0.19405755766392457
2023-07-05,-0.032322267025193245
2023-07-06,-0.7548191734471839
2023-07-07,-0.3491769762277816
2023-07-10,0.05841936593550793
2023-07-11,0.48681500276460804
2023-07-12,1.2368672697438976
2023-07-13,1.7147884031764427
2023-07-14,-0.04097300768587338
2023-07-17,0.9442865325369352
2023-07-18,0.8117649385613115
2023-07-19,-0.09472743331959589
2023-07-20,-2.3026642749021646
2023-07-21,-0.2616491934405352
2023-07-24,0.14476403878867544
2023-07-25,0.7313548394386183
2023-07-26,-0.4001849472921656
2023-07-27,-0.22177883314973565
2023-07-28,1.8324469056278616
2023-07-31,0.03853633452389605
2023-08-01,-0.24775224802970208
2023-08-02,-2.234148796444348
2023-08-03,-0.11195056024862415
2023-08-04,-0.5134191074763876
2023-08-07,0.8665439019725076
2023-08-08,-0.8787673029392042
2023-08-09,-1.1281922595154967
2023-08-10,0.17948739052420903
2023-08-11,-0.6682738937539203
2023-08-14,1.174294158370584
2023-08-15,-1.110593702676814
2023-08-16,-1.0776153235495496
2023-08-17,-1.0858344036354561
2023-08-18,-0.14262184408997325
2023-08-21,1.632412688191564
2023-08-22,-0.18578258360585473
2023-08-23,1.5909698243401542
2023-08-24,-2.213469681815512
2023-08-25,0.8426951312357461
2023-08-28,0.7376971602460478
2023-08-29,2.1302058564176374
2023-08-30,0.55697837483704
2023-08-31,0.24960365477225516
2023-09-01,-0.06588810528318137
2023-09-05,0.11208068504293565
2023-09-06,-0.8859800311275421
2023-09-07,-0.7373270689656436
2023-09-08,0.1421669337125945
2023-09-11,1.1816833796402766
2023-09-12,-1.1194916172654275
2023-09-13,0.38376246060804303
2023-09-14,0.8134903067548912
2023-09-15,-1.7701102711660543
2023-09-18,0.151006822817742
2023-09-19,-0.22446958305699238
2023-09-20,-1.4675496166700526
2023-09-21,-1.858727037420034
2023-09-22,0.04663324271268439
2023-09-25,0.46011630821545035
2023-09-26,-1.5219200323435116
2023-09-27,0.23575522614635566
2023-09-28,0.8374007478666474
2023-09-29,0.08483239177851304
2023-10-02,0.8278447036785384
2023-10-03,-1.8498727618458568
2023-10-04,1.435768242531572
2023-10-05,-0.35953898926591743
2023-10-06,1.6838699446586392
2023-10-09,0.4924262115509516
2023-10-10,0.5591048630828102
2023-10-11,0.7216790512689667
2023-10-12,-0.37479481981336304
2023-10-13,-1.2524346331120344
2023-10-16,1.1775388038542585
2023-10-17,-0.33484387515904174
2023-10-18,-1.4169001329074316
2023-10-19,-0.849596652140229
2023-10-20,-1.514818836005592
2023-10-23,0.3015390860581202
2023-10-24,0.9608361012375298
2023-10-25,-2.5009563733014812
2023-10-26,-1.9098959429559428
2023-10-27,0.5008707185618833
2023-10-30,1.0877256323309203
2023-10-31,0.5167884220860018
2023-11-01,1.7549873488338985
2023-11-02,1.7214873932483374
2023-11-03,1.1989002538804259
2023-11-06,0.3664526750051906
2023-11-07,0.9266970842178821
2023-11-08,0.11252805077475914
2023-11-09,-0.8218952452114199
2023-11-10,2.2218044516098696
2023-11-13,-0.2988080318579365
2023-11-14,2.1070168260161375
2023-11-15,0.029737921117359203
2023-11-16,0.1010857817851653
2023-11-17,0.03043778077013393
2023-11-20,1.1867119451710493
2023-11-21,-0.584745096558438
2023-11-22,0.42440011888002355
2023-11-24,-0.1211441121020408
2023-11-27,-0.12541952409502832
2023-11-28,0.30306152761961297
2023-11-29,-0.14268380817755102
2023-11-30,-0.24882063269677468
2023-12-01,0.3112120297354991
2023-12-04,-0.9919908587590809
2023-12-05,0.23986861864315048
2023-12-06,-0.5662977809991753
2023-12-07,1.473997495715032
2023-12-08,0.3874652683220877
2023-12-11,0.8484183954394587
2023-12-12,0.8135670436053758
2023-12-13,1.2645574548474612
2023-12-14,-0.14830126382546893
2023-12-15,0.5163926623988961
2023-12-18,0.6377571030601715
2023-12-19,0.4892552638491989
2023-12-20,-1.5446983375244063
2023-12-21,1.2203120217218992
2023-12-22,0.11924923250332432
2023-12-26,0.6005449791756496
2023-12-27,0.167759574026513
2023-12-28,-0.04927041957105234
2023-12-29,-0.4302054493353429
2024-01-02,-1.6901457587035724
2024-01-03,-1.0661544421231033
2024-01-04,-0.5297266153850468
2024-01-05,0.14709102086840398
2024-01-08,2.0870798459857216
2024-01-09,0.17300472399894917
2024-01-10,0.6832116527005145
2024-01-11,0.16574076948124855
2024-01-12,0.07141537494296009
2024-01-16,-0.01312395722049539
2024-01-17,-0.5626376075628621
2024-01-18,1.459221905779181
2024-01-19,1.934473412573782
2024-01-22,0.09453192036419124
2024-01-23,0.4250870367016559
2024-01-24,0.5448921836460386
2024-01-25,0.10103299361634534
2024-01-26,-0.5494261244702039
2024-01-29,1.0010056089439054
2024-01-30,-0.6817867574482893
2024-01-31,-1.9615440234946995
2024-02-01,1.2033863155988649
2024-02-02,1.7036410758391771
2024-02-05,-0.16846041772701653
2024-02-06,-0.2290813452416861
2024-02-07,1.0322725342082077
2024-02-08,0.1581057893321469
2024-02-09,1.0028683119184576
2024-02-12,-0.4449378419747323
2024-02-13,-1.590859151229157
2024-02-14,1.1704080631231164
2024-02-15,0.21367983777183627
2024-02-16,-0.8991636357012349
2024-02-20,-0.7940760291231044
2024-02-21,-0.38365781436325663
2024-02-22,2.9638049125713404
2024-02-23,-0.3733320100584846
2024-02-26,-0.02385217550341721
2024-02-27,0.21008587209709442
2024-02-28,-0.5386622927821562
2024-02-29,0.9429566555627088
2024-03-01,1.4255157100090918
2024-03-04,-0.4184472137939107
2024-03-05,-1.8194047725932656
2024-03-06,0.6666126692291147
2024-03-07,1.5443547321908477
2024-03-08,-1.539487380969396
2024-03-11,-0.3711971609325278
2024-03-12,1.478694532503932
2024-03-13,-0.8303053396090223
2024-03-14,-0.2974288921011104
2024-03-15,-1.1532142269327985
2024-03-18,0.9876633291774987
2024-03-19,0.26208595499588583
2024-03-20,1.1463524946345625
2024-03-21,0.4391032195787536
2024-03-22,0.10402125400167375
2024-03-25,-0.34071551579153
2024-03-26,-0.36465578386242387
2024-03-27,0.3853243638048827
2024-03-28,-0.14316477002602024
2024-04-01,0.21073728939947123
2024-04-02,-0.9414600913477648
2024-04-03,0.2117085158861481
2024-04-04,-1.5617300918259445
2024-04-05,1.2764476741317128
2024-04-08,-0.04564655462137099
2024-04-09,0.38441080456276433
2024-04-10,-0.8747605637467409
2024-04-11,1.6318145876656884
2024-04-12,-1.6771732878481715
2024-04-15,-1.6614907550786868
2024-04-16,0.03857653537505048
2024-04-17,-1.2499961803658386
2024-04-18,-0.5692986149422468
2024-04-19,-2.0718004888253385
2024-04-22,1.0116724276709155
2024-04-23,1.502723149448558
2024-04-24,0.31618730259896255
2024-04-25,-0.5509420338943691
2024-04-26,1.6376172564768587
2024-04-29,0.36289707495948387
2024-04-30,-1.9420821498164553
2024-05-01,-0.7027972949368153
2024-05-02,1.2793715769926903
2024-05-03,1.971449535364059
2024-05-06,1.127007069729244
2024-05-07,-0.011717558653429667
2024-05-08,-0.03557009405308953
2024-05-09,0.15719449981559588
2024-05-10,0.2630875100426478
2024-05-13,0.20590883010060979
2024-05-14,0.6799165929801413
2024-05-15,1.4836907477543833
2024-05-16,-0.20824876791933652
2024-05-17,-0.0632489167729902
2024-05-20,0.6875662037530212
2024-05-21,0.21189168028433858
2024-05-22,-0.045944574420527115
2024-05-23,-0.43835105049027606
2024-05-24,0.9882604175061104
2024-05-28,0.32429215410433637
2024-05-29,-0.705657940615714
2024-05-30,-1.0628659608392008
2024-05-31,-0.010853583071333665
2024-06-03,0.34640375802494067
2024-06-04,0.2891524091564919
2024-06-05,2.0176442470799523
2024-06-06,-0.07281329026760455
2024-06-07,-0.10647480537836604
2024-06-10,0.38725084720801267
2024-06-11,0.7079068117417704
2024-06-12,1.31866212518054
2024-06-13,0.5724297293585016
2024-06-14,0.42244160469796144
2024-06-17,1.2281921166119816
2024-06-18,0.03068954261479029
2024-06-20,-0.7894919310704968
2024-06-21,-0.26293253316508874
2024-06-24,-1.152843430588333
2024-06-25,1.1563864375153297
2024-06-26,0.25306094839855264
2024-06-27,0.19210389297329047
2024-06-28,-0.5378827029804764
2024-07-01,0.6550305336816576
2024-07-02,1.0027676352531516
2024-07-03,0.8693955410179831
2024-07-05,1.0120297521987063
2024-07-08,0.23303582875459486
2024-07-09,0.06593863778803596
2024-07-10,1.0812827642422627
2024-07-11,-2.2698749489226806
2024-07-12,0.5926289826615831
2024-07-15,0.27202971431702866
2024-07-16,0.05760380545442026
2024-07-17,-2.9828793659380746
2024-07-18,-0.4761472937037154
2024-07-19,-0.9303387708893438
2024-07-22,1.5262276124439005
2024-07-23,-0.3463007237585722
2024-07-24,-3.7230902666442494
2024-07-25,-1.065974987791471
2024-07-26,1.020084773069005
2024-07-29,0.18817254958606944
2024-07-30,-1.390637735661597
2024-07-31,2.9675881706012275
2024-08-01,-2.468137181123346
2024-08-02,-2.408507402319942
2024-08-05,-3.003803555575155
2024-08-06,1.0161187648136851
2024-08-07,-1.1715273032271478
2024-08-08,3.0125386292016088
2024-08-09,0.5377498939639577
2024-08-12,0.1561025740462846
2024-08-13,2.473766940310135
2024-08-14,0.08541878493475585
2024-08-15,2.427731585420936
2024-08-16,0.0942493749680402
2024-08-19,1.3136328474715493
2024-08-20,-0.2363554682659314
2024-08-21,0.5311374374482144
2024-08-22,-1.6939986494522485
2024-08-23,1.1681704498839514
2024-08-26,-1.0420330846505057
2024-08-27,0.33293839434119726
2024-08-28,-1.1853585434008722
2024-08-29,-0.13097450134859137
2024-08-30,1.2811763820759707
2024-09-03,-3.197007571140191
2024-09-04,-0.1971429934773975
2024-09-05,0.047205245889725946
2024-09-06,-2.725714249798071
2024-09-09,1.2915739970765217
2024-09-10,0.8981462200388861
2024-09-11,2.144585328999632
2024-09-12,0.9610172653955492
2024-09-13,0.47006513804011896
2024-09-16,-0.4700908806281866
2024-09-17,0.048039580225246674
2024-09-18,-0.4533790528608579
2024-09-19,2.5283651687204975
2024-09-20,-0.243948606367218
2024-09-23,0.3062734677323602
2024-09-24,0.46558821977370857
2024-09-25,0.13911211153041497
2024-09-26,0.713081645871127
2024-09-27,-0.5329170639387492
2024-09-30,0.2598648591603747
2024-10-01,-1.442933465774201
2024-10-02,0.14797901865613086
2024-10-03,-0.04668156870994495
2024-10-04,1.2135923555535773
2024-10-07,-1.1762281863363775
2024-10-08,1.5387344915962688
2024-10-09,0.797901314024938
2024-10-10,-0.13378222323725092
2024-10-11,0.14914944574167463
2024-10-14,0.8207750035713526
2024-10-15,-1.3755278842912415
2024-10-16,0.07052632849949429
2024-10-17,0.08113571009983886
2024-10-18,0.6596087652154867
2024-10-21,0.18396727677482946
2024-10-22,0.10886705985683749
2024-10-23,-1.5658381470635332
2024-10-24,0.8234126331055533
2024-10-25,0.5871315707316512
2024-10-28,-0.0046532101765864005
2024-10-29,0.9759324509133858
2024-10-30,-0.796093876153805
2024-10-31,-2.4693770151727588
2024-11-01,0.7149994398847128
2024-11-04,-0.3477286554643355
2024-11-05,1.313017391698574
2024-11-06,2.701429051218747
2024-11-07,1.5292075784257715
2024-11-08,0.07396241035469604
2024-11-11,-0.050151846800626315
2024-11-12,-0.16974978152266926
2024-11-13,-0.1644811702119599
2024-11-14,-0.6653092159311098
2024-11-15,-2.434269824965444
2024-11-18,0.7087604402637023
2024-11-19,0.7054306121826102
2024-11-20,-0.0845914527763626
2024-11-21,0.3558601351003054
2024-11-22,0.1707685970681934
2024-11-25,0.13786546621144596
2024-11-26,0.5655957900101466
2024-11-27,-0.8563584492988037
2024-11-29,0.8920450331659868
2024-12-02,1.1128762507551946
2024-12-03,0.3053318068632714
2024-12-04,1.2314512459203064
2024-12-05,-0.3128743370291063
2024-12-06,0.9154189264926411
2024-12-09,-0.8426480356115013
2024-12-10,-0.3393635357845331
2024-12-11,1.8353547082387793
2024-12-12,-0.6856345306621079
2024-12-13,0.7603631354301972
2024-12-16,1.4422550601268254
2024-12-17,-0.43346052416519676
2024-12-18,-3.6651252903417975
2024-12-19,-0.46696407127337125
2024-12-20,0.8426909894566452
2024-12-23,1.000267148022718
2024-12-24,1.360179906540065
2024-12-26,-0.13468773517192914
2024-12-27,-1.3658303807629961
2024-12-30,-1.2933169607271144
2024-12-31,-0.876187688942584
2025-01-02,-0.17409824269412832
2025-01-03,1.6573345861761672
2025-01-06,1.0882207202715095
2025-01-07,-1.8087738717126451
2025-01-08,0.03740850260206889
2025-01-10,-1.5864930689546908
2025-01-13,-0.30196764870019116
2025-01-14,-0.13150024472030197
2025-01-15,2.2881769953856006
2025-01-16,-0.6926703959798495
2025-01-17,1.6453848663794068
2025-01-21,0.5829303390777714
2025-01-22,1.319651943573765
2025-01-23,0.2191072827466855
2025-01-24,-0.5811999025698832
2025-01-27,-3.0152053567301547
2025-01-28,1.5767197213745932
2025-01-29,-0.24060469928723333
2025-01-30,0.45044784312769975
2025-01-31,-0.13992874549004422
2025-02-03,-0.8437845133877122
2025-02-04,1.2567021412940247
2025-02-05,0.42219068796431103
2025-02-06,0.5337109229061511
2025-02-07,-1.307096181478015
2025-02-10,1.2274697959586212
2025-02-11,-0.29096742745395837
2025-02-12,0.11858260093196146
2025-02-13,1.4238100092731985
2025-02-14,0.38044777295690535
2025-02-18,0.22546438982712233
2025-02-19,0.049580287114475846
2025-02-20,-0.4861316805204639
2025-02-21,-2.078622415351755
2025-02-24,-1.219579536201133
2025-02-25,-1.2480803489694132
2025-02-26,0.21636115775148082
2025-02-27,-2.7924652341808858
2025-02-28,1.609553728189984
2025-03-03,-2.2214619096162203
2025-03-04,-0.35831025311581005
2025-03-05,1.3466787892911234
2025-03-06,-2.831135154640463
2025-03-07,0.7390005830392479
2025-03-10,-3.8883262343643574
2025-03-11,-0.27825786373943584
2025-03-12,1.1241752978984971
2025-03-13,-1.9089845779081867
2025-03-14,2.4617299394254157
2025-03-17,0.544578862015402
2025-03-18,-1.67389586873661
2025-03-19,1.2917153488780773
2025-03-20,-0.29965310883145946
2025-03-21,0.38728909733721817
2025-03-24,2.1359784904447365
2025-03-25,0.5306935501108571
2025-03-26,-1.8447764981480894
2025-03-27,-0.5960897419151172
2025-03-28,-2.6471438664975606
2025-03-31,-0.0153164508447054
2025-04-01,0.8161043898664703
2025-04-02,0.7450608813414958
2025-04-03,-5.5668519182481635
2025-04-04,-6.2593143494134935
2025-04-07,0.18942605257618905
2025-04-08,-1.971496732814129
2025-04-09,11.35278039888288
2025-04-10,-4.276555544868694
2025-04-11,1.8712242790098448
2025-04-14,0.5653687790052895
2025-04-15,0.18181993284751222
2025-04-16,-3.087961094831206
2025-04-17,0.0024592138157536296
2025-04-21,-2.494368211119075
2025-04-22,2.5946296190241838
2025-04-23,2.2551930996592606
2025-04-24,2.7497073831381122
2025-04-25,1.1289960344125123
2025-04-28,-0.02712311191906174
2025-04-29,0.6038009236934921
2025-04-30,0.13330620644269697
2025-05-01,1.0960651226018847
2025-05-02,1.5839406683940997
2025-05-05,-0.6721768825175444
2025-05-06,-0.8883366612321429
2025-05-07,0.3864317351942702
2025-05-08,0.9796445318488374
2025-05-09,-0.010547036828252815
2025-05-12,3.942401202830804
2025-05-13,1.566861279797348
2025-05-14,0.5715718526404459
2025-05-15,0.07790875598752266
2025-05-16,0.43080471301894113
2025-05-19,0.08917553899250315
2025-05-20,-0.37220674231124845
2025-05-21,-1.3523425346075022
2025-05-22,0.15221546504547276
2025-05-23,-0.9365986898912148
2025-05-27,2.359326916085695
