"","Estimate","Std..Error","t.value","Pr...t..","c.nm_var..nm_var..nm_var..nm_var..nm_var..nm_var.","extra"
"alpha",0.004113,0.009412,0.437006,0.662107,"Saudi_GPR Canada",0.126277671193635
"gamma",0.186693,0.031918,5.849113,0,"Saudi_GPR Canada",0.353583920041618
"beta",0.878884,0.021113,41.627454,0,"Saudi_GPR Canada",1850.48881076882
"m",-0.32874,0.256595,-1.281165,0.200136,"Saudi_GPR Canada",7777.624195
"theta",-2.679844,2.560114,-1.046768,0.295207,"Saudi_GPR Canada",7814.662263
"w2",1.704888,0.474961,3.589536,0.000331,"Saudi_GPR Canada",-3882.81209772349
"alpha47",0.004156,0.009413,0.441532,0.658828,"USA_GPR Canada",0.112113353411673
"gamma47",0.187184,0.032236,5.806594,0,"USA_GPR Canada",0.353895312904753
"beta47",0.878579,0.021062,41.713859,0,"USA_GPR Canada",1844.01880940978
"m47",-0.323217,0.254268,-1.271167,0.203669,"USA_GPR Canada",7778.551321
"theta47",-0.668728,1.02006,-0.655577,0.512096,"USA_GPR Canada",7815.589389
"w247",1.401792,1.443274,0.971258,0.33142,"USA_GPR Canada",-3883.27566058685
"alpha46",0.002568,0.008981,0.285995,0.774882,"Global_GPR Canada",0.168896799845938
"gamma46",0.182268,0.030739,5.929533,0,"Global_GPR Canada",0.352828918273099
"beta46",0.883629,0.020916,42.246133,0,"Global_GPR Canada",1831.31567863191
"m46",-0.337666,0.244177,-1.382876,0.166703,"Global_GPR Canada",7774.685651
"theta46",-0.002659,0.00209,-1.272206,0.2033,"Global_GPR Canada",7811.723719
"w246",87.211186,0.258311,337.620401,0,"Global_GPR Canada",-3881.34282542657
"alpha45",0.001435,0.009635,0.148934,0.881606,"US_EPU Canada",0.771415687723738
"gamma45",0.196945,0.031909,6.172076,0,"US_EPU Canada",0.352899532128077
"beta45",0.870836,0.019864,43.839282,0,"US_EPU Canada",1848.99564371742
"m45",-0.878439,0.355272,-2.472582,0.013414,"US_EPU Canada",7775.067135
"theta45",0.003651,0.001972,1.851522,0.064095,"US_EPU Canada",7812.105203
"w245",4.727718,0.569498,8.301556,0,"US_EPU Canada",-3881.53356735331
"alpha44",0.000101,0.009516,0.01059,0.991551,"St_Louis_Stress_Index Canada",1.03680703809079
"gamma44",0.195884,0.032751,5.98098,0,"St_Louis_Stress_Index Canada",0.352019104694706
"beta44",0.869687,0.022037,39.465449,0,"St_Louis_Stress_Index Canada",1848.75151162199
"m44",-0.353466,0.169636,-2.083677,0.03719,"St_Louis_Stress_Index Canada",7771.772671
"theta44",0.413772,0.184305,2.245041,0.024766,"St_Louis_Stress_Index Canada",7808.810738
"w244",1.625114,0.575732,2.82269,0.004762,"St_Louis_Stress_Index Canada",-3879.88633527624
"alpha43",0.000144,0.009403,0.015326,0.987772,"CFNAI Canada",1.01608819652805
"gamma43",0.19773,0.032019,6.175392,0,"CFNAI Canada",0.352145762935781
"beta43",0.868718,0.020873,41.619932,0,"CFNAI Canada",1842.34666349232
"m43",-0.469005,0.165352,-2.836399,0.004563,"CFNAI Canada",7772.041727
"theta43",-0.404033,0.198792,-2.03244,0.042109,"CFNAI Canada",7809.079795
"w243",1.139255,0.531529,2.143356,0.032085,"CFNAI Canada",-3880.02086369418
"alpha42",0.00398,0.009566,0.416019,0.677396,"BKK_Leading_Index Canada",0.17581751588602
"gamma42",0.188766,0.033714,5.599094,0,"BKK_Leading_Index Canada",0.354114210785257
"beta42",0.877362,0.022158,39.595952,0,"BKK_Leading_Index Canada",1852.96191412616
"m42",-0.349094,0.243377,-1.434375,0.151465,"BKK_Leading_Index Canada",7779.468674
"theta42",-0.068438,0.112199,-0.609968,0.541883,"BKK_Leading_Index Canada",7816.506742
"w242",3.728121,0.276247,13.495588,0,"BKK_Leading_Index Canada",-3883.73433687084
"alpha41",0.004062,0.009598,0.423178,0.672166,"UMich Canada",0.0152568030328414
"gamma41",0.188046,0.035221,5.339035,0,"UMich Canada",0.354364008851533
"beta41",0.878433,0.023013,38.171329,0,"UMich Canada",1847.11671918598
"m41",-0.324684,0.257349,-1.26165,0.207075,"UMich Canada",7780.351904
"theta41",0.022281,0.073499,0.303152,0.761774,"UMich Canada",7817.389972
"w241",1.001005,1.319544,0.758599,0.448092,"UMich Canada",-3884.17595210288
"alpha40",0.0001,0.009957,0.010071,0.991964,"Credit Canada",1.09946317523858
"gamma40",0.191889,0.03271,5.866355,0,"Credit Canada",0.351578811964845
"beta40",0.872687,0.022122,39.44931,0,"Credit Canada",1834.17463045253
"m40",-0.414301,0.172033,-2.408259,0.016029,"Credit Canada",7770.263153
"theta40",0.922194,0.439802,2.096841,0.036008,"Credit Canada",7807.301221
"w240",1.951303,1.62627,1.199864,0.230192,"Credit Canada",-3879.13157646376
"alpha39",0.0001,0.013478,0.007425,0.994076,"Risk Canada",3.96346720347229
"gamma39",0.20111,0.030904,6.507593,0,"Risk Canada",0.345077178198163
"beta39",0.856177,0.025397,33.711586,0,"Risk Canada",1825.8063417175
"m39",0.292317,0.188582,1.55008,0.121122,"Risk Canada",7746.57812
"theta39",1.625835,0.283283,5.739252,0,"Risk Canada",7783.616187
"w239",4.387909,1.406558,3.119608,0.001811,"Risk Canada",-3867.28905975584
"alpha38",0.0001,0.012645,0.007914,0.993685,"Leverage Canada",3.68711712232842
"gamma38",0.197882,0.030586,6.46975,0,"Leverage Canada",0.345493747267143
"beta38",0.859295,0.023465,36.619688,0,"Leverage Canada",1810.44669705871
"m38",-0.389632,0.141022,-2.762918,0.005729,"Leverage Canada",7747.92745
"theta38",0.968827,0.199234,4.862765,0.000001,"Leverage Canada",7784.965518
"w238",1.835749,0.568733,3.227787,0.001248,"Leverage Canada",-3867.96372485859
"alpha37",0.0001,0.01276,0.007841,0.993744,"Overall_NFCI Canada",2.93823167632224
"gamma37",0.200718,0.033074,6.068741,0,"Overall_NFCI Canada",0.347079837281638
"beta37",0.858674,0.026577,32.308927,0,"Overall_NFCI Canada",1824.5860145866
"m37",0.188989,0.280842,0.672937,0.500987,"Overall_NFCI Canada",7753.897046
"theta37",1.488823,0.490882,3.032957,0.002422,"Overall_NFCI Canada",7790.935114
"w237",3.270556,3.720694,0.879018,0.379392,"Overall_NFCI Canada",-3870.94852290418
"alpha36",0.01405,0.099891,0.140653,0.888144,"Saudi_GPR SP1500",0.477000040781208
"gamma36",0.261368,0.212217,1.231605,0.218097,"Saudi_GPR SP1500",0.767406390838546
"beta36",0.820803,0.028098,29.211849,0,"Saudi_GPR SP1500",1697.32986799232
"m36",0.258598,0.691329,0.374059,0.70836,"Saudi_GPR SP1500",9240.899312
"theta36",-6.107465,157.650363,-0.038741,0.969097,"Saudi_GPR SP1500",9277.93738
"w236",1.40819,0.199441,7.060673,0,"Saudi_GPR SP1500",-4614.44965612457
"alpha35",0.012761,0.021065,0.605763,0.544672,"USA_GPR SP1500",1.04796008126215
"gamma35",0.260855,0.04194,6.219723,0,"USA_GPR SP1500",0.766084618860055
"beta35",0.821754,0.026571,30.926364,0,"USA_GPR SP1500",1698.29146992842
"m35",0.248014,0.200567,1.236564,0.216249,"USA_GPR SP1500",9235.694501
"theta35",-2.121807,1.110454,-1.910756,0.056036,"USA_GPR SP1500",9272.732569
"w235",1.436192,0.300395,4.781008,0.000002,"USA_GPR SP1500",-4611.8472504766
"alpha34",0.015019,0.022614,0.664146,0.506597,"Global_GPR SP1500",0.963421196811889
"gamma34",0.260052,0.043154,6.026089,0,"Global_GPR SP1500",0.766743156502948
"beta34",0.820343,0.027695,29.620921,0,"Global_GPR SP1500",1705.13480714211
"m34",0.254135,0.213659,1.189444,0.234265,"Global_GPR SP1500",9238.161722
"theta34",-0.040707,0.017982,-2.263729,0.023591,"Global_GPR SP1500",9275.19979
"w234",1.784104,0.394749,4.519595,0.000006,"Global_GPR SP1500",-4613.08086088334
"alpha33",0.0001,0.020108,0.004975,0.99603,"US_EPU SP1500",3.73824435040125
"gamma33",0.290426,0.036804,7.891098,0,"US_EPU SP1500",0.751710354806481
"beta33",0.811255,0.019989,40.586052,0,"US_EPU SP1500",1709.90208438152
"m33",-1.006798,0.314829,-3.197923,0.001384,"US_EPU SP1500",9186.693594
"theta33",0.008555,0.001978,4.324835,0.000015,"US_EPU SP1500",9223.731662
"w233",6.290874,0.918545,6.84874,0,"US_EPU SP1500",-4587.34679697069
"alpha32",0.0001,0.019678,0.005086,0.995942,"St_Louis_Stress_Index SP1500",2.47050704960231
"gamma32",0.293366,0.039495,7.427846,0,"St_Louis_Stress_Index SP1500",0.760961075284048
"beta32",0.808008,0.021252,38.019907,0,"St_Louis_Stress_Index SP1500",1721.02374569795
"m32",0.314763,0.16783,1.875487,0.060726,"St_Louis_Stress_Index SP1500",9218.851669
"theta32",0.663626,0.220344,3.01177,0.002597,"St_Louis_Stress_Index SP1500",9255.889737
"w232",3.684275,0.963936,3.822114,0.000132,"St_Louis_Stress_Index SP1500",-4603.42583437202
"alpha31",0.0001,0.015427,0.006484,0.994827,"CFNAI SP1500",2.74504841802594
"gamma31",0.286646,0.037016,7.743957,0,"CFNAI SP1500",0.758026842419385
"beta31",0.81585,0.01995,40.893869,0,"CFNAI SP1500",1721.58181547054
"m31",0.115278,0.160574,0.717913,0.472811,"CFNAI SP1500",9208.816237
"theta31",-0.711039,0.210679,-3.374982,0.000738,"CFNAI SP1500",9245.854305
"w231",1.625958,0.529324,3.071765,0.002128,"CFNAI SP1500",-4598.40811842781
"alpha30",0.009354,0.021388,0.437363,0.661848,"BKK_Leading_Index SP1500",1.26767961599648
"gamma30",0.265573,0.042738,6.213944,0,"BKK_Leading_Index SP1500",0.76627397400059
"beta30",0.819532,0.02614,31.35203,0,"BKK_Leading_Index SP1500",1701.62219891756
"m30",0.157837,0.193097,0.817399,0.4137,"BKK_Leading_Index SP1500",9237.220862
"theta30",-0.210539,0.10178,-2.06857,0.038586,"BKK_Leading_Index SP1500",9274.25893
"w230",1.294701,0.586398,2.207888,0.027252,"BKK_Leading_Index SP1500",-4612.61043091691
"alpha29",0.0001,0.020628,0.00485,0.99613,"UMich SP1500",3.31337342177503
"gamma29",0.294754,0.039265,7.506845,0,"UMich SP1500",0.758585994380843
"beta29",0.805825,0.021197,38.016033,0,"UMich SP1500",1708.01088613423
"m29",0.185897,0.163159,1.139367,0.25455,"UMich SP1500",9210.669675
"theta29",-0.335887,0.098337,-3.415672,0.000636,"UMich SP1500",9247.707743
"w229",1.466903,0.188079,7.79939,0,"UMich SP1500",-4599.33483762866
"alpha28",0.0001,0.022669,0.004416,0.996477,"Credit SP1500",2.2356222961812
"gamma28",0.287737,0.047599,6.045004,0,"Credit SP1500",0.763103526567575
"beta28",0.812088,0.038891,20.880865,0,"Credit SP1500",1703.62443595249
"m28",0.236585,0.168034,1.407956,0.159144,"Credit SP1500",9227.034988
"theta28",1.442199,0.47607,3.029383,0.002451,"Credit SP1500",9264.073055
"w228",5.827315,22.249792,0.261904,0.793395,"Credit SP1500",-4607.51749379403
"alpha27",0.003924,0.028673,0.136866,0.891136,"Risk SP1500",2.83101766190848
"gamma27",0.284808,0.038111,7.473154,0,"Risk SP1500",0.762495257907701
"beta27",0.803479,0.035879,22.394035,0,"Risk SP1500",1693.76185468758
"m27",0.831997,0.201803,4.122822,0.000037,"Risk SP1500",9224.340082
"theta27",1.432925,0.334013,4.290022,0.000018,"Risk SP1500",9261.37815
"w227",6.917424,10.111397,0.684121,0.493898,"Risk SP1500",-4606.1700408415
"alpha26",0.0001,0.027103,0.003691,0.997055,"Leverage SP1500",4.24520142909056
"gamma26",0.284572,0.04141,6.872057,0,"Leverage SP1500",0.756627068863659
"beta26",0.805646,0.038212,21.083598,0,"Leverage SP1500",1688.18473738631
"m26",0.245549,0.160068,1.534025,0.125023,"Leverage SP1500",9203.174351
"theta26",1.094955,0.235751,4.644534,0.000003,"Leverage SP1500",9240.212418
"w226",4.320369,10.853016,0.39808,0.690571,"Leverage SP1500",-4595.58717526412
"alpha25",0.0001,0.038055,0.002629,0.997902,"Overall_NFCI SP1500",3.75130288208366
"gamma25",0.296779,0.037691,7.874081,0,"Overall_NFCI SP1500",0.75825312705569
"beta25",0.79896,0.046656,17.124633,0,"Overall_NFCI SP1500",1698.99151397891
"m25",0.949155,0.243778,3.893529,0.000099,"Overall_NFCI SP1500",9210.025144
"theta25",1.791453,0.479974,3.732398,0.00019,"Overall_NFCI SP1500",9247.063212
"w225",6.615328,13.054438,0.506749,0.612331,"Overall_NFCI SP1500",-4599.01257198643
"alpha24",0.00713,0.01486,0.479844,0.631338,"Saudi_GPR NASDAQ100",0.38760546583785
"gamma24",0.195361,0.038038,5.135911,0,"Saudi_GPR NASDAQ100",1.241733164397
"beta24",0.863538,0.018705,46.165688,0,"Saudi_GPR NASDAQ100",2103.49998783446
"m24",0.574783,0.134868,4.261823,0.00002,"Saudi_GPR NASDAQ100",10915.378512
"theta24",-4.718008,0.743934,-6.341967,0,"Saudi_GPR NASDAQ100",10952.41658
"w224",1.525988,0.31915,4.781406,0.000002,"Saudi_GPR NASDAQ100",-5451.68925596939
"alpha23",0.00137,0.0146,0.093814,0.925257,"USA_GPR NASDAQ100",1.06900977857073
"gamma23",0.199456,0.03689,5.406722,0,"USA_GPR NASDAQ100",1.23997539055448
"beta23",0.866108,0.018728,46.245915,0,"USA_GPR NASDAQ100",2104.44681913402
"m23",0.557243,0.129433,4.305265,0.000017,"USA_GPR NASDAQ100",10908.947234
"theta23",-2.022141,0.895622,-2.257806,0.023958,"USA_GPR NASDAQ100",10945.985302
"w223",1.265024,0.271179,4.664904,0.000003,"USA_GPR NASDAQ100",-5448.47361688113
"alpha22",0.003087,0.01533,0.201392,0.840392,"Global_GPR NASDAQ100",0.936645496921485
"gamma22",0.195836,0.038198,5.126899,0,"Global_GPR NASDAQ100",1.24064897030057
"beta22",0.867226,0.01956,44.337738,0,"Global_GPR NASDAQ100",2113.46485819416
"m22",0.558801,0.132363,4.221723,0.000024,"Global_GPR NASDAQ100",10911.415115
"theta22",-0.039838,0.017786,-2.239833,0.025102,"Global_GPR NASDAQ100",10948.453183
"w222",1.511081,0.335247,4.507371,0.000007,"Global_GPR NASDAQ100",-5449.70755757076
"alpha21",0.0001,0.015255,0.006557,0.994768,"US_EPU NASDAQ100",3.9249683398469
"gamma21",0.235473,0.031065,7.57997,0,"US_EPU NASDAQ100",1.22913729170197
"beta21",0.838684,0.015028,55.807446,0,"US_EPU NASDAQ100",2113.97817632926
"m21",-0.582395,0.285654,-2.038811,0.041469,"US_EPU NASDAQ100",10871.88167
"theta21",0.008144,0.001887,4.31699,0.000016,"US_EPU NASDAQ100",10908.919738
"w221",4.490362,1.081779,4.150906,0.000033,"US_EPU NASDAQ100",-5429.94083513766
"alpha20",0.0001,0.014718,0.006812,0.994565,"St_Louis_Stress_Index NASDAQ100",1.20074044887077
"gamma20",0.220964,0.035756,6.179859,0,"St_Louis_Stress_Index NASDAQ100",1.24045579650669
"beta20",0.850721,0.017025,49.970372,0,"St_Louis_Stress_Index NASDAQ100",2122.14505290041
"m20",0.635123,0.133206,4.767993,0.000002,"St_Louis_Stress_Index NASDAQ100",10912.138728
"theta20",0.418323,0.24326,1.719651,0.085496,"St_Louis_Stress_Index NASDAQ100",10949.176796
"w220",3.033688,0.749822,4.045877,0.000052,"St_Louis_Stress_Index NASDAQ100",-5450.06936389582
"alpha19",0.0001,0.013256,0.00755,0.993976,"CFNAI NASDAQ100",1.83226340327281
"gamma19",0.22644,0.031924,7.093032,0,"CFNAI NASDAQ100",1.2376725236016
"beta19",0.848321,0.0152,55.811281,0,"CFNAI NASDAQ100",2126.89246409973
"m19",0.505318,0.129174,3.911907,0.000092,"CFNAI NASDAQ100",10901.773156
"theta19",-0.519991,0.223919,-2.32223,0.020221,"CFNAI NASDAQ100",10938.811224
"w219",1.575795,0.425795,3.700832,0.000215,"CFNAI NASDAQ100",-5444.88657790699
"alpha18",0.008171,0.015099,0.541124,0.588422,"BKK_Leading_Index NASDAQ100",0.940158447259203
"gamma18",0.195153,0.037115,5.258133,0,"BKK_Leading_Index NASDAQ100",1.24151518799452
"beta18",0.862418,0.018881,45.677504,0,"BKK_Leading_Index NASDAQ100",2116.95602544717
"m18",0.530213,0.140752,3.767002,0.000165,"BKK_Leading_Index NASDAQ100",10915.339271
"theta18",-0.165683,0.11101,-1.492509,0.135566,"BKK_Leading_Index NASDAQ100",10952.377338
"w218",1.001003,1.087194,0.920721,0.357196,"BKK_Leading_Index NASDAQ100",-5451.66963525264
"alpha17",0.0001,0.014826,0.00675,0.994614,"UMich NASDAQ100",2.8883388978661
"gamma17",0.231832,0.032915,7.04337,0,"UMich NASDAQ100",1.23652664081815
"beta17",0.838661,0.016625,50.445111,0,"UMich NASDAQ100",2114.87884239001
"m17",0.552247,0.118006,4.679818,0.000003,"UMich NASDAQ100",10897.326584
"theta17",-0.284408,0.104653,-2.717617,0.006575,"UMich NASDAQ100",10934.364651
"w217",1.41011,0.191739,7.354325,0,"UMich NASDAQ100",-5442.66329177375
"alpha16",0.0001,0.018071,0.005537,0.995582,"Credit NASDAQ100",2.19186959999636
"gamma16",0.220337,0.053755,4.098916,0.000042,"Credit NASDAQ100",1.23765394334436
"beta16",0.84717,0.041679,20.326031,0,"Credit NASDAQ100",2109.999126809
"m16",0.573857,0.158629,3.617615,0.000297,"Credit NASDAQ100",10902.373052
"theta16",1.284737,0.487066,2.637704,0.008347,"Credit NASDAQ100",10939.41112
"w216",4.997151,20.993838,0.238029,0.811858,"Credit NASDAQ100",-5445.1865261968
"alpha15",0.002652,0.01867,0.142031,0.887055,"Risk NASDAQ100",1.04774946271726
"gamma15",0.200226,0.040333,4.964271,0.000001,"Risk NASDAQ100",1.24087517541796
"beta15",0.860859,0.01914,44.977253,0,"Risk NASDAQ100",2114.73435253422
"m15",0.891289,0.170286,5.23406,0,"Risk NASDAQ100",10913.693065
"theta15",0.770471,0.312108,2.468604,0.013564,"Risk NASDAQ100",10950.731133
"w215",3.792901,0.675721,5.613118,0,"Risk NASDAQ100",-5450.84653235763
"alpha14",0.0001,0.019932,0.005019,0.995995,"Leverage NASDAQ100",2.99695429885921
"gamma14",0.213247,0.034438,6.192182,0,"Leverage NASDAQ100",1.2364486889562
"beta14",0.850055,0.016858,50.424717,0,"Leverage NASDAQ100",2105.35856310151
"m14",0.597363,0.114342,5.224354,0,"Leverage NASDAQ100",10897.226731
"theta14",0.819873,0.252224,3.250574,0.001152,"Leverage NASDAQ100",10934.264799
"w214",3.947434,1.200525,3.288091,0.001009,"Leverage NASDAQ100",-5442.61336567781
"alpha13",0.0001,0.022574,0.004432,0.996463,"Overall_NFCI NASDAQ100",2.54180148009044
"gamma13",0.220359,0.03718,5.92688,0,"Overall_NFCI NASDAQ100",1.23697578468362
"beta13",0.84518,0.016607,50.893728,0,"Overall_NFCI NASDAQ100",2110.28720824941
"m13",1.10482,0.194756,5.672832,0,"Overall_NFCI NASDAQ100",10900.286972
"theta13",1.318217,0.390219,3.378142,0.00073,"Overall_NFCI NASDAQ100",10937.32504
"w213",4.799362,1.086492,4.417303,0.00001,"Overall_NFCI NASDAQ100",-5444.14348591859
"alpha12",0.000101,0.014167,0.007114,0.994324,"Saudi_GPR NASDAQ",0.555933361483171
"gamma12",0.199338,0.040379,4.936727,0.000001,"Saudi_GPR NASDAQ",1.1894764284811
"beta12",0.86613,0.022299,38.841049,0,"Saudi_GPR NASDAQ",2085.09284725507
"m12",0.464171,0.124511,3.727952,0.000193,"Saudi_GPR NASDAQ",10732.718853
"theta12",-5.75999,0.50378,-11.433547,0,"Saudi_GPR NASDAQ",10769.756921
"w212",1.490063,0.195694,7.614249,0,"Saudi_GPR NASDAQ",-5360.35942633597
"alpha11",0.0001,0.015335,0.006528,0.994791,"USA_GPR NASDAQ",1.02596378159208
"gamma11",0.196404,0.040179,4.888255,0.000001,"USA_GPR NASDAQ",1.18853986076365
"beta11",0.867408,0.023435,37.012778,0,"USA_GPR NASDAQ",2087.39135665036
"m11",0.4527,0.123104,3.677393,0.000236,"USA_GPR NASDAQ",10729.168167
"theta11",-1.932279,0.716596,-2.696468,0.007008,"USA_GPR NASDAQ",10766.206235
"w211",1.367622,0.260947,5.240994,0,"USA_GPR NASDAQ",-5358.58408367163
"alpha10",0.0001,0.015889,0.006305,0.99497,"Global_GPR NASDAQ",0.946647320046913
"gamma10",0.194041,0.041962,4.624234,0.000004,"Global_GPR NASDAQ",1.18905240645815
"beta10",0.869544,0.025056,34.703622,0,"Global_GPR NASDAQ",2096.11230368381
"m10",0.450825,0.12663,3.560182,0.000371,"Global_GPR NASDAQ",10731.139015
"theta10",-0.038329,0.016954,-2.260794,0.023772,"Global_GPR NASDAQ",10768.177083
"w210",1.64052,0.337927,4.854659,0.000001,"Global_GPR NASDAQ",-5359.56950758858
"alpha9",0.0001,0.016362,0.006114,0.995122,"US_EPU NASDAQ",3.81232372202204
"gamma9",0.235238,0.038081,6.177356,0,"US_EPU NASDAQ",1.17671595277646
"beta9",0.83806,0.018981,44.152485,0,"US_EPU NASDAQ",2100.02091838435
"m9",-0.648895,0.431781,-1.502832,0.132882,"US_EPU NASDAQ",10688.68148
"theta9",0.008008,0.002728,2.934981,0.003336,"US_EPU NASDAQ",10725.719547
"w29",5.253258,6.535347,0.803822,0.4215,"US_EPU NASDAQ",-5338.34073977449
"alpha8",0.0001,0.01613,0.006204,0.99505,"St_Louis_Stress_Index NASDAQ",1.55706481609566
"gamma8",0.225132,0.035955,6.26145,0,"St_Louis_Stress_Index NASDAQ",1.18766822000212
"beta8",0.845545,0.018053,46.837448,0,"St_Louis_Stress_Index NASDAQ",2106.87537007704
"m8",0.555401,0.133907,4.147668,0.000034,"St_Louis_Stress_Index NASDAQ",10727.410237
"theta8",0.480336,0.244759,1.962487,0.049706,"St_Louis_Stress_Index NASDAQ",10764.448305
"w28",3.24813,0.852448,3.810357,0.000139,"St_Louis_Stress_Index NASDAQ",-5357.70511842328
"alpha7",0.0001,0.014371,0.006962,0.994445,"CFNAI NASDAQ",2.21409550469314
"gamma7",0.230192,0.032036,7.185438,0,"CFNAI NASDAQ",1.18374271084819
"beta7",0.844193,0.016239,51.985719,0,"CFNAI NASDAQ",2111.30641350065
"m7",0.405778,0.12336,3.28939,0.001004,"CFNAI NASDAQ",10713.406157
"theta7",-0.580725,0.209981,-2.765602,0.005682,"CFNAI NASDAQ",10750.444224
"w27",1.584885,0.387274,4.092407,0.000043,"CFNAI NASDAQ",-5350.7030782809
"alpha6",0.000105,0.014702,0.007175,0.994275,"BKK_Leading_Index NASDAQ",0.859838393717889
"gamma6",0.196751,0.041514,4.739445,0.000002,"BKK_Leading_Index NASDAQ",1.19022441592278
"beta6",0.867418,0.023986,36.163676,0,"BKK_Leading_Index NASDAQ",2099.84278277498
"m6",0.414535,0.124575,3.327581,0.000876,"BKK_Leading_Index NASDAQ",10736.15097
"theta6",-0.158081,0.111013,-1.423984,0.154451,"BKK_Leading_Index NASDAQ",10773.189038
"w26",1.070657,1.117619,0.957981,0.338073,"BKK_Leading_Index NASDAQ",-5362.075484997
"alpha5",0.0001,0.016001,0.006253,0.995011,"UMich NASDAQ",3.16398917026755
"gamma5",0.234768,0.033198,7.071804,0,"UMich NASDAQ",1.18338023653128
"beta5",0.834755,0.017438,47.870656,0,"UMich NASDAQ",2097.72898071845
"m5",0.467475,0.115458,4.048874,0.000051,"UMich NASDAQ",10711.449631
"theta5",-0.299032,0.102363,-2.921294,0.003486,"UMich NASDAQ",10748.487698
"w25",1.461101,0.18401,7.94034,0,"UMich NASDAQ",-5349.72481528805
"alpha4",0.0001,0.020322,0.004923,0.996072,"Credit NASDAQ",2.34736401459245
"gamma4",0.222835,0.044953,4.957093,0.000001,"Credit NASDAQ",1.18563618220582
"beta4",0.84365,0.027363,30.832174,0,"Credit NASDAQ",2091.70457088655
"m4",0.48955,0.131945,3.710256,0.000207,"Credit NASDAQ",10720.332916
"theta4",1.342704,0.492475,2.726441,0.006402,"Credit NASDAQ",10757.370984
"w24",5.347245,8.016255,0.66705,0.50474,"Credit NASDAQ",-5354.16645820124
"alpha3",0.0001,0.02057,0.004867,0.996116,"Risk NASDAQ",1.56031937674217
"gamma3",0.204688,0.040958,4.997498,0.000001,"Risk NASDAQ",1.18831906715283
"beta3",0.856351,0.027999,30.584693,0,"Risk NASDAQ",2092.97540284973
"m3",0.873082,0.194246,4.494712,0.000007,"Risk NASDAQ",10729.931307
"theta3",0.95232,0.296005,3.217242,0.001294,"Risk NASDAQ",10766.969374
"w23",4.51474,4.750642,0.950343,0.341938,"Risk NASDAQ",-5358.96565328124
"alpha2",0.0001,0.023044,0.004342,0.996536,"Leverage NASDAQ",3.28431598807081
"gamma2",0.214822,0.0421,5.102712,0,"Leverage NASDAQ",1.18385587464992
"beta2",0.846018,0.039834,21.238701,0,"Leverage NASDAQ",2084.71849984633
"m2",0.511555,0.152692,3.350244,0.000807,"Leverage NASDAQ",10713.375037
"theta2",0.867372,0.272896,3.1784,0.001481,"Leverage NASDAQ",10750.413105
"w22",3.986128,12.678143,0.314409,0.75321,"Leverage NASDAQ",-5350.68751858563
"alpha1",0.0001,0.028641,0.003493,0.997213,"Overall_NFCI NASDAQ",3.02206960223126
"gamma1",0.225532,0.04266,5.286702,0,"Overall_NFCI NASDAQ",1.18407936672147
"beta1",0.838422,0.019638,42.693893,0,"Overall_NFCI NASDAQ",2089.99694203598
"m1",1.079173,0.288002,3.747106,0.000179,"Overall_NFCI NASDAQ",10715.144705
"theta1",1.45561,0.597707,2.435323,0.014878,"Overall_NFCI NASDAQ",10752.182773
"w21",5.333088,1.562853,3.412405,0.000644,"Overall_NFCI NASDAQ",-5351.57235256911
