,Overall NFCI,Leverage,Risk,Credit,UMich,BKK Leading Index,CFNAI,St Louis Stress Index,China EPU,US EPU,Global GPR,China GPR,USA GPR,GER GPR,Saudi GPR,Global Sustainability Index,US Sustainability Index,GER Sustainability Index,China Sustainability Index,.CESICNY,.CESIEUR,.CESIGL
2008-01,0.4884275,1.8035475,0.4294425,0.6726125,78.4,-0.0899536671144616,-0.5,1.35625,82.04292545,144.98473,-13.467666625976562,-0.1406805217266082,-0.3079791069030759,-0.1506826877593994,-0.0091880112886428,0.0872169165015666,0.2597199193182611,-0.0353447788135741,0.5662813517424765,38.9,34.7,8.0
2008-02,0.61936,1.42257,0.49487,0.870688,70.8,0.1406575580347316,-1.15,1.2449,54.38575826,108.10469,-0.7483596801757812,-0.065813958644867,-0.0668162107467653,0.0168443769216536,-0.0827874094247818,-0.0496725592733021,-0.1379164760122443,-0.0062320008992665,-0.2188402198089541,38.5,29.5,1.0
2008-03,0.9586175,1.390245,0.8836075,1.0537375,69.5,0.3393369105066547,-1.14,2.10475,135.9465055,111.71236,-3.115325927734375,0.057648628950119,-0.1354672908782959,-0.0706027448177337,0.0355188474059104,-0.2670701227766355,-0.5915299136512044,-0.0362524662772999,-0.4711301688601125,-6.6,69.6,10.7
2008-04,0.750285,1.4427775,0.71876,0.879865,62.6,0.4599865808838127,-1.28,1.778625,91.60267924,102.1969,-5.731330871582031,-0.0491895973682404,-0.0039930343627927,-0.0093584954738616,-0.0230825245380402,0.0887644689835251,0.0515011431222707,-0.2188155989350214,1.1296719908217776,75.0,-18.8,1.5
2008-05,0.4700459999999999,1.584044,0.36349,0.69427,59.8,0.5631959618246065,-1.35,1.09378,67.59962873,94.28405,0.6689910888671875,0.1023584604263306,-0.015964984893799,0.0500517338514328,0.1285418346524239,0.0794640152834398,0.1120629476697696,0.6960828783708028,-0.2567949538025383,55.0,-27.1,-4.8
2008-06,0.5971525,1.78495,0.4459475,0.7776350000000001,56.4,0.7136146497203921,-1.28,1.3704,62.94436205,94.55676,14.974624633789062,-0.0250174999237061,0.2410597801208496,0.1530173420906067,-0.1001647934317589,0.0560429655426018,0.6966774534755538,0.1529220674394045,-0.2284207214834375,72.7,-93.9,-9.5
2008-07,0.7039150000000001,1.695345,0.541615,0.8709425,61.2,0.9441848200320696,-1.74,1.6225,126.0443442,109.78898,2.191146850585937,0.0805903375148773,0.1816354990005493,0.1132103502750396,-0.0383317545056342,-0.1008608169742391,-0.0964733772865508,-0.3053272197538446,0.0733121824655729,59.4,-155.2,-25.8
2008-08,0.681996,1.642936,0.564248,0.913796,63.0,1.3074360778651175,-2.27,1.59266,128.4167412,95.87075,-1.1854629516601562,-0.0787392854690551,-0.0823620557785034,-0.0820760726928711,-0.0026535317301751,-0.0165255659603692,-0.2606778374590065,-0.2663320079714737,0.0799067770801151,98.2,-162.0,-8.0
2008-09,1.4130725,2.3096975,1.4902,1.31664,70.3,1.5655605466871216,-3.47,3.0935750000000004,103.9330504,187.7403,-0.0115509033203125,0.0103200674057006,0.0787540674209594,-0.0351617336273193,-0.0145802572369575,0.0688541558658299,0.7437246826304365,-0.1798763694822597,0.3032833197161333,54.6,-135.0,-15.1
2008-10,2.508274,3.447926,2.5520240000000003,2.077772,57.6,1.923855775253922,-1.85,8.40354,150.5302522,189.91729,-24.38275909423828,-0.0341489315032959,-0.6532894372940063,-0.1633996814489364,0.0449021235108374,-0.023744253255452,-0.1844340345668064,0.5988092706781905,-0.5118351015886822,-19.9,-80.2,-43.1
2008-11,2.7581,4.191445,2.459275,2.6027375,55.3,2.118979146150973,-3.26,6.6377,126.0783957,148.84257,14.921173095703123,-0.0491743385791778,0.3795545101165771,0.0140146166086196,0.0617057010531426,0.034033654607978,-0.047837772113133,1.1293961757394777,0.8322785067499254,-78.8,-143.4,-74.2
2008-12,2.6546675,4.18239,2.175205,2.60537,60.1,1.8979686968523448,-3.85,6.016675,125.1415112,145.9947,13.28546142578125,-0.0098777115345001,0.1636360883712768,-0.077703632414341,-0.0249219238758087,-0.2036846245154336,-0.4072197634873671,-0.4499972518953316,-0.364426094273949,-131.8,-162.8,-98.4
2009-01,2.015284,3.816896,1.646808,2.078362,61.2,1.5440179266682768,-4.34,4.119059999999999,133.947781,171.94621,-6.996955871582031,-0.0420393943786621,-0.1582258939743039,0.0335450246930122,0.0802837163209915,0.0798834405382611,0.5461302618991917,0.2176460808267224,0.2211261945925451,-66.6,-95.6,-73.8
2009-02,1.824275,3.2560625,1.5228325,1.8578925,56.3,1.1839108071679028,-2.07,3.83255,102.8741879,187.11403,-17.91680145263672,0.0633247494697571,-0.182600259780884,0.0425886213779449,-0.1242960244417191,0.1519616013903382,0.2345876301942377,-0.0202691296235933,0.4017568990911857,-35.2,-92.4,-80.7
2009-03,1.8364325,2.45895,1.5890825,1.8662725,57.3,0.8850774077245501,-3.47,3.775425,116.0514077,166.90338,5.191947937011719,-0.0657843500375747,0.0544550418853759,-0.0385439246892929,-0.0032224580645561,0.2394408564982009,0.6867567856773935,0.0757784205300715,0.2018518617802864,-125.1,-81.5,-60.0
2009-04,1.4082475,1.682545,1.265665,1.5533549999999998,65.1,0.6170428290388148,-2.53,2.7803,81.10388061,131.85612,13.04387664794922,0.3392589837312698,0.3577350378036499,0.07839597761631,0.0143300443887711,0.0321536544591367,-0.1402305169048393,0.1801813587422329,-0.1238335656069375,-41.0,-22.3,-18.5
2009-05,0.930062,1.241996,0.861176,1.1111140000000002,68.7,0.1203812260293742,-2.24,1.74864,57.25819516,138.80585,3.9923629760742183,-0.190028965473175,0.0831656455993652,-0.1054471060633659,0.0210711210966109,-0.2738635309998416,-0.3651966648216287,-0.3805403585047098,-0.2466345827143236,-10.5,68.6,33.8
2009-06,0.7256625,1.09294,0.7033575000000001,0.86633,70.8,-0.4232854991406716,-1.72,1.3341500000000002,179.8466198,130.93348,-8.571273803710938,0.0142818391323089,-0.3188093900680542,0.1031753197312354,0.0054125860333442,0.1137040673051259,0.4728990867958169,0.1858235674520465,-0.415072947302108,90.5,78.1,47.5
2009-07,0.499062,0.8614520000000001,0.473664,0.701908,66.0,-0.7039228333776055,-0.27,0.96618,134.7848897,126.28215,2.3300323486328125,-0.0201219916343688,0.1659928560256958,-0.0766528695821761,-0.0247406661510467,-0.1683631993611192,-0.3168281846231099,0.0131692174711506,0.0069954017507136,43.0,48.7,34.9
2009-08,0.2309874999999999,0.57534,0.2060225,0.5065999999999999,65.7,-0.9630902957749132,-0.65,0.5902499999999999,121.9350516,152.55009,-10.067741394042969,-0.009607821702957,-0.2331805229187011,-0.0091498047113419,-0.0553287230432033,0.1072429966260404,-0.1605541551384998,0.0081300863329765,2.626487451933275,2.3,84.3,54.5
2009-09,0.094235,0.41622,0.07106,0.3925725,73.5,-1.1877666013994186,-0.55,0.292675,190.3161026,145.44437,19.46810913085937,0.2344691753387451,0.5116391181945801,0.4937223941087724,0.0546239502727985,-0.0517703171967187,0.0455296455749358,-0.2186764831039026,-0.6182604871306019,-18.8,61.3,34.7
2009-10,0.01042,0.366202,-0.00226,0.318954,70.6,-1.3670315787866922,-0.81,0.26378,121.2544527,138.13055,-2.263587951660156,-0.1878786385059357,-0.099067211151123,-0.3772945404052734,-0.0168515369296074,0.1298923737742443,0.4319847925879752,0.0944976992752606,0.3273121249049915,14.6,43.2,25.1
2009-11,-0.04687,0.3933125,-0.0568825,0.25235,67.4,-1.5144571931410906,-0.15,0.158575,123.0599435,116.16231,-8.474639892578125,-0.0531369149684906,-0.366844892501831,-0.0161278545856476,0.0401972606778145,-0.0459153680903288,0.0764416410781281,-0.3984898332224013,-0.1551015473958963,32.6,25.3,12.4
2009-12,-0.127175,0.41066,-0.07255,0.1124749999999999,72.5,-1.5819696925027174,-0.34,-0.11085,103.5806473,121.22101,10.84515380859375,-0.0074959397315979,0.47027587890625,-0.0110639482736588,0.0228388383984566,0.5386135017723463,0.2556039283987301,1.4117244215650735,1.280157124003638,-0.7,-15.5,16.9
2010-01,-0.211776,0.372676,-0.094472,-0.001128,74.4,-1.5034425478960567,0.04,-0.22482,119.1620388,149.35928,-1.3658905029296875,-7.68899917601984e-05,-0.1530156135559082,-0.0293388813734054,0.069603070616722,-0.3395173663423344,-0.3705989981338001,-0.5875008986168151,0.0368091223717015,14.2,10.3,25.7
2010-02,-0.23286,0.2397574999999999,-0.176175,0.02639,73.6,-1.4693908249197571,-0.39,-0.1257,106.0494584,132.79865,-10.855667114257812,0.143737256526947,-0.2459530830383298,0.0698521137237549,-0.0869907438755036,0.4296306051667111,1.512596358207528,0.554819186850825,-0.547908541335359,-8.4,-45.0,20.3
2010-03,-0.3890725,0.0740125,-0.3278824999999999,-0.0753475,73.6,-1.412625041366706,0.49,-0.44115,143.9223773,137.47003,-6.608413696289063,-0.1330087780952454,-0.1465293169021608,-0.0689424276351929,-0.0154338404536246,-0.2409943263414058,-0.4605294544259487,-0.4474100505604993,0.5304447049782728,24.8,7.7,26.1
2010-04,-0.458872,0.00512,-0.35328,-0.144422,72.2,-1.4197049160370327,0.34,-0.403,95.04216108,137.0774,14.644638061523438,0.1856266856193543,0.3087644577026369,0.0772099792957305,-0.0301388949155806,0.0921887990523422,0.0489748293958678,0.3719611103320677,0.3166796762507111,17.8,64.2,31.3
2010-05,-0.1796575,0.067185,-0.06851,0.0463225,73.6,-1.4574540092883022,0.1,0.658275,106.9251537,151.10342,0.1971282958984375,0.0859295725822448,0.0617634057998655,-0.0010973513126372,2.671778202049946e-05,-0.0463413072357828,-0.0953105759775322,0.3354034768371516,-0.0339492970420129,24.0,130.2,50.8
2010-06,-0.06743,0.0834425,0.05101,0.14473,76.0,-1.5527432765822609,-0.54,0.68665,138.4905103,140.56916,7.494987487792969,-0.2767701447010041,0.0854487419128418,-0.0149650871753693,-0.0062095150351524,0.1113365857380752,0.2921034236386366,-0.1895783345777928,0.215637595826609,57.1,79.5,28.9
2010-07,-0.216924,0.02926,-0.125882,0.065558,67.8,-1.558937369362188,0.2,0.4774,127.5013123,180.01446,-17.07231903076172,-0.15346822142601,-0.4942077398300171,-0.0223645269870757,0.0122435167431831,-0.1162547356421197,-0.2904032752101865,-0.2434868095435166,0.0900726887272604,36.0,89.8,25.7
2010-08,-0.3021675,-0.01511,-0.2524875,0.02162,68.9,-1.4939920311690262,-0.53,0.34975,95.15978271,147.30909,1.61248779296875,0.1086136102676391,0.1061199903488159,-0.047896385192871,0.0322287827730179,0.2869606790506755,0.6622848517459334,0.1456527517964496,-0.0371435897036409,8.2,117.2,13.5
2010-09,-0.3287525,-0.03265,-0.27994,-0.0080125,68.2,-1.599798024549527,-0.31,0.075625,82.11461538,182.14672,-9.8253173828125,0.0109378099441528,-0.1836010217666626,0.0197464525699615,-0.0533349812030791,-0.2207491676651013,-0.4483076223785665,-0.3477206624394564,0.0732725636747022,7.5,88.1,24.7
2010-10,-0.431612,0.009778,-0.334382,-0.137098,67.7,-1.7915381429487562,-0.36,-0.10378,97.89968256,163.42489,-5.176612854003906,-0.054835706949234,-0.1137839555740356,0.1377522647380828,0.0647016689181328,0.1398356763489574,0.4162564850045258,0.8000697643846368,0.0110662167077568,11.6,59.1,19.7
2010-11,-0.468165,0.09281,-0.303955,-0.247325,71.6,-1.9722302864482404,-0.2,-0.114425,93.28746339,179.13559,28.713233947753903,0.3985534012317657,0.599921464920044,0.042591392993927,0.1060694009065627,-0.3119131840202898,-0.4904033468553068,-0.367228698972995,-0.4892204706468014,2.1,52.1,22.2
2010-12,-0.490172,0.102342,-0.28697,-0.312522,74.5,-2.115088802501735,0.45,-0.22626,125.7659377,165.40785,2.498725891113281,-0.1525970697402954,0.081411600112915,-0.0328288376331329,-0.1205138713121413,-0.0552114502364886,-0.2878378824692229,0.5901441583343363,-0.3191750401443657,42.5,68.1,23.0
2011-01,-0.5722025,0.0236575,-0.35969,-0.3773975,74.2,-2.263417375751231,0.17,-0.33085,155.0462553,142.17046,-17.78227996826172,-0.0617018043994904,-0.5871156454086306,-0.0979568064212799,-0.0555287636816501,0.5289921848629464,1.5515164663396948,-0.0153986648556792,0.7523697281195487,35.8,66.5,27.9
2011-02,-0.597465,-0.0349225,-0.3757825,-0.385235,77.5,-2.240066671967356,-0.23,-0.336825,59.00743678,145.5089,10.592872619628906,-0.068612664937973,0.2747309207916262,0.0524003505706787,0.2246885485947131,0.0028836393367732,0.1618443300805392,0.3589419150302755,-0.3323775421793592,71.2,6.0,29.8
2011-03,-0.545445,-0.03273,-0.348545,-0.33699,67.5,-2.049145078026281,0.32,-0.2064,120.7701324,174.35437,46.873817443847656,0.1306236982345581,1.135448336601257,0.2195882499217987,0.1995423734188079,-0.0424174171193593,-0.0692515287035554,-0.3405001720911289,0.2015358335574346,-47.6,0.6,21.0
2011-04,-0.582564,0.010592,-0.406558,-0.347904,69.8,-1.8642568542517093,-0.45,-0.4379799999999999,135.1717412,157.49588,-45.87053680419922,-0.2606841623783111,-1.0201681852340698,-0.28572978079319,-0.3140346854925155,-0.1056646402264781,-0.418849058600454,0.0511009751477451,-0.1568202090758519,15.7,-8.9,11.2
2011-05,-0.57798,0.0354525,-0.4135324999999999,-0.3367625,74.3,-1.6782040332872543,-0.37,-0.344875,74.12288335,126.19207,14.3271484375,-0.0612696260213851,0.3779119253158569,-0.0076617598533629,0.0460457652807236,-0.0003535355066649,-0.0319920501669517,0.0711154008686802,-0.0191021227156349,-12.9,14.7,-16.1
2011-06,-0.514025,0.0668499999999999,-0.343715,-0.2977825,71.5,-1.5788963084638648,-0.46,-0.1758,102.6547133,158.08862,-20.95307159423828,0.1565862447023391,-0.4989817142486574,0.0236060470342636,0.0018506348133086,0.0138139514138591,0.05192445551528,0.1231092769769712,0.0864995309402554,27.3,-9.3,-36.1
2011-07,-0.4512539999999999,0.25305,-0.257218,-0.253604,63.7,-1.4453481827941077,-0.06,-0.2907,99.84159509,197.91636,-5.467086791992188,-0.094488501548767,-0.2259125709533689,-0.0859407633543015,-0.1274548918008804,0.0148226860333668,-0.0205242999249344,0.126062987079002,0.0256503313708473,29.6,-3.0,-34.3
2011-08,-0.1739975,0.5599925,-0.03025,-0.034115,55.8,-1.311113831136006,-0.43,0.733025,140.2647613,245.12671,8.026809692382812,0.0305973887443541,0.1341534852981567,0.0627661645412445,0.0914271026849747,-0.0563879728651521,-0.3697702396999842,0.1413661074293792,-0.1327158822200038,28.7,-103.3,-34.7
2011-09,0.013674,0.710932,0.1449659999999999,0.131998,59.5,-1.1026315990775852,-0.22,0.8538600000000001,142.514988,204.62979,-3.6011199951171875,-0.0192316472530365,-0.0678761005401611,-0.051410898566246,-0.0131554454565049,-0.0004357831721193,-0.0699213033738409,-0.1569631256219235,0.0445362484198499,17.2,-81.4,-22.5
2011-10,-0.00941,0.64451,0.15776,0.1082175,60.8,-0.8464674438572016,-0.13,0.6762,157.7215381,159.73957,-7.010513305664063,0.0917165875434876,-0.1023943424224853,-0.0406731367111205,0.1456121653318406,0.1401870247610201,1.4250927778551787,0.0111297182207088,-0.0180632502109792,-2.9,-50.1,-1.7
2011-11,-0.0155575,0.4986375,0.17797,0.09663,63.7,-0.6798219982872968,-0.37,0.946125,161.8502214,166.33902,6.817741394042969,0.2183858454227447,0.2052243947982788,0.1228704750537872,-0.0100713372230529,0.0059932563368585,-0.0413555934781026,-0.0452618332400961,-0.0712008192206407,-18.6,-22.2,18.3
2011-12,-0.021862,0.347118,0.160704,0.097746,69.9,-0.5359511591984862,0.17,0.6765000000000001,159.6143965,189.39836,2.1836471557617188,-0.039143681526184,0.0933533906936643,0.0184014439582824,-0.0663787573575974,-0.1123958350985927,-0.4197232723451577,0.2096525532449911,-0.017778357456508,-19.8,-8.8,12.5
2012-01,-0.203125,0.1807625,-0.0207325,-0.0277475,75.0,-0.4207160204596874,0.22,0.439575,120.4490894,178.28653,-5.706352233886719,0.0094227194786071,-0.0576257705688476,-0.0400869995355605,0.0427013486623764,0.0522776005454204,0.1567339514854644,-0.10261665056569,0.3115806123969669,22.5,13.2,23.1
2012-02,-0.3501174999999999,0.066,-0.1891375,-0.1229075,75.3,-0.3569204285104507,-0.09,0.141,139.152505,149.63708,12.81085205078125,0.25797039270401,0.1325764656066901,0.0481065958738326,0.068091481924057,-0.0325058879103401,-0.368215315235696,-0.1070243334310271,0.7360279482836467,37.3,25.1,26.2
2012-03,-0.399664,0.033824,-0.257026,-0.1571239999999999,76.2,-0.3918117323388268,-0.29,-0.03112,136.7797916,137.55312,-3.685844421386719,-0.1947106719017028,0.0022685527801509,-0.1174032688140868,-0.1297045648097992,0.0339959188561229,0.2069963909739587,0.1076213461654136,-0.151058491730555,-36.6,13.9,10.7
2012-04,-0.37264,0.05594,-0.2311325,-0.131425,76.4,-0.3640808581562032,0.11,0.072925,126.3162952,136.59669,7.256706237792969,0.1764261126518249,0.0549949407577514,0.180794358253479,-0.0158101767301558,0.0369786742139754,0.0704411647522027,0.3073270814627347,-0.0847143097319683,-27.0,-9.3,-8.9
2012-05,-0.2739575,0.0966875,-0.1655825,-0.0172324999999999,79.3,-0.3030388645562253,-0.45,0.189375,133.1500448,158.56198,-17.84552764892578,-0.3201157450675964,-0.3397489786148071,-0.0676512122154236,-0.0134207159280776,0.0436597441650326,0.280495050302439,0.0333885116083298,0.0221873810921371,-72.6,-56.5,-36.1
2012-06,-0.208374,0.11933,-0.1446299999999999,0.064386,73.2,-0.3163898223914178,-0.15,0.22964,139.038172,194.61057,-0.348724365234375,-0.0016823709011077,-0.1369259357452392,-0.015946626663208,0.0516711920499801,0.0761535339803654,0.5449800212821396,0.1931838628028366,-0.2298845813895708,-51.6,-89.1,-45.2
2012-07,-0.301445,0.0737475,-0.2488075,0.0134325,72.3,-0.3083687680366312,-0.13,0.040075,120.4032902,184.8797,4.985588073730469,0.0102356672286987,0.2093820571899414,-0.0497274994850158,-0.0313542038202286,0.0852753029972193,0.1673120113919863,0.1072357314905774,0.1642256742226855,-20.8,-71.7,-31.7
2012-08,-0.389362,0.034442,-0.349502,-0.05906,74.3,-0.4218690904046058,-0.87,-0.1488799999999999,78.76684521,152.35347,-7.929664611816406,-0.1863540410995483,0.0394895076751709,-0.0626556277275085,0.1095842123031616,-0.0696358338087109,-0.1662078094102608,0.0079062918605941,-0.1235149931131373,-23.0,-30.7,-16.5
2012-09,-0.4706275,0.0076675,-0.43647,-0.126775,78.3,-0.3831778325356919,0.0,-0.3718,120.4692178,175.27705,-5.597846984863281,0.0637977123260498,-0.1690981388092041,0.026221439242363,-0.1784447580575942,-0.0708469287476309,-0.3176588965648999,-0.1516429865741235,0.1269589459551967,-36.6,-6.9,-12.7
2012-10,-0.5194575,-0.0575549999999999,-0.4976199999999999,-0.147245,82.6,-0.4257379291247138,-0.56,-0.47985,113.1046342,165.94452,12.383155822753906,-0.0245483219623565,-0.0054157972335813,0.0538446307182312,0.0454854816198349,-0.1015431263914933,-0.2213431007480384,0.045005278855241,-0.192477817842972,0.7,-19.2,5.3
2012-11,-0.5222140000000001,-0.175678,-0.526886,-0.120188,82.7,-0.4605681471398655,0.1,-0.38948,122.3191181,187.49064,-0.2740249633789062,-0.0367915034294129,0.0051671266555783,-0.0420523136854172,-0.0216487199068069,0.0892885943332362,0.5944486311520687,-0.0607379759737078,-0.0119897756672032,30.8,-16.3,8.4
2012-12,-0.5616875,-0.307725,-0.5334825,-0.1625075,72.9,-0.4645944575648623,0.02,-0.526925,142.077437,192.82518,-6.558082580566406,0.0016238093376159,-0.0033943653106689,0.0420566499233246,-0.0696873590350151,-0.058083123023147,-0.1808105272423283,-0.0003911691186737,-0.1090273400791854,9.8,-7.1,8.4
2013-01,-0.6148225,-0.393465,-0.5527625,-0.223575,73.8,-0.5006103377358017,-0.32,-0.6536,130.1575789,157.5333,15.825935363769531,0.0344995856285095,0.1928067207336425,0.0197829008102417,-0.0090096741914749,0.0029364511628617,0.1212995724495749,0.005009312679407,-0.0486408308628175,12.9,61.6,-0.1
2013-02,-0.63143,-0.4114375,-0.5633975,-0.2495575,77.6,-0.371383040359297,0.44,-0.6154999999999999,84.2713502,114.65412,-9.067161560058594,0.1244869530200958,0.0816190242767334,0.0670691132545471,0.0461315289139748,-0.047708182954796,-0.1590107942839468,-0.0747670091957702,0.0674403612651743,24.0,67.8,2.1
2013-03,-0.64427,-0.400524,-0.561674,-0.276412,78.6,-0.2688057568505629,-0.23,-0.66676,90.5134379,124.94082,-5.693611145019531,-0.0544404983520507,-0.1976251602172851,-0.1325883865356445,0.053728237748146,-0.0007276574921266,-0.0271067010261132,0.0879942658684409,-0.0548909746559841,34.2,-8.3,-8.6
2013-04,-0.67781,-0.3962799999999999,-0.5653825,-0.3343725,76.4,-0.1757364072598529,-0.53,-0.628575,119.6711113,118.71049,19.211151123046875,0.2363306581974029,0.5782483816146846,0.0370837897062301,-0.0381844937801361,-0.1018923035337034,-0.3968093606463092,-0.0657884455511567,-0.0500410738774891,-27.6,-79.3,-35.0
2013-05,-0.703464,-0.3227,-0.5566139999999999,-0.379316,84.5,-0.1459179359204407,-0.3,-0.60834,71.52192778,104.30455,-11.39055633544922,-0.3734589219093323,-0.4521716833114619,-0.0372861623764038,-0.0198659300804137,-0.0138683515962926,0.0509135172030721,-0.1037505613746978,0.194360952590304,-40.2,-63.0,-32.6
2013-06,-0.61534,-0.2443075,-0.4783125,-0.33174,84.1,-0.1414194131182304,-0.13,-0.100225,102.7161109,114.61614,-0.7443084716796875,0.1405898034572601,0.0968024730682373,0.1286329180002213,0.0679971277713775,-0.0586272828089572,-0.0633006612875217,-0.0502088011230282,-0.1725681153930564,-53.0,2.7,-8.6
2013-07,-0.6165275,-0.3100175,-0.4682175,-0.3171049999999999,85.1,-0.2362641930315115,-0.15,-0.386825,76.2399961,94.03991,-8.9971923828125,-0.1477361917495728,-0.4312105178833008,-0.1231694221496582,-0.0761361345648766,0.0721459106143598,0.5450063819186022,0.0943482890727829,0.1257113145101651,-37.1,33.4,3.3
2013-08,-0.649092,-0.381302,-0.50369,-0.32674,82.1,-0.2647569365536745,0.14,-0.32646,100.9112249,102.77067,16.980934143066406,0.0046226680278778,0.6251460313796997,0.0866887271404265,0.1614047214388848,0.0442964950252811,-0.0192428774465144,0.0865109074736423,0.2297287290810421,17.3,55.8,13.1
2013-09,-0.649,-0.3221925,-0.52172,-0.3338675,77.5,-0.3101642998991507,0.14,-0.365675,100.9327663,144.40178,9.502578735351562,0.0977633595466613,0.3042685985565185,0.0516723990440369,-0.06379634141922,0.0693842963824944,0.0316573959319987,0.0898676394685344,0.0609249747893749,44.7,47.0,22.3
2013-10,-0.696625,-0.2554524999999999,-0.5811325,-0.369415,73.2,-0.4279702734853591,-0.18,-0.46855,153.1258459,171.02225,-27.50621032714844,-0.0294535756111145,-0.796750545501709,-0.0203683674335479,-0.0493608117103577,0.095351824368965,0.4950140922982637,0.0064929246962377,0.0194680196561682,16.0,-3.1,-3.3
2013-11,-0.75998,-0.224462,-0.656522,-0.41843,75.1,-0.4392092098544864,0.6,-0.5871000000000001,120.5846365,89.90614,4.825904846191406,0.1599291861057282,0.1911826133728027,0.1664811670780182,0.2163023948669434,-0.1058342916536323,-0.3844870136836955,0.0193999308747447,0.0220181935425918,-5.8,-0.7,-4.0
2013-12,-0.7773625,-0.1911225,-0.671835,-0.4483975,82.5,-0.4661626776878421,0.16,-0.572425,124.1559747,104.60212,-7.406532287597656,-0.1418703496456146,-0.1252695322036743,-0.2432912290096283,-0.223925769329071,0.0082288744138265,0.0304723619880022,-0.0281326865999332,-0.0717428600393064,12.5,6.4,14.4
2014-01,-0.765996,-0.187834,-0.6648400000000001,-0.43102,81.2,-0.4987984014926815,-0.39,-0.5616399999999999,103.5485547,93.50074,7.543479919433594,-0.0830938816070556,0.0648058652877807,0.0570420026779175,0.0222386121749877,0.057685761863919,0.1712102596509395,0.006151827865273,0.0555990351182069,0.5,18.3,22.9
2014-02,-0.764025,-0.217635,-0.6792525,-0.4120725,81.6,-0.4280176016102631,0.14,-0.594375,70.57914407,88.98535,-8.912445068359375,0.0195425152778624,-0.2409517765045166,0.1494394540786743,-0.0643212646245956,0.021744947692917,0.2245848822304872,0.0139037168056677,-0.147282935464082,13.8,8.8,2.6
2014-03,-0.77769,-0.26966,-0.708495,-0.3986475,80.0,-0.2337148383018391,0.2,-0.631525,99.97414417,93.46759,50.83502960205078,0.3120280504226685,1.245567798614502,0.5380995869636537,0.0471598207950592,-0.0146540378141132,-0.0032553323920487,-0.0101203127826581,-0.1451800149878083,-111.0,-2.8,-13.6
2014-04,-0.771705,-0.31862,-0.7212175,-0.3718424999999999,84.1,-0.0841984166797971,-0.32,-0.6419250000000001,129.5463889,91.11802,-26.61701202392578,-0.1805937588214874,-0.5915241241455078,-0.4733675718307496,-0.0964555442333221,0.011889102540654,-0.0198654505198913,0.0068126591336403,0.0436423808262516,-125.3,-11.3,-25.8
2014-05,-0.77651,-0.333864,-0.7364040000000001,-0.370056,81.9,0.0834586482439707,0.21,-0.71994,77.43149688,90.39225,-9.792686462402344,0.0293972492218017,-0.3074252605438232,-0.0046826601028442,0.0230870619416236,0.0014051872391871,0.0204828215738011,0.0053615686563621,0.0081192924944173,-85.5,-28.5,-14.2
2014-06,-0.798055,-0.3052475,-0.753795,-0.3880475,82.5,0.2772123336894103,0.12,-0.8175749999999999,105.8055156,81.00762,15.338249206542969,-0.2332339286804199,0.3271543979644775,-0.0915939807891846,0.2033568397164345,-0.0084893746548422,0.0066127092425305,-0.0262578705570796,0.0176209218750069,2.0,-29.7,-13.0
2014-07,-0.7715075,-0.24999,-0.73138,-0.3747074999999999,81.8,0.4115331766778897,0.39,-0.732,94.60066506,76.64489,39.986846923828125,0.346680074930191,0.7887334823608398,0.4583133459091187,-0.1679880023002624,0.020811891949511,0.1410912263693171,-0.009867785926105,-0.0006485248659441,30.7,-21.9,-13.3
2014-08,-0.73516,-0.242342,-0.6953419999999999,-0.345292,82.5,0.5412045447451127,-0.21,-0.62478,77.59931977,71.26214,-2.3083648681640625,-0.1715089380741119,-0.1210153102874755,-0.0677968263626098,0.0691839605569838,-0.0665987219504627,-0.1141501569667339,-0.2993833980621001,0.0928243439565659,3.9,-45.1,-10.7
2014-09,-0.7022075,-0.2648375,-0.6659125,-0.2925125,84.6,0.6297190479585225,0.47,-0.5254,107.9098285,84.33692,-4.888931274414063,0.0483160614967345,0.1089115142822265,-0.200785219669342,0.3352531045675278,0.0072786956128323,0.0549844013299003,-0.0073974650785898,-0.0392793219889865,-37.2,-43.0,-15.3
2014-10,-0.635718,-0.204012,-0.619194,-0.24799,86.9,0.7248782507226371,0.14,-0.2981,99.81389864,100.20666,-47.895652770996094,-0.2098448872566223,-1.134501576423645,-0.2297363579273224,-0.3779975920915604,0.0089024746338246,-0.0312948642212844,0.0913352425196079,0.0487679787134782,-19.8,-32.4,-11.1
2014-11,-0.6565,-0.16437,-0.64766,-0.239915,88.8,0.7710640311022294,0.73,-0.416925,120.1338512,88.56003,0.7190475463867188,0.1384767591953278,-0.0093656778335573,0.025968700647354,0.0654195696115493,-0.0243691514240116,-0.1754849023786225,0.0093460110772742,-0.0012555636948478,-10.6,-21.5,-4.1
2014-12,-0.6004625,-0.1311749999999999,-0.62356,-0.1747475,93.6,0.7792212394314241,-0.05,-0.1992,58.89923617,85.1875,2.1461715698242188,-0.1216420531272888,0.0142538547515871,-0.1410987675189972,-0.0209964513778685,0.0493870249526096,0.24627669753572,0.0947195391295772,-0.0214274950852388,-0.2,10.2,4.8
2015-01,-0.512416,-0.094236,-0.55613,-0.091686,98.1,0.7641133480721933,0.13,0.0116,98.03493372,117.16063,25.45947265625,0.0364227890968322,0.3258252143859863,0.3041305243968964,0.0593593120574951,-0.0230658508789216,-0.0275910884469934,-0.0581686727576726,-0.1200521158137403,13.0,10.0,-1.0
2015-02,-0.5066675,-0.1247149999999999,-0.5435,-0.07665,95.4,0.6936693145097188,-0.11,-0.250075,95.11193973,100.31974,-0.0609970092773437,0.0348649919033051,0.3150002956390381,0.2966712713241577,-0.054409608244896,0.0306322166056198,0.0656935495208395,-0.2920278212661259,0.1100526950803795,-1.5,51.0,-5.2
2015-03,-0.52746,-0.1466825,-0.571275,-0.087995,93.0,0.6410827872508582,-0.42,-0.20215,116.265651,105.21813,-7.689430236816406,0.0757091343402862,0.0787477493286132,-0.2359619140625,0.3261126130819322,-0.0199741024523084,-0.1072374480197507,-0.0519468357754482,-0.0653957863882254,26.2,58.4,-6.1
2015-04,-0.537675,-0.1221199999999999,-0.5887249999999999,-0.0953374999999999,95.9,0.6415869877370699,-0.15,-0.344425,63.93907057,109.64379,-2.0447769165039205,0.1020815372467041,-0.0560247898101806,-0.1669819355010986,0.1700740456581115,0.0085702877123254,-0.014670612728991,0.049127797977573,0.008970054561836,-69.1,11.9,-17.8
2015-05,-0.531606,-0.07596,-0.57692,-0.104826,90.7,0.6560885756488787,-0.17,-0.3177999999999999,68.25076576,101.01894,-25.928161621093736,-0.2066262066364288,-0.7727144956588745,-0.2068697810173035,-0.2012060284614563,0.039711355834187,0.1629389187984415,-0.0286793133527011,0.0213647936544241,-106.1,-13.9,-20.8
2015-06,-0.5259175,-0.0801875,-0.5684175,-0.099675,96.1,0.6702176691535008,0.08,-0.243675,95.53624936,108.95279,9.643638610839844,0.0254468321800231,0.2423017024993896,0.1981171071529389,-0.1884388327598572,0.0645404894238685,0.2081102731980117,0.0150165920652678,-0.0826905186869508,-93.7,-5.0,-12.0
2015-07,-0.5069480000000001,-0.076164,-0.5725439999999999,-0.055954,93.1,0.6570941326966676,0.34,-0.1343,133.6395202,98.91843,20.90269470214844,0.4068469107151031,0.544899582862854,0.1557144224643707,0.1384396255016327,-0.0339226778752246,-0.1279302728642516,0.1635069963649147,-0.0171111921184726,-24.8,7.1,-2.6
2015-08,-0.43939,0.02806,-0.5425475,0.0195275,91.9,0.6886133641448371,-0.41,0.137625,60.20590772,129.69532,-24.33013153076172,-0.2843676507472992,-0.5933758020401001,-0.3092251121997833,-0.2806006520986557,-0.0412174534532328,-0.0523804967032932,-0.1487283709072334,0.0406877496407196,-47.2,16.2,-1.6
2015-09,-0.390775,0.10219,-0.5163725,0.0595475,87.2,0.6766611727893567,-0.37,0.242975,96.43061547,138.72169,16.288925170898438,-0.0253273844718933,0.4268742799758911,0.2294998466968536,0.226223424077034,-0.0101060760865367,0.001737468776038,-0.0459688547271602,-0.0417239816810783,-49.8,33.0,-9.6
2015-10,-0.4451319999999999,0.0316459999999999,-0.591944,0.052894,90.0,0.7254020504067302,-0.04,0.16394,87.33976499,102.89402,-6.8355712890625,-0.1418701708316803,-0.2484924793243408,-0.1776328086853027,-0.0511849224567413,0.0319660520614339,0.0319448142623139,0.0936844135736325,0.0642787073804518,-32.5,32.7,-0.8
2015-11,-0.4707425,-0.0629375,-0.6478175,0.0756425,91.3,0.686943599115547,-0.3,0.023725,96.07801009,92.10044,58.78399658203125,0.2128454744815827,1.1292920112609863,0.372732400894165,-0.0159066617488861,-0.1061435795124758,-0.2226800872038391,-0.1519939165583651,-0.0578143917471212,-9.1,23.1,2.3
2015-12,-0.39558,-0.0590399999999999,-0.5962825,0.1522075,92.6,0.7336498973068217,-0.22,0.34805,94.53806507,99.34261,-2.47900390625,-0.0213407278060913,0.1804502010345459,-0.1853604316711425,0.0991297960281372,0.0089286358109086,0.062808734640438,0.0031397277271845,0.053999148459878,2.3,15.4,0.4
2016-01,-0.318032,0.0079599999999999,-0.545186,0.241916,92.0,0.6631166771597083,0.28,0.65334,127.4782714,119.01519,-30.025733947753903,0.2279731333255767,-0.8419845104217529,-0.0587184727191925,0.0726592540740966,0.1187816635255827,0.2406062222306995,0.0631438630146741,0.0576166591556226,-10.4,-25.1,-20.1
2016-02,-0.295055,0.0673025,-0.5469725,0.26522,91.7,0.5351753073996556,-0.29,0.7444,108.0552358,114.62456,-14.46149444580078,-0.1961465477943421,-0.2615988254547119,0.183152049779892,-0.0797713696956634,-0.0112576298227344,-0.040273167606604,0.4330102153303099,-0.0781150134831619,-22.6,-71.1,-22.5
2016-03,-0.360745,0.0595225,-0.579515,0.1919175,91.0,0.4550482751029522,-0.44,0.184725,155.2279389,104.19081,5.970642089843764,0.0124501585960388,0.2031443119049072,-0.185227632522583,-0.185394823551178,-0.0711825516093098,-0.096044142832813,-0.0585298386568235,-0.1226576816361257,-47.0,-22.3,-9.2
2016-04,-0.383868,-0.0386079999999999,-0.572822,0.14979,89.0,0.4636575115270261,0.1,0.15028,165.2380053,84.25134,-24.498840332031264,-0.1490164399147033,-0.4365987777709961,-0.16857248544693,0.0434592962265014,0.0145344179444659,0.0268181372606672,0.1347182963719104,0.0496695916508884,15.6,-13.0,-0.8
2016-05,-0.38345,-0.1410874999999999,-0.5548325,0.1588824999999999,94.7,0.3962433400381988,-0.51,0.1089,117.5464314,82.04127,3.1109695434570312,0.0836196541786193,-0.0912988185882566,0.0938667058944702,-0.0330259948968888,-0.050502476158744,-0.0934274946450802,-0.0183626161899965,-0.0066435562114094,3.2,4.8,3.8
2016-06,-0.3564575,-0.09478,-0.533925,0.174085,93.5,0.3525934488339269,0.16,0.2547999999999999,131.4570154,162.62912,1.8357086181640625,-0.1440517008304596,-0.1463903188705446,-0.0418903827667236,-0.0759077668190001,-0.0097544715523503,-0.0070971066497597,-0.0573953858969231,-0.1319864805434739,-36.5,5.0,-2.7
2016-07,-0.33846,-0.010904,-0.505502,0.165084,90.0,0.275182246983722,0.27,0.1846,112.3994755,121.96465,24.44232177734375,0.076064795255661,0.6856716871261592,0.2895240187644959,0.0216083228588103,0.2448113429720111,0.3848565653783204,-0.0063128360284001,0.0255511088881321,-30.9,28.3,12.8
2016-08,-0.3453825,-0.0222925,-0.46424,0.1316825,89.8,0.1290225862566733,-0.55,0.2392999999999999,116.325771,91.8289,-15.871963500976562,-0.0887012183666229,-0.3102517127990722,-0.3019455373287201,0.0100473910570144,-0.1016278862175983,-0.3168315013784967,0.2012662500640278,-0.0294313613582047,-13.9,-3.1,2.7
2016-09,-0.31747,-0.08591,-0.43884,0.155582,91.2,0.007547151593501,-0.14,0.3247799999999999,147.5645526,79.80896,5.806739807128892,0.2953597009181977,0.4613204002380375,-0.0740567147731781,0.1210744678974151,-0.009460729780905,0.0425552623037988,-0.0088758535763271,0.0027026081635084,21.1,2.6,-2.6
2016-10,-0.340715,-0.210035,-0.458515,0.152995,87.2,-0.1200696593783396,-0.08,0.131975,106.809263,92.51785,-18.7974395751953,-0.3197516202926636,-0.6137694120407104,0.0762510597705841,-0.0330609381198883,-0.0055421605427142,-0.0016111658330909,-0.005734828258764,0.0207048176572446,-17.8,40.8,3.1
2016-11,-0.3896874999999999,-0.3418125,-0.490075,0.111415,93.8,-0.2398105956131357,-0.27,0.0606499999999999,133.0970927,169.37782,-2.8290328979492188,0.2118549346923828,-0.0797936916351318,0.0617520213127135,-0.1408744305372238,0.2090976654787697,0.6241406702398888,0.0713791433017494,0.0275701321262158,5.5,56.9,17.1
2016-12,-0.430226,-0.416348,-0.4969039999999999,0.0523519999999999,98.2,-0.2875612027665629,0.14,-0.13074,130.5673617,115.15205,19.261711120605483,0.1081477999687194,0.3793960809707637,0.2767916023731232,0.0767204016447067,0.0992540290940449,0.2357536143637879,-0.0256572834537217,-0.0286092029844353,28.6,53.1,27.0
2017-01,-0.4580725,-0.428815,-0.491655,0.0008624999999999,98.5,-0.4498016564890996,-0.05,-0.1341999999999999,306.037496,134.86953,3.020767211914034,0.0581869482994079,0.2756869792938237,-0.2311922907829285,0.0531349182128907,0.079670062586832,0.2132242777267363,0.065272516446889,0.0502239467817506,29.2,55.3,37.0
2017-02,-0.4703225,-0.4259175,-0.4868475,-0.0247399999999999,96.3,-0.4685248007915313,0.34,-0.216525,176.3995805,133.33148,9.005126953125,0.0782117247581482,0.4505271911621094,0.1664805412292481,-0.0032049119472504,0.0111677490695425,-0.026511944049678,0.0724953846905089,0.0190150801974637,16.6,71.1,43.8
2017-03,-0.4649739999999999,-0.412744,-0.49723,-0.009514,96.9,-0.4197888658280986,0.08,-0.37912,349.0531329,119.77617,-17.570480346679673,-0.0917584896087646,-0.8796422481536865,-0.2906482517719269,-0.0734764784574509,-0.0663720300222475,-0.1816126075688726,-0.0216879709882135,0.0592721657950301,3.8,54.1,38.8
2017-04,-0.4786924999999999,-0.39191,-0.52992,-0.013255,97.0,-0.5515610170941883,0.49,-0.379925,174.1927712,121.57059,22.82404327392578,0.4473334550857544,0.934882879257202,0.1254098415374755,-0.0180027782917021,-0.1086313987220364,-0.2082022414944465,-0.0833821095474522,-0.0445488853100389,70.8,70.4,31.5
2017-05,-0.5246850000000001,-0.4275525,-0.6033175,-0.022465,97.1,-0.6517740383985471,-0.26,-0.575425,130.7553519,104.17097,-16.8799591064453,-0.386524498462677,-0.5604233741760254,0.0303317904472351,0.2629097551107406,0.0336611320424735,0.1695218669246492,-0.0662562276223128,-0.0764518804789871,23.2,40.6,4.2
2017-06,-0.5636319999999999,-0.4727179999999999,-0.64,-0.04988,95.0,-0.7516689842780827,0.13,-0.6335200000000001,227.6597283,98.75896,24.209053039550756,-0.1486998796463012,0.340339183807373,0.007947415113449,0.2910828590393067,0.0123479143991276,0.0273572250935567,0.0893280059374821,0.0265174020783833,18.7,30.3,-7.3
2017-07,-0.57502,-0.426375,-0.6381074999999999,-0.0790225,93.4,-0.9302304373393973,-0.01,-0.659675,228.2414925,110.7536,-23.97555541992186,0.3642606139183044,-0.2358226776123047,0.2252501249313354,-0.3881681561470032,-0.0291654333659606,-0.0029376779796117,-0.0977294565412429,0.0557521799461881,34.7,19.1,-0.1
2017-08,-0.56105,-0.384525,-0.630055,-0.0742625,96.8,-1.1076228350359385,-0.31,-0.509275,164.6848328,109.17827,35.71815490722656,0.3490173816680908,0.9341378211975098,-0.2666433155536651,-0.1360763609409331,-0.0928704802706137,-0.1871736942366563,-0.2307649082392319,-0.0853657589009064,27.1,28.0,8.6
2017-09,-0.5650499999999999,-0.46033,-0.6213219999999999,-0.076786,95.1,-1.1730494441411252,0.17,-0.61198,206.3844492,96.75077,-22.997169494628903,-0.0367184877395629,-0.6758217811584473,0.0403698086738586,-0.0838048309087754,0.0775975187945094,0.1950229961114493,-0.0346398946603301,0.0769504685174986,-5.3,50.2,17.5
2017-10,-0.600725,-0.5707025,-0.63725,-0.10768,100.7,-1.1993050679475226,0.65,-0.7332,142.533602,102.16057,-24.0728759765625,-0.6136964559555054,-0.7830665111541748,0.073803037405014,0.1014876514673233,-0.0015263987230631,0.0014971024258989,0.382439979044396,-0.0409959288427119,-31.2,59.0,33.0
2017-11,-0.624685,-0.6182275,-0.677005,-0.1100375,98.5,-1.2665818558562714,0.15,-0.73925,206.0377588,94.48961,1.1344451904296875,0.1485814452171325,0.077515840530395,-0.2693644165992737,0.3746461868286134,-0.0296421967435769,-0.0673151495741063,-0.0393846010543511,-0.0006728729123328,-21.7,71.3,26.7
2017-12,-0.629818,-0.62905,-0.69722,-0.104454,95.9,-1.3476265429041134,0.27,-0.66536,167.6842327,111.49723,-9.877761840820312,-0.0221791863441467,-0.1742804050445552,-0.0520381927490234,-0.3592255115509033,0.0105308841766467,-0.0042590961315156,0.1933325974938673,0.0521342892338638,4.4,49.3,29.6
2018-01,-0.6359925,-0.610135,-0.6837,-0.1197675,95.7,-1.4172268480590184,0.12,-0.6696249999999999,265.0796087,123.65156,9.708534240722656,-0.0455946326255798,0.2026252746582031,0.1784296333789825,0.0612929463386535,-0.0112426109753526,0.0191497848888382,-0.1290170835630739,-0.0025032975912174,19.2,35.6,20.0
2018-02,-0.5693825,-0.6219875,-0.5897675,-0.0973074999999999,99.7,-1.3422423717676355,0.88,-0.259325,149.602152,94.00742,-27.93541717529297,-0.3925248384475708,-0.6136507987976072,-0.1229214668273925,-0.1685300618410111,0.0175660900191423,-0.010224303751677,-0.0935481779750719,0.1151694144629864,2.0,2.4,9.1
2018-03,-0.514586,-0.728482,-0.5066499999999999,-0.048558,101.4,-1.3236135773281967,0.1,0.06454,254.1363255,136.33432,47.470924377441406,0.6527986526489258,1.158804416656494,0.3990491330623626,0.1089612096548081,-0.0196225264079938,-0.0427762747780524,0.0031559532252753,0.0189317456230895,93.1,-56.8,11.9
2018-04,-0.51671,-0.760095,-0.51088,-0.044505,98.8,-1.284032395894865,0.34,0.0841,241.739357,108.21374,11.30117797851564,0.1599480509757995,0.6111974716186523,-0.1484462618827819,0.1920905113220214,0.0169385595493463,0.0245517389045315,-0.1096649568252078,0.1186379282408038,47.5,-77.5,-9.9
2018-05,-0.5537725,-0.6254725,-0.572085,-0.0673025,98.0,-1.2223197225826294,-0.15,-0.1937249999999999,210.7990925,124.93665,2.403144836425753,0.4154480695724485,-0.0406489372253413,0.3716033101081849,0.0678984224796295,0.0096212388269194,-0.023092255609066,0.0332032977102827,0.0465466789144854,28.5,-91.4,-21.8
2018-06,-0.5372079999999999,-0.426394,-0.574696,-0.07567,98.2,-1.1027481651319069,0.43,-0.20956,203.0892821,108.6274,-21.69802856445311,-0.3522461652755735,-0.6968319416046147,-0.3668496608734132,-0.239973098039627,0.0333222838990323,0.149154571564942,-0.0192139971066337,-0.0773570546074591,-46.4,-61.0,-20.1
2018-07,-0.544535,-0.349615,-0.5904625,-0.08086,97.9,-0.9821191815219728,0.13,-0.419975,395.6720601,133.08625,6.059837341308594,-0.1442562341690063,0.062619924545288,0.116952896118164,-0.0720848292112351,0.053704528794926,0.0681086737874023,-0.0194815627365475,0.0351511119632488,-32.0,-25.9,-3.8
2018-08,-0.58579,-0.30785,-0.659404,-0.095334,96.2,-0.7764614753469172,0.18,-0.55174,269.4765344,99.13562,2.7132568359375,-0.0616742372512816,0.1228642463684082,-0.2221835553646087,0.1753590553998948,0.0506498228495286,0.1008671516933295,0.0260952778424647,0.0744929007373969,-36.5,1.4,-4.5
2018-09,-0.5981875,-0.236675,-0.6865075,-0.1049475,100.1,-0.5812883156675296,0.17,-0.737075,314.0877032,102.6602,-37.687774658203125,-0.1901751160621644,-0.9896954298019408,-0.2129718810319901,-0.254149578511715,-0.0600528875716164,-0.1688938557527701,0.009917292691385,-0.0205811978271415,-19.2,-31.9,-7.7
2018-10,-0.5653725000000001,-0.202105,-0.6403525,-0.0929474999999999,98.6,-0.3417702940731215,0.24,-0.494325,343.3703494,111.51257,16.962570190429688,0.2652778029441833,0.5706273317337036,0.254920169711113,0.5414895340800285,-0.0559373664951685,-0.0692982700158093,0.0076156425273656,0.027766671049729,-16.7,-57.6,-15.2
2018-11,-0.490836,-0.167066,-0.5637040000000001,-0.021872,97.5,-0.078329601041491,0.22,-0.1738,438.2358972,130.22387,-11.608894348144531,-0.3726106882095337,-0.4436986446380617,-0.1298004984855651,-0.0105897188186645,-0.0103599058325244,-0.0479189029129758,0.0096573211240966,0.0995047650660534,-1.9,-62.9,-19.1
2018-12,-0.402765,-0.135795,-0.5072275,0.0591475,98.3,0.1794989284210688,0.27,0.39485,248.4691029,166.28681,10.200080871582031,0.1512580513954162,0.2887251377105715,0.0109838247299194,-0.2823862135410309,0.0137128176833685,-0.0282925880496103,-0.0357454607072473,0.0269751750783044,-27.6,-71.8,-24.3
2019-01,-0.4582025,-0.233725,-0.55119,0.0258475,91.2,0.5500753610930074,-0.43,-0.0525499999999999,288.099468498562,201.03201,-3.183563232421875,0.1097671389579773,0.0139763355255126,-0.0100078582763671,-0.0516191124916076,-0.0175703967598727,-0.1201976511023973,0.319583016111185,0.0345027138332731,-18.6,-82.6,-18.5
2019-02,-0.5580325,-0.3625725,-0.64403,-0.0448799999999999,93.8,0.792961813921031,-0.29,-0.339975,239.986444362618,106.90066,9.37606048583983,0.1451877355575561,0.1831159591674804,0.2104698419570922,-0.0406747460365295,0.1055558331902239,0.4344411547701392,0.0929326938692991,-0.2561546429086042,-2.0,-58.8,-26.4
2019-03,-0.605004,-0.424024,-0.711998,-0.072474,98.4,1.0063330147724845,-0.15,-0.51384,411.150064266454,140.24737,-14.471870422363269,-0.2999952435493469,-0.5542762279510502,-0.263121783733368,-0.0318886339664458,-0.0282474930196868,-0.0797216301248741,0.0917536625237083,-0.0797482805946482,-27.8,-61.0,-26.2
2019-04,-0.622455,-0.4439125,-0.7317175,-0.07978,97.2,1.0674000909610704,-0.45,-0.694225,319.414764482013,98.7367,-3.0748443603515625,-0.2120847702026367,0.061367511749268,-0.0487149953842163,0.0848686397075652,0.0217112973598188,0.0025654815037796,-0.0992572438506482,0.4047085741311984,53.8,-31.1,-23.5
2019-05,-0.601052,-0.41321,-0.724348,-0.0575739999999999,100.0,1.0542585526299388,-0.05,-0.42596,365.101499996138,122.53876,27.21845245361328,0.6138015389442444,0.838182926177979,0.281736969947815,0.2534484565258026,-0.0619561914977083,-0.1768039044579671,0.0231497232394848,-0.0582200960938965,-12.7,-20.3,-18.8
2019-06,-0.577105,-0.34676,-0.710835,-0.03704,98.2,0.9878096063697158,-0.02,-0.34185,649.072535816154,150.11678,0.1165542602539204,0.1209447383880615,0.0925161838531489,0.0797323584556579,0.1273216605186462,-0.0475621270515582,-0.1218614134075823,0.0334197037074026,-0.0301155253717351,-27.3,-4.4,-27.7
2019-07,-0.585175,-0.23199,-0.7273875,-0.03377,98.4,0.879544136305251,-0.36,-0.47055,375.902337503833,149.9729,-13.067199707031264,-0.5377606153488159,-0.4932041168212886,-0.1079399585723877,-0.3757384717464447,0.0486457814131926,0.1325212038544687,-0.2213066818073392,0.1704356263986008,-13.1,-55.0,-25.6
2019-08,-0.5283939999999999,0.007438,-0.6995279999999999,-0.00287,89.8,0.7370066040703179,0.1,-0.0076999999999999,395.985799059666,190.46323,9.883163452148438,0.4601362943649292,0.3716485500335689,0.0619414448738098,-0.0796389579772949,0.0609426656498455,0.1318518102214552,0.0280311194741196,0.0380119400763903,-0.8,-39.3,-14.0
2019-09,-0.492095,0.14814,-0.6556649999999999,0.0180825,93.2,0.3662876747409584,-0.45,-0.139925,347.394796595017,134.36178,-13.03643035888672,-0.4903678894042969,-0.4135172367095947,-0.1677075922489166,0.6513043344020844,0.1150504637869826,0.3520033222645848,-0.0025786401383262,-0.0124379183040025,-1.7,-72.0,-1.0
2019-10,-0.4904975,0.1092975,-0.6528,-0.00321,95.5,-0.056280967607997,-0.71,0.0416,234.095232475743,118.48822,7.4687423706054545,-0.053674042224884,0.1338109970092778,-0.0503299236297606,-0.483079046010971,0.0362555059551374,0.1294537788735865,-0.1080525098990394,-0.106215398334148,-41.2,-43.1,-10.9
2019-11,-0.559982,-0.0396399999999999,-0.6979339999999999,-0.03984,96.8,-0.6235763534008991,0.56,-0.11888,396.179000284422,131.75071,-24.758346557617173,-0.069671630859375,-0.7292819023132329,-0.0490572154521942,-0.3059787526726722,0.0583333924970228,0.0620491173403154,0.0605354120817067,0.1918805788534807,-34.0,-8.9,-11.3
2019-12,-0.54044,-0.129125,-0.659095,-0.05318,99.3,-1.299164051571271,-0.35,-0.24275,337.921465033862,143.46725,1.201507568359375,-0.0011096596717834,-0.0154227018356323,-0.0406817197799683,0.1816511526703834,0.0140369143545353,-0.0316550471546515,0.0357829767797808,0.0267405923910464,18.5,30.4,-7.3
2020-01,-0.6022259999999999,-0.14403,-0.714842,-0.10244,99.8,-1.958295979562673,-0.25,-0.34192,250.321903500956,131.39109,64.14105224609375,0.655562162399292,1.8991914987564087,0.7517863512039185,0.5069124400615692,0.0383311505132142,0.071124438879101,0.1198304798537537,-0.0180356359795571,62.2,21.1,10.4
2020-02,-0.4929375,0.303755,-0.58219,0.0144649999999999,101.0,-2.5444597141076577,0.16,-0.22165,195.706169373674,160.51565,-62.46538543701172,-0.3836157917976379,-2.1064981222152714,-0.5331900119781494,-0.62466761469841,0.0235121668872093,-0.0134573692069481,0.0303454587002571,0.1333662870767598,43.8,0.4,22.5
2020-03,0.2107925,0.97898,0.0015324999999999,0.5072825,89.1,-3.427760534948677,-4.19,3.901175,219.402508980348,283.14721,5.58447265625,-0.2025452256202697,0.1944516897201538,-0.1697373390197754,-0.0970943570137024,-0.1025447728249041,-0.1025797943892519,-0.1942563676228802,-0.1385336190684484,-176.1,-50.2,-6.8
2020-04,0.3894275,1.01789,0.1119025,0.7552025,71.8,-4.243476987162463,-16.74,2.4898,328.805400300115,268.61639,-12.20063018798828,-0.0677841305732727,-0.1783164739608764,-0.0653502345085144,0.0533887445926666,-0.1740263856305769,-0.4576927249430365,0.0894406283352422,0.0845983011821678,-188.1,-268.5,-79.1
2020-05,-0.06187,0.550732,-0.354576,0.490876,72.3,-1.960737692963495,2.61,0.72516,501.33444442373,350.45982,-0.832183837890625,0.158035397529602,0.1758604049682617,0.0601019263267517,-0.0535166710615158,0.0712310276879488,0.2984054242041376,-0.0162293222027155,0.0452628562991552,-49.7,-275.6,-47.7
2020-06,-0.340855,0.1180775,-0.5532,0.1910774999999999,78.1,-0.6938721898646353,4.11,0.272,421.641110933879,231.2598,2.72064208984375,0.0090438723564147,-0.0559215545654296,-0.0478025376796723,-0.021125078201294,0.0398951934535973,0.101644146695202,0.0825165676072794,-0.0400612612876113,-0.2,-90.2,15.0
2020-07,-0.4469580000000001,-0.161356,-0.5993539999999999,0.08287,72.5,-0.0239045192092539,1.18,0.0461599999999999,324.662566170534,305.96355,-4.75457763671875,0.156554877758026,-0.1126779317855835,-0.0605964213609694,0.0345284715294838,-0.0607625382581721,-0.140330879062795,-0.0455684879689262,-0.0448407249848774,65.0,166.3,90.5
2020-08,-0.520505,-0.20134,-0.6445475,-0.009415,74.1,0.4194728001932185,0.79,-0.21325,451.631087851069,224.42637,-1.007232666015625,-0.2637032866477965,-0.0832366943359375,0.2293206602334975,0.0346104726195335,-0.1125290022834882,-0.2885651722427316,-0.1839972865673713,0.0990491354311724,34.5,132.6,94.1
2020-09,-0.5130425,-0.13115,-0.6272525,-0.02526,80.4,0.5027815498739802,0.27,0.000275,493.402039705619,218.05829,14.911331176757812,0.1969380974769592,0.2423465251922607,0.19548299908638,-0.0260591134428977,0.0187272274047569,0.1124144315230448,0.0201310629872748,-0.0045460539319892,54.0,47.8,89.4
2020-10,-0.503218,-0.092774,-0.614282,-0.019022,81.8,0.3473808043576777,0.83,-0.01372,396.79674987595,249.17362,-4.294212341308594,-0.2107720971107483,-0.0363765954971313,-0.2353263199329376,0.0108253434300421,0.0428790080706842,0.1415296865648729,0.0553049117786752,0.006251394538187,28.7,103.2,82.5
2020-11,-0.5544100000000001,-0.15907,-0.6591075,-0.0583375,76.9,0.0280942252907822,0.27,-0.28565,661.82804828749,246.7071,-6.0157012939453125,-0.2320318818092346,-0.3496084213256836,-0.0661260485649108,0.0237684696912765,-0.1332764373466631,-0.3708115016615666,-0.1636485650162226,0.0319396605874116,31.4,123.7,75.1
2020-12,-0.6069249999999999,-0.27808,-0.7022125,-0.09616,80.7,-0.2027650363643453,0.52,-0.422725,439.123635430217,246.1261,-6.000175476074219,0.1773355603218078,0.122968316078186,0.0662192702293396,0.0842485874891281,-0.0730883207352225,-0.1362551965594719,-0.0778357673629346,-0.1245351657844122,36.3,188.5,85.8
2021-01,-0.6323679999999999,-0.370944,-0.706262,-0.128316,79.0,-0.3922237083540863,0.66,-0.4622799999999999,378.35705309334,207.91242,13.351409912109377,0.1791272163391113,0.4665811061859128,-0.1046814322471619,-0.0228716880083084,0.0260618493472342,0.1194471825751521,-0.1819131712263441,0.0734211714735626,22.6,128.2,77.2
2021-02,-0.6312175,-0.48395,-0.67828,-0.145245,76.8,-0.616343894112798,-1.09,-0.6197,237.408613576867,151.93288,-3.461898803710937,-0.058775782585144,-0.3264093399047849,0.1092020571231842,-0.0008915662765502,0.0169954268355181,-0.0746473141005673,0.071879755897052,0.1063737327155225,2.5,157.3,83.2
2021-03,-0.6457025,-0.6521049999999999,-0.6675325000000001,-0.1538525,84.9,-0.3968651476060686,1.71,-0.530675,302.30058172503,139.8012,4.661964416503906,0.1231756806373596,0.1843372583389282,-0.0299421548843383,0.0289300233125686,0.0215257084783435,0.0501849194605403,-0.0657768739525432,0.0178305762467148,-6.2,173.0,52.6
2021-04,-0.6841079999999999,-0.746148,-0.695346,-0.183358,88.3,-0.6458980195646077,0.24,-0.7725,289.630033571675,124.88952,9.547454833984377,-0.1028257608413696,0.2188514471054079,0.1037034094333648,-0.143271453678608,0.0231441644882373,0.0780180290469063,0.2213441367576982,0.0087449404164827,24.7,164.7,77.5
2021-05,-0.7062575,-0.7297675,-0.73163,-0.196115,82.9,-0.7111031082907262,0.29,-0.7775000000000001,216.860559066636,147.01584,4.840911865234375,-0.0995277166366577,0.0385880470275876,0.052150696516037,0.0070650056004524,0.0354155021391013,-0.0639317034630941,0.2702701790875597,0.095772967352822,-48.6,154.7,71.4
2021-06,-0.710655,-0.66812,-0.76071,-0.1820825,85.5,-0.7435874133563629,0.09,-0.812125,219.762804790051,133.57887,-18.88001251220703,0.0926666855812072,-0.3184159994125366,-0.1371334195137024,0.0112488120794295,0.0068464903025162,0.0002620079931554,-0.0402429518474644,0.1058520620380873,-79.1,104.8,66.7
2021-07,-0.683298,-0.534416,-0.751884,-0.162684,81.2,-0.7744836477206375,0.53,-0.74562,227.924511338185,152.91092,-15.70635223388672,-0.2044066786766052,-0.4485126733779907,-0.1747881472110748,-0.0393757224082946,-0.0304555952036911,-0.2871545439267364,0.1406728017076446,-0.0050955920063958,-40.6,40.4,26.6
2021-08,-0.656005,-0.44696,-0.7342925,-0.14427,70.3,-0.8724917252194487,0.29,-0.73915,294.827804953211,133.81455,31.06578063964844,0.0646107196807861,0.8978655338287358,0.2290110290050507,1.557916402819548e-05,0.0571823467717493,0.0563637919472501,-0.0704917168425138,0.0621131271529473,-43.1,-10.8,-8.8
2021-09,-0.66184,-0.5260275,-0.7303675,-0.14734,72.8,-0.9720200917217356,-0.13,-0.68185,274.950023143039,142.06763,-8.789581298828125,0.2490697503089904,-0.2287260293960573,-0.2100402116775512,0.0402397960424422,0.0322910901891537,-0.0115595246219839,0.2589428924743242,-0.0292135778974675,-65.3,-58.6,-24.4
2021-10,-0.66198,-0.631814,-0.699136,-0.142868,71.7,-1.0735317028317464,0.76,-0.75186,248.473635337268,121.9515,-1.6677322387695312,-0.0762638449668884,-0.2749893665313723,0.0616562664508819,6.419420242310958e-05,-0.0213823561734315,0.0076834599592578,-0.0516130783700331,0.0009821799890055,-64.7,-52.8,-25.1
2021-11,-0.5831525,-0.510355,-0.6104575,-0.113345,67.4,-1.21483980111809,0.37,-0.6713,329.069390994896,151.28684,7.539909362792969,0.0342687964439392,0.2176316976547243,0.4244697988033295,0.024871326982975,0.0786163489945155,0.2333165259120031,0.0233904250470218,0.1000627301374634,10.8,4.0,0.8
2021-12,-0.5415059999999999,-0.42794,-0.577044,-0.087988,70.6,-1.4305316927174323,-0.15,-0.55718,344.003352178407,166.24265,18.776275634765625,0.0679643154144287,0.6162824630737302,0.1437757611274719,0.0201798081398009,0.0791724293960607,0.0735841637219913,0.0453184268081467,0.0726379678770654,20.7,29.8,13.7
2022-01,-0.5560775,-0.4503325,-0.5843175,-0.072945,67.2,-1.6517267537323237,0.69,-0.504625,319.071530807706,139.23758,33.329566955566406,-0.0689483284950256,0.8374807834625244,0.3770474195480346,0.0700385123491287,-0.0548817205316396,0.0075038978138941,-0.2296001171422942,0.0309197789375705,46.0,51.4,26.7
2022-02,-0.4586925,-0.2787925,-0.50385,-0.0055274999999999,62.8,-1.5701415045253788,0.51,-0.339075,167.081875584505,138.05353,77.48402404785156,0.7050144076347351,1.5617990493774414,1.331202268600464,-0.0419696867465972,0.0358196487091304,0.0545610445210196,0.0152288308532697,0.1113181403269503,27.4,67.8,35.8
2022-03,-0.32853,-0.01827,-0.3898975,0.0729875,59.4,-1.4867737832387256,0.44,-0.1435999999999999,359.005178984309,190.01241,102.79591369628906,0.974672794342041,2.021693706512451,0.0902600288391113,0.2812100499868393,0.0162217614530573,-0.0168209206897793,-0.0315764055765516,-0.016861241567818,75.0,44.8,41.5
2022-04,-0.291764,0.176492,-0.340524,0.096256,65.2,-1.3120861877955103,0.47,-0.2903799999999999,337.153789726457,154.66196,-127.8118286132813,-1.349096179008484,-2.93343448638916,-0.9886341094970704,-0.3290806412696839,-0.0314793853450816,-0.0091908341226185,0.0984449124360691,-0.0721349655708231,90.5,53.1,46.6
2022-05,-0.2153074999999999,0.3429875,-0.2547475,0.13064,58.4,-1.2276835900757408,0.01,0.309975,386.750242902272,168.00083,-48.88461303710932,-0.1183267831802368,-0.819541454315186,-0.6269468069076538,-0.0773789137601852,-0.0618890191900227,-0.3098109102125042,0.4052826272784364,-0.052512423021454,-52.1,19.6,11.7
2022-06,-0.1387725,0.506165,-0.1853975,0.185325,50.0,-1.0100655948289652,-0.19,0.01345,328.094950109791,145.97594,-11.551162719726562,-0.1537564396858215,-0.2678956985473628,0.2363457679748535,0.1374373584985733,-0.0114556692483139,0.1222124359978531,-0.0829655920264297,-0.0655798862291439,-24.7,-25.3,-9.0
2022-07,-0.13443,0.594322,-0.222104,0.198174,51.5,-0.5839832323862301,0.27,0.10186,359.977442421623,186.92141,-13.53055572509767,-0.0402522087097168,-0.2933971881866455,-0.3886381387710571,0.2298959493637085,-0.0200246594913811,0.0086501569376973,0.0300574204515251,-0.0751500071945535,-14.8,-63.9,-13.1
2022-08,-0.2054025,0.516105,-0.278925,0.1591075,58.2,-0.235571832602384,0.0,-0.385125,260.880966957428,163.23982,15.686454772949231,0.424273669719696,0.5472965240478516,-0.2847201228141784,-0.2939155623316765,0.0264819700625209,-0.0646554416515344,-0.103881522374892,0.088465498044991,0.7,-25.4,-3.2
2022-09,-0.1194679999999999,0.4946239999999999,-0.165748,0.210208,58.6,0.0590890723055761,0.1,-0.0776999999999999,242.556936393941,174.18347,-0.877349853515625,-0.1005990505218503,-0.2045667171478271,0.3797901868820189,-0.0124193429946899,-0.0375585290688426,-0.0361030452601975,0.1438404459835205,-0.1032948802397883,-29.2,0.2,4.3
2022-10,-0.0551349999999999,0.58576,-0.1199925,0.24624,59.9,0.3653650926621579,-0.05,-0.023575,259.049214802676,177.42313,11.176544189453123,0.0444493293762204,0.4744143486022949,-0.1490681767463683,0.2572630271315574,0.0170759734442658,0.0226841421930477,-0.103347071256663,0.0850387162142816,32.6,18.2,9.8
2022-11,-0.141645,0.5380825,-0.190825,0.1938925,56.7,0.6598565707027402,-0.51,-0.30345,448.588845798041,171.73726,-26.446128845214844,-0.0639058351516723,-0.7054023742675781,-0.1393283009529113,-0.2038465291261673,-0.0600726413127836,0.032454524383962,-0.048526109757404,-0.1528995161248176,5.4,32.5,9.4
2022-12,-0.177102,0.3267799999999999,-0.2331599999999999,0.167688,59.8,0.963354304422298,-0.49,-0.0163,310.496979941266,136.43315,-5.520347595214844,-0.2434162497520446,-0.1427586078643798,-0.1805577874183654,-0.0041654706001282,-0.005171570222975,-0.0541101571126575,0.0231358666491459,-0.0103273383328417,-44.9,67.9,3.9
2023-01,-0.279615,0.0304499999999999,-0.3392199999999999,0.1341149999999999,64.9,1.2743190006038725,0.23,-0.377,275.41359579382,139.12464,-6.928894042968764,-0.2043941020965576,-0.1469616889953613,0.3764078617095947,-0.1169549077749252,0.0426676872498585,0.2825926207049303,0.0966146352337229,-0.0048434986261213,47.2,97.2,22.6
2023-02,-0.3148425,0.01772,-0.3476075,0.1143925,66.9,1.503876544091904,-0.19,-0.480275,364.287677422576,120.13662,16.727333068847685,0.8179591298103333,0.5681900978088379,-0.0966106057167053,0.0958679765462875,0.1291545962288904,0.6585162489505092,-0.0923679611381046,-0.0063742879053562,76.1,61.8,28.2
2023-03,-0.1432979999999999,0.394764,-0.212378,0.1735479999999999,62.0,1.621527111135146,-0.19,0.09972,516.976889834461,147.9425,-15.614402770996108,-0.078294038772583,-0.3511865139007573,-0.1636661291122436,0.2255157381296158,0.0231547557275293,0.0202588221554533,0.049229428914661,0.075663222388904,132.8,50.0,40.1
2023-04,-0.1847825,0.5259325,-0.2652799999999999,0.187305,63.7,1.6967534834287847,0.07,-0.3902249999999999,392.605046550195,127.42137,1.4296798706054688,-0.1836833953857422,-0.1792535781860347,-0.0272696614265441,0.0494362711906433,0.2197627727182589,0.7693369717131353,0.0957972659237771,-0.0634891734205377,148.3,15.2,26.2
2023-05,-0.233045,0.578065,-0.36016,0.161235,59.0,1.6929957075995294,-0.15,-0.41285,233.991581001473,156.19287,1.6580276489257812,-0.1412267684936523,0.0633022785186767,0.0083591938018798,-0.0818332433700561,-0.1318421292638002,-0.2053876847119088,-0.1387978874186081,-0.1099469521792794,1.7,-62.9,0.1
2023-06,-0.2485,0.644472,-0.370898,0.12653,64.2,1.6003324374176422,-0.32,-0.6159399999999999,290.407627065338,141.05706,2.061264038085937,-0.0262855291366577,-0.0493130683898925,0.0793332457542419,-0.1252483725547791,-0.078691716848571,-0.2287182036442924,-0.0129203192444727,0.0712792623208362,-54.7,-144.9,-8.5
2023-07,-0.2781075,0.477505,-0.38871,0.106475,71.5,1.4719707319641746,0.12,-0.7368,233.748247068568,113.79255,-3.080162048339844,-0.0832555890083313,0.0249891281127929,0.0106083154678344,-0.1148192360997199,-0.0597904588939676,-0.1507989145490468,-0.016973854437414,-0.0190780894340745,-72.8,-116.0,-3.4
2023-08,-0.340275,0.122825,-0.4336975,0.0919325,69.4,1.3486647437324175,-0.16,-0.67655,227.150058523315,84.49314,-6.3076019287109375,0.0140445828437806,-0.3239228725433349,-0.2285879254341125,0.1738133206963539,-0.0419463326722148,-0.1568565824764645,-0.0811639764880807,-0.0089921405583051,-47.0,-58.1,2.0
2023-09,-0.366664,-0.10832,-0.441526,0.091118,67.8,1.3265753174675723,0.02,-0.6721,249.484819266559,108.39746,-2.5063705444335795,0.093987464904785,0.0604078769683837,-0.0255627930164337,-0.0189089924097062,-0.0045757135418512,0.0052811606419846,-0.0320609483518228,-0.0141082635425467,-6.0,-54.0,8.6
2023-10,-0.329495,-0.0913725,-0.4169525,0.1097925,63.8,1.332209888083176,-0.49,-0.418725,160.979522290178,117.69793,99.252197265625,-0.0439530611038205,2.204333066940308,0.3404241502285003,0.5461232215166093,0.1712620051872169,0.6016045345144321,-0.0314207223902113,0.0216100065860016,13.4,-45.5,18.9
2023-11,-0.3669975,-0.0694625,-0.461695,0.09147,61.3,1.404350632102479,0.03,-0.6711750000000001,229.345970653544,125.4752,-41.19087219238281,-0.1190345883369449,-0.6947774887084961,-0.4687449932098388,-0.5000360608100891,0.028982933080345,0.1023539004307003,-0.0034917293243722,-0.0843320965194335,5.5,-30.6,10.2
2023-12,-0.4195719999999999,-0.15239,-0.511584,0.046654,69.7,1.4402577670101715,-0.15,-0.49334,312.794116000289,105.77133,-14.416671752929688,-0.2183611392974852,-0.3055908679962158,0.189505934715271,-0.0173595249652862,-0.0001728179253958,0.0155105217413631,-0.0183641394660409,0.0006952430325,-8.5,-41.0,-0.2
2024-01,-0.4750675,-0.31846,-0.5496925,0.0111275,79.0,1.3954331812879728,-0.3,-0.72705,356.97471648219,121.96395,17.8853759765625,0.2692166566848755,0.4276306629180908,0.0237115621566772,0.286921352148056,-0.0236436395737051,-0.0963390205881585,0.0823273720162953,0.0969075941623391,-9.0,-1.1,5.4
2024-02,-0.4991775,-0.4298125,-0.5567375,-0.0159275,76.9,1.3953747115132644,0.05,-0.66905,170.818001770421,87.23672,-13.662506103515623,-0.1992181539535522,-0.4582259654998779,0.1675608158111572,-0.2825234830379486,0.0083776686375811,-0.0071749240042576,0.109429015291685,0.0317280784026765,9.1,37.3,18.9
2024-03,-0.510804,-0.511976,-0.544226,-0.037268,79.4,1.3133343767570131,0.15,-0.87454,242.846612100357,93.20401,-13.48541259765625,0.1061365604400634,-0.4536161422729488,-0.0494413971900939,-0.0847589671611786,0.0158844686490406,0.0264578907171639,0.0101140337562659,0.0183249676683519,21.2,42.8,25.6
2024-04,-0.501205,-0.5831625,-0.5213925,-0.036745,77.2,1.3193373817553409,-0.23,-0.72965,166.740435130865,106.48626,30.71942138671875,0.1665063500404358,1.072311162948608,0.0647093057632446,0.1959648132324219,-0.013976220606136,-0.0201555502635856,0.0304814268652813,-0.0506958487683638,19.7,29.9,20.9
2024-05,-0.534988,-0.587526,-0.565648,-0.046834,69.1,1.2932695555948448,0.18,-0.8943999999999999,206.280442270518,103.8162,-33.32615661621094,-0.1091442108154296,-0.9076495170593262,-0.2447589933872223,-0.1356878876686096,-0.0332568318031493,-0.1200935157936241,-0.0214858955666906,0.0232904720479332,-3.4,27.5,7.3
2024-06,-0.544345,-0.5203475,-0.602655,-0.048675,68.2,1.196716500304749,0.05,-0.84025,124.295466936886,115.8524,-17.52877807617189,-0.0411041975021362,-0.4164464473724365,-0.0265494883060455,-0.1045239567756652,0.0128707821944529,0.0207265049416345,-0.0598878416704655,-0.0014001041039158,-4.0,-14.2,-3.1
2024-07,-0.5358275,-0.47504,-0.5989125,-0.036765,66.4,1.134123074476454,-0.34,-0.733,278.561630309805,116.29613,-20.48653411865233,-0.1611404418945312,-0.5944545269012451,-0.0190772712230682,-0.0105253309011459,0.0440742611478104,0.0656222528820262,-0.0189772133266219,0.0809252610154636,-24.9,-49.0,-14.0
2024-08,-0.51392,-0.504906,-0.57392,-0.0295059999999999,67.9,0.9766838174303824,0.12,-0.50322,207.982325897929,112.31229,48.24449920654297,-0.0940935015678405,1.1125714778900146,-0.0073587596416472,0.1176536828279495,0.0054449039429684,-0.1696880540916783,0.4177885457518238,0.107945493816709,-38.0,-50.9,-19.2
2024-09,-0.547115,-0.6465425,-0.5824525,-0.0435,70.1,0.7521211482266318,-0.28,-0.3515,223.656415028356,105.89523,-10.565200805664062,0.1285246610641479,-0.2413432598114013,0.0704515576362609,-0.1097421646118164,-0.0329606997650955,0.0182810439961087,0.024115687415025,-0.1563848413847673,-41.2,-56.8,-16.1
2024-10,-0.553725,-0.66478,-0.5758675,-0.060035,70.5,0.5653408538503026,-0.4,-0.5342,228.078182581377,95.29997,0.6231231689453125,0.2096568346023559,0.0646586418151855,0.0561195015907287,0.1534195244312287,0.0287251521939755,-0.0421906558459493,0.1926668971098981,0.2417798875143311,-3.7,-0.6,4.1
2024-11,-0.558928,-0.4646519999999999,-0.5988100000000001,-0.086782,71.8,0.3453559415019491,-0.12,-0.57756,233.826349569436,160.52062,-2.32061767578125,0.0171489715576171,0.1223921775817871,0.1480768918991089,-0.0890569090843201,0.1446475916569265,0.2884902583383462,0.0135494683628478,-0.0723875731017993,20.0,-23.9,-1.5
2024-12,-0.5689725,-0.396795,-0.620395,-0.100305,74.0,0.146273759147301,0.15,-0.56305,364.407874729867,156.89088,13.61962890625,-0.1533994078636169,0.1480824947357177,-0.1703423261642456,0.1265260875225067,0.1505211390109766,0.3646192508951096,-0.1449182823536944,0.0708148228932261,22.3,-12.1,-5.8
2025-01,-0.612204,-0.5362720000000001,-0.639828,-0.1263099999999999,71.7,-0.1351835221226846,-0.03,-0.8032,256.9,167.38864,-29.618392944335938,0.0145518779754638,-0.5709991455078125,0.0002009868621826,-0.0951911211013794,0.0674541190328417,0.2311849485614929,-0.0299009481618847,-0.0940910259457867,-0.3,-0.6,3.7
2025-02,-0.601565,-0.54759,-0.618045,-0.1227325,64.7,-0.288261602316025,0.18,-0.7101999999999999,241.6,228.62756,23.98504638671875,0.2467086315155029,0.7861974239349365,0.6142740249633789,0.4375493228435517,0.0216881253443568,0.0186370339318622,-0.0745544752275404,0.0219644636033327,-8.0,22.9,6.5
2025-03,-0.5202275,-0.41328,-0.5629325,-0.05038,57.0,-0.2631352721612954,-0.03,-0.467075,426.836801735043,296.92294,38.28739929199219,-0.0316650867462158,0.9500398635864258,-0.1911478042602539,0.1139639019966125,0.1955131660349855,0.2193680368803046,0.3055091429048409,0.5535293677916253,1.6,18.4,8.0
