Date,CapEx,Assets,Variable Costs,Revenue,Net Income,CapEx / Sales,Operating Leverage (DOL),CapEx,Assets,Variable Costs,Revenue,Net Income,CapEx / Sales,Operating Leverage (DOL),CapEx,Assets,Variable Costs,Revenue,Net Income,CapEx / Sales,Operating Leverage (DOL),CapEx,Assets,Variable Costs,Revenue,Net Income,CapEx / Sales,Operating Leverage (DOL),CapEx,Assets,Variable Costs,Revenue,Net Income,CapEx / Sales,Operating Leverage (DOL)
,AAL,AAL,AAL,AAL,AAL,AAL,AAL,CAR,CAR,CAR,CAR,CAR,CAR,CAR,GNRC,GNRC,GNRC,GNRC,GNRC,GNRC,GNRC,ALB,ALB,ALB,ALB,ALB,ALB,ALB,BA,BA,BA,BA,BA,BA,BA
31/12/2016,5731,51274,6605,9789,289,0.58545306,0.32526305,2147,17643,1022,1879,-31,1.142629058,0.456093667,30.467,1861.684,257.647,417.421,41.509,0.072988661,0.382764643,196.654,8161.207,406.019,696.655,602.09,0.282283196,0.417187848,2613,89997,18905,23286,1631,0.112213347,0.188138796
31/03/2017,1714,52627,6774,9820,340,0.174541752,0.310183299,1028,18978,1079,1839,-107,0.558999456,0.41326808,3.548,1867.265,216.271,330.485,12.175,0.010735737,0.34559511,54.143,7366.468,399.65,722.063,51.213,0.074983762,0.44651644,466,89673,17592,21961,1579,0.021219434,0.198943582
30/06/2017,3194,53336,7122,11227,864,0.284492741,0.365636412,3143,20832,1189,2238,3,1.40437891,0.468722073,10.03,1887.53,256.097,394.875,25.291,0.025400443,0.351447927,97.765,7291.989,402.475,737.258,103.333,0.132606225,0.454092055,905,90036,18201,23051,1749,0.03926077,0.210403019
30/09/2017,4563,52401,7226,10964,661,0.416180226,0.340933966,2938,19873,1323,2752,245,1.067587209,0.519258721,16.658,2000.974,294.963,460.966,39.435,0.036137155,0.360119835,187.519,7523.3,416.812,754.866,118.67,0.248413626,0.447833125,1304,91007,19415,24223,1810,0.053833134,0.198489039
31/12/2017,5971,51396,7278,10611,-583,0.562717934,0.314108001,2135,17699,1117,2019,220,1.057454185,0.44675582,33.261,2019.964,304.129,493.047,80.907,0.0674601,0.383164283,317.703,7750.772,495.386,857.789,-218.366,0.3703743,0.422485017,1739,92333,19287,24770,3320,0.070205894,0.22135648
31/03/2018,779,53280,7396,10401,159,0.074896645,0.288914527,1711,19222,1148,1968,-87,0.869410569,0.416666667,6.496,2077.468,252.113,400.091,33.645,0.016236306,0.369860857,131.815,7556.34,464.22,821.629,131.76,0.16043129,0.435000469,394,113549,18307,23382,2477,0.016850569,0.217047301
30/06/2018,1731,52622,7974,11643,557,0.148673022,0.315124968,3667,20919,1239,2328,26,1.575171821,0.467783505,12.326,2209.275,312.99,497.581,53.261,0.024771846,0.370976786,280.945,7538.363,491.144,853.874,302.461,0.329023954,0.424805065,770,113195,19012,24258,2196,0.031742106,0.216258554
30/09/2018,2736,52635,8230,11559,372,0.236698676,0.288000692,3484,19741,1366,2778,213,1.254139669,0.508279338,25.577,2332.673,355.891,562.388,75.776,0.045479278,0.367178887,471.675,7487.195,445.004,777.748,129.745,0.606462505,0.427830094,1227,114659,20499,25146,2363,0.048795037,0.184800764
31/12/2018,3745,60580,7765,10938,324,0.342384348,0.290089596,3172,19149,1139,2050,13,1.547317073,0.444390244,47.601,2426.314,352.134,563.404,75.575,0.084488218,0.374988463,699.991,7581.674,552.128,921.699,129.596,0.759457263,0.400967127,1722,117359,21489,28341,3424,0.06076003,0.241769874
31/03/2019,1305,60787,7646,10584,185,0.12329932,0.277588813,1350,22902,1128,1920,-91,0.703125,0.4125,15.902,2473.722,300.913,470.353,44.861,0.03380865,0.360240075,216.132,7871.062,498.895,832.064,133.569,0.259754057,0.400412709,501,120209,18106,22917,2149,0.0218615,0.209931492
30/06/2019,2323,61967,8190,11960,662,0.194230769,0.315217391,3059,24455,1278,2337,62,1.308943089,0.453145058,34.376,2523.109,338.589,541.916,61.958,0.063434185,0.375200216,415.626,8094.414,506.09,885.052,154.198,0.469606306,0.428180491,922,126261,17248,21361,-2942,0.043162773,0.192547165
30/09/2019,3129,61175,8264,11911,425,0.262698346,0.306187558,2973,23108,1363,2753,189,1.079912822,0.504903741,45.447,2594.121,375.53,601.135,75.574,0.075601986,0.375298394,608.456,8141.603,515.293,879.747,155.07,0.691626115,0.414271376,1387,132598,16339,20010,1167,0.069315342,0.183458271
31/12/2019,4268,59995,7927,11313,414,0.377265093,0.299301688,2677,23126,1228,2162,142,1.238205365,0.432007401,60.802,2665.669,359.287,590.932,69.614,0.102891703,0.391999418,851.796,9860.863,596.187,992.564,90.391,0.858177407,0.399346541,1834,133625,17774,20530,-1010,0.089332684,0.134242572
31/03/2020,845,58580,7541,8515,-2241,0.099236641,0.114386377,1297,23552,1107,1753,-158,0.739874501,0.368511124,12.894,2654.077,295.159,475.915,44.46,0.027093073,0.379807319,214.529,9847.638,442.433,738.845,107.204,0.290357247,0.401182927,428,143075,15266,16878,-628,0.025358455,0.095508947
30/06/2020,1233,64544,4538,1622,-2067,0.760172626,-1.797780518,-449,21690,592,760,-481,-0.590789474,0.221052632,26.332,2767.625,322.411,546.848,66.145,0.04815232,0.410419349,418.991,10170.253,472.849,764.049,85.624,0.548382368,0.381127388,776,162872,11422,12358,-2376,0.062793332,0.075740411
30/09/2020,1810,62773,5191,3172,-2399,0.570617907,-0.636506936,-2562,19596,867,1534,45,-1.670143416,0.434810952,33.94,2974.075,415.746,701.355,114.97,0.048392041,0.407224587,621.371,10231.983,434.133,746.868,98.301,0.831968969,0.418728611,1038,161261,11940,13988,-449,0.074206463,0.14641121
31/12/2020,1958,62008,5237,4028,-2178,0.486097319,-0.300148957,-3258,17538,828,1355,-90,-2.404428044,0.388929889,62.128,3235.423,451.134,761.082,125.001,0.081631151,0.407246525,850.477,10450.946,550.657,879.147,84.635,0.967388844,0.373646273,1303,152136,19911,15432,-8420,0.08443494,-0.290241058
31/03/2021,-19,68649,5820,4008,-1250,-0.004740519,-0.452095808,1365,18609,859,1372,-170,0.994897959,0.373906706,27.469,3422.138,476.362,807.434,148.993,0.034020118,0.410029798,179.683,10290.302,503.344,829.291,95.677,0.216670626,0.393042973,291,150035,12695,15247,-537,0.019085722,0.167377189
30/06/2021,-118,72464,6697,7478,19,-0.01577962,0.10443969,3925,22013,1085,2371,398,1.655419654,0.542387178,54.222,3706.926,570.069,919.981,127.036,0.058938174,0.380346985,396.915,10796.926,464.056,773.896,424.6,0.512878991,0.400363873,513,148935,13513,16960,587,0.030247642,0.203242925
30/09/2021,25,68437,7448,8969,170,0.002787379,0.169584123,4788,21610,1269,3001,675,1.595468177,0.577140953,87.456,4100.43,595.694,942.698,131.57,0.092772022,0.368096676,652.739,10832.325,519.211,830.566,-392.781,0.785896605,0.374870871,758,146846,12435,15285,-109,0.049591102,0.186457311
31/12/2021,412,66467,8004,9427,-932,0.043704254,0.150949401,6085,22600,1198,2569,382,2.368625924,0.533670689,109.992,4877.78,692.822,1067.071,142.895,0.103078427,0.350725491,953.667,10974.118,578.875,894.204,-3.824,1.066498249,0.352636535,980,138552,16095,14780,-4143,0.066305819,-0.088971583
31/03/2022,807,67401,8276,8899,-1635,0.090684347,0.070007866,1148,23573,1186,2432,529,0.472039474,0.512335526,28.2,5151.533,762.701,1135.856,113.858,0.024827091,0.328523158,231.698,11416.058,612.124,1127.728,253.383,0.205455571,0.457205993,349,135801,12652,13991,-1219,0.024944607,0.095704381
30/06/2022,1405,67963,9933,13422,476,0.104678885,0.259946357,3751,26095,1383,3244,778,1.156288533,0.573674476,46.503,5472.951,821.184,1291.391,156.359,0.036010008,0.364108934,502.607,12520.405,827.676,1479.593,406.773,0.33969274,0.440605626,612,135479,13670,16681,193,0.036688448,0.180504766
30/09/2022,1860,66652,10064,13462,483,0.138166691,0.252414203,3458,25197,1502,3547,1034,0.974908373,0.576543558,64.833,5246.293,713.74,1088.258,58.27,0.059575027,0.344144495,815.934,13828.502,967.578,2091.805,897.215,0.390062171,0.5374435,896,137558,15837,15956,-3275,0.056154425,0.00745801
31/12/2022,2906,64716,9358,13188,803,0.220351835,0.290415529,4131,25927,1360,2771,423,1.490797546,0.509202454,86.188,5169.462,692.287,1049.232,71.015,0.082143892,0.340196448,1261.646,15456.522,1534.098,2620.978,1132.445,0.48136459,0.4146849,1222,137100,17187,19980,-634,0.061161161,0.13978979
31/03/2023,505,66786,9274,12189,10,0.041430798,0.239150053,1641,27388,1345,2557,312,0.641767697,0.473992961,23.977,5211.132,601.283,887.91,12.43,0.027003863,0.32281087,415.608,17564.358,1216.441,2580.252,1238.58,0.161072639,0.528557288,468,136347,15036,17921,-414,0.026114614,0.16098432
30/06/2023,1244,67260,9340,14055,1338,0.088509427,0.335467805,5009,31395,1515,3123,435,1.6039065,0.514889529,53.9,5321.971,657.145,1000.42,45.198,0.053877372,0.343130885,919.295,19109.668,1718.618,2370.19,650.043,0.387857092,0.274902856,764,134774,16906,19751,-149,0.038681586,0.14404334
30/09/2023,1753,65711,10225,13482,-545,0.130025219,0.241581368,6683,32304,1591,3564,626,1.875140292,0.55359147,77.718,5166.341,678.647,1070.667,60.377,0.072588396,0.36614559,1465.193,18883.354,2150.217,2310.596,302.533,0.634119076,0.06941023,1096,134281,16048,18104,-1636,0.060539107,0.113566063
31/12/2023,2596,63058,9877,13062,19,0.19874445,0.243837085,7055,32569,1391,2764,259,2.552460203,0.496743849,129.06,5093.312,657.753,1063.67,96.601,0.121334624,0.381619299,2149.281,18270.652,2916.074,2356.165,-617.68,0.912194604,-0.237635734,1527,137012,18692,22018,-23,0.069352348,0.151058225
31/03/2024,824,64384,10000,12570,-312,0.065552904,0.204455052,1524,33528,1379,2551,-114,0.597412779,0.459427675,26.82,5129.52,555.742,889.273,26.232,0.030159467,0.375060302,579.322,19032.333,1198.047,1360.736,2.448,0.425741657,0.119559562,567,134484,14171,17012,-343,0.033329415,0.166999765
30/06/2024,1475,64125,10302,14334,717,0.102902191,0.281289242,2566,33882,1571,3048,14,0.841863517,0.484580052,54.772,5118.566,604.547,998.197,59.115,0.054870932,0.394361033,1026.936,18388.282,1302.684,1430.385,-188.198,0.71794377,0.089277362,971,142720,15119,16866,-1439,0.057571446,0.103581169
30/09/2024,1943,63528,10308,13647,-149,0.142375614,0.244669158,2635,32749,1616,3480,237,0.757183908,0.535632184,83.399,5186.939,682.299,1173.563,113.742,0.071064783,0.418608971,1330.062,17455.186,1295.224,1354.692,-1068.992,0.981818746,0.043897801,1582,137695,20851,17840,-6170,0.08867713,-0.168778027
31/12/2024,2683,61783,9891,13660,590,0.196412884,0.275915081,2668,29041,1586,2710,-1958,0.984501845,0.414760148,136.733,5109.331,713.595,1234.801,117.226,0.110732823,0.422097164,1685.79,16609.649,926.594,1231.713,75.293,1.368654873,0.247719233,2230,156363,16322,15242,-3865,0.146306259,-0.070856843
31/03/2025,824,62609,10126,12551,-473,0.065652139,0.193211696,729,29044,1381,2430,-505,0.3,0.431687243,30.937,5060.454,549.483,942.121,43.84,0.032837608,0.416759631,182.624,16999.258,758.828,1076.881,41.348,0.169586055,0.295346468,674,156494,16613,19496,-37,0.034571194,0.147876487
